"Lithium, Cobalt & Sliver 4"
"Current date: 04/23/2026 3:12 PM (Eastern Daylight Time)"
"Commodity","Country","Time","Customs Value (Gen) ($US)",
"2525 Mica, Including Splittings; Mica Waste","Brazil","May 2012","4,663"
"2525 Mica, Including Splittings; Mica Waste","Brazil","January 2013","2,100"
"2525 Mica, Including Splittings; Mica Waste","Brazil","July 2013","28,672"
"2525 Mica, Including Splittings; Mica Waste","Brazil","February 2014","49,190"
"2525 Mica, Including Splittings; Mica Waste","Brazil","March 2014","121,830"
"2525 Mica, Including Splittings; Mica Waste","Brazil","May 2014","72,640"
"2525 Mica, Including Splittings; Mica Waste","Brazil","July 2014","54,480"
"2525 Mica, Including Splittings; Mica Waste","Brazil","September 2014","108,960"
"2525 Mica, Including Splittings; Mica Waste","Brazil","November 2014","118,040"
"2525 Mica, Including Splittings; Mica Waste","Brazil","March 2015","45,400"
"2525 Mica, Including Splittings; Mica Waste","Brazil","April 2015","72,640"
"2525 Mica, Including Splittings; Mica Waste","Brazil","May 2015","45,400"
"2525 Mica, Including Splittings; Mica Waste","Brazil","June 2015","36,320"
"2525 Mica, Including Splittings; Mica Waste","Brazil","July 2015","36,320"
"2525 Mica, Including Splittings; Mica Waste","Brazil","August 2015","65,250"
"2525 Mica, Including Splittings; Mica Waste","Brazil","September 2015","54,480"
"2525 Mica, Including Splittings; Mica Waste","Brazil","December 2015","36,320"
"2525 Mica, Including Splittings; Mica Waste","Brazil","January 2016","36,320"
"2525 Mica, Including Splittings; Mica Waste","Brazil","March 2016","36,320"
"2525 Mica, Including Splittings; Mica Waste","Brazil","May 2016","123,680"
"2525 Mica, Including Splittings; Mica Waste","Brazil","June 2016","127,040"
"2525 Mica, Including Splittings; Mica Waste","Brazil","September 2016","126,120"
"2525 Mica, Including Splittings; Mica Waste","Brazil","October 2016","123,680"
"2525 Mica, Including Splittings; Mica Waste","Brazil","November 2016","123,680"
"2525 Mica, Including Splittings; Mica Waste","Brazil","January 2017","263,660"
"2525 Mica, Including Splittings; Mica Waste","Brazil","April 2017","139,140"
"2525 Mica, Including Splittings; Mica Waste","Brazil","May 2017","3,200"
"2525 Mica, Including Splittings; Mica Waste","Brazil","June 2017","123,680"
"2525 Mica, Including Splittings; Mica Waste","Brazil","August 2017","123,680"
"2525 Mica, Including Splittings; Mica Waste","Brazil","October 2017","139,140"
"2525 Mica, Including Splittings; Mica Waste","Brazil","December 2017","132,235"
"2525 Mica, Including Splittings; Mica Waste","Brazil","January 2018","11,600"
"2525 Mica, Including Splittings; Mica Waste","Brazil","February 2018","123,680"
"2525 Mica, Including Splittings; Mica Waste","Brazil","May 2018","61,840"
"2525 Mica, Including Splittings; Mica Waste","Brazil","June 2018","61,840"
"2525 Mica, Including Splittings; Mica Waste","Brazil","July 2018","73,440"
"2525 Mica, Including Splittings; Mica Waste","Brazil","August 2018","65,871"
"2525 Mica, Including Splittings; Mica Waste","Brazil","October 2018","11,600"
"2525 Mica, Including Splittings; Mica Waste","Brazil","November 2018","185,520"
"2525 Mica, Including Splittings; Mica Waste","Brazil","December 2018","355,580"
"2525 Mica, Including Splittings; Mica Waste","Brazil","January 2019","122,098"
"2525 Mica, Including Splittings; Mica Waste","Brazil","February 2019","30,920"
"2525 Mica, Including Splittings; Mica Waste","Brazil","March 2019","42,520"
"2525 Mica, Including Splittings; Mica Waste","Brazil","May 2019","95,840"
"2525 Mica, Including Splittings; Mica Waste","Brazil","July 2019","47,920"
"2525 Mica, Including Splittings; Mica Waste","Brazil","September 2019","47,920"
"2525 Mica, Including Splittings; Mica Waste","Brazil","October 2019","47,920"
"2525 Mica, Including Splittings; Mica Waste","Brazil","November 2019","59,520"
"2525 Mica, Including Splittings; Mica Waste","Brazil","December 2019","47,920"
"2525 Mica, Including Splittings; Mica Waste","Brazil","January 2020","56,240"
"2525 Mica, Including Splittings; Mica Waste","Brazil","March 2020","64,360"
"2525 Mica, Including Splittings; Mica Waste","Brazil","May 2020","119,520"
"2525 Mica, Including Splittings; Mica Waste","Brazil","September 2020","89,640"
"2525 Mica, Including Splittings; Mica Waste","Brazil","October 2020","74,700"
"2525 Mica, Including Splittings; Mica Waste","Brazil","November 2020","70,000"
"2525 Mica, Including Splittings; Mica Waste","Brazil","December 2020","137,400"
"2525 Mica, Including Splittings; Mica Waste","Brazil","January 2021","70,906"
"2525 Mica, Including Splittings; Mica Waste","Brazil","February 2021","67,400"
"2525 Mica, Including Splittings; Mica Waste","Brazil","March 2021","202,200"
"2525 Mica, Including Splittings; Mica Waste","Brazil","May 2021","101,300"
"2525 Mica, Including Splittings; Mica Waste","Brazil","July 2021","101,300"
"2525 Mica, Including Splittings; Mica Waste","Brazil","November 2021","74,700"
"2525 Mica, Including Splittings; Mica Waste","Brazil","January 2022","78,101"
"2525 Mica, Including Splittings; Mica Waste","Brazil","February 2022","149,400"
"2525 Mica, Including Splittings; Mica Waste","Brazil","May 2022","74,700"
"2525 Mica, Including Splittings; Mica Waste","Brazil","June 2022","3,900"
"2525 Mica, Including Splittings; Mica Waste","Brazil","July 2022","160,600"
"2525 Mica, Including Splittings; Mica Waste","Brazil","October 2022","171,800"
"2525 Mica, Including Splittings; Mica Waste","Brazil","November 2022","171,800"
"2525 Mica, Including Splittings; Mica Waste","Brazil","December 2022","343,600"
"2525 Mica, Including Splittings; Mica Waste","Brazil","January 2023","227,338"
"2525 Mica, Including Splittings; Mica Waste","Brazil","February 2023","103,080"
"2525 Mica, Including Splittings; Mica Waste","Brazil","March 2023","103,080"
"2525 Mica, Including Splittings; Mica Waste","Brazil","April 2023","206,160"
"2525 Mica, Including Splittings; Mica Waste","Brazil","May 2023","19,536"
"2525 Mica, Including Splittings; Mica Waste","Brazil","June 2023","103,080"
"2525 Mica, Including Splittings; Mica Waste","Brazil","August 2023","19,536"
"2525 Mica, Including Splittings; Mica Waste","Brazil","December 2023","247,800"
"2525 Mica, Including Splittings; Mica Waste","Brazil","January 2024","123,900"
"2525 Mica, Including Splittings; Mica Waste","Brazil","February 2024","11,287"
"2525 Mica, Including Splittings; Mica Waste","Brazil","March 2024","123,900"
"2525 Mica, Including Splittings; Mica Waste","Brazil","April 2024","123,900"
"2525 Mica, Including Splittings; Mica Waste","Brazil","May 2024","123,900"
"2525 Mica, Including Splittings; Mica Waste","Brazil","July 2024","123,900"
"2525 Mica, Including Splittings; Mica Waste","Brazil","August 2024","22,070"
"2525 Mica, Including Splittings; Mica Waste","Brazil","October 2024","39,494"
"2525 Mica, Including Splittings; Mica Waste","Brazil","November 2024","145,970"
"2525 Mica, Including Splittings; Mica Waste","Brazil","May 2025","22,690"
"2525 Mica, Including Splittings; Mica Waste","Brazil","August 2025","20,126"
"2525 Mica, Including Splittings; Mica Waste","Brazil","September 2025","27,535"
"2525 Mica, Including Splittings; Mica Waste","Brazil","October 2025","45,380"
"2525 Mica, Including Splittings; Mica Waste","Brazil","November 2025","22,690"
"2525 Mica, Including Splittings; Mica Waste","Colombia","May 2018","13,832"
"2525 Mica, Including Splittings; Mica Waste","Colombia","June 2018","10,400"
"2525 Mica, Including Splittings; Mica Waste","Colombia","June 2019","6,058"
"2525 Mica, Including Splittings; Mica Waste","Colombia","November 2019","6,916"
"2525 Mica, Including Splittings; Mica Waste","Colombia","January 2020","6,916"
"2525 Mica, Including Splittings; Mica Waste","Colombia","June 2020","3,458"
"2525 Mica, Including Splittings; Mica Waste","Colombia","July 2020","2,600"
"2525 Mica, Including Splittings; Mica Waste","Colombia","August 2020","6,916"
"2525 Mica, Including Splittings; Mica Waste","Colombia","September 2020","5,200"
"2525 Mica, Including Splittings; Mica Waste","Colombia","October 2020","3,458"
"2525 Mica, Including Splittings; Mica Waste","Colombia","November 2020","4,420"
"2525 Mica, Including Splittings; Mica Waste","Colombia","June 2021","3,458"
"2525 Mica, Including Splittings; Mica Waste","Colombia","July 2021","3,458"
"2525 Mica, Including Splittings; Mica Waste","Colombia","September 2021","5,824"
"2525 Mica, Including Splittings; Mica Waste","Colombia","October 2021","77,612"
"2525 Mica, Including Splittings; Mica Waste","Colombia","January 2022","6,916"
"2525 Mica, Including Splittings; Mica Waste","Colombia","February 2022","5,824"
"2525 Mica, Including Splittings; Mica Waste","Colombia","March 2022","10,326"
"2525 Mica, Including Splittings; Mica Waste","Colombia","May 2022","13,832"
"2525 Mica, Including Splittings; Mica Waste","Colombia","June 2022","3,458"
"2525 Mica, Including Splittings; Mica Waste","Colombia","July 2022","13,832"
"2525 Mica, Including Splittings; Mica Waste","Colombia","August 2022","10,374"
"2525 Mica, Including Splittings; Mica Waste","Colombia","October 2022","6,916"
"2525 Mica, Including Splittings; Mica Waste","Colombia","December 2022","5,850"
"2525 Mica, Including Splittings; Mica Waste","Colombia","January 2023","14,839"
"2525 Mica, Including Splittings; Mica Waste","Colombia","February 2023","5,850"
"2525 Mica, Including Splittings; Mica Waste","Colombia","March 2023","7,748"
"2525 Mica, Including Splittings; Mica Waste","Colombia","April 2023","3,874"
"2605 Cobalt Ores And Concentrates","Brazil","January 2013","129,960"
"2616 Precious Metal Ores And Concentrates","Bolivia","August 2012","240,397"
"2616 Precious Metal Ores And Concentrates","Chile","February 2025","2,794"
"2616 Precious Metal Ores And Concentrates","Colombia","January 2023","103,695"
"2616 Precious Metal Ores And Concentrates","Colombia","February 2023","92,484"
"2616 Precious Metal Ores And Concentrates","Colombia","May 2023","245,862"
"2616 Precious Metal Ores And Concentrates","Ecuador","February 2013","31,300"
"2616 Precious Metal Ores And Concentrates","Ecuador","March 2013","10,120"
"2616 Precious Metal Ores And Concentrates","Ecuador","April 2013","701,982"
"2616 Precious Metal Ores And Concentrates","Ecuador","June 2013","1,588,104"
"2616 Precious Metal Ores And Concentrates","Ecuador","August 2017","64,493"
"2616 Precious Metal Ores And Concentrates","Peru","August 2011","957,856"
"2616 Precious Metal Ores And Concentrates","Peru","September 2011","1,767,063"
"2616 Precious Metal Ores And Concentrates","Peru","December 2011","957,856"
"2616 Precious Metal Ores And Concentrates","Peru","February 2012","1,262,105"
"2616 Precious Metal Ores And Concentrates","Peru","May 2012","602,433"
"2616 Precious Metal Ores And Concentrates","Peru","June 2012","1,103,354"
"2616 Precious Metal Ores And Concentrates","Peru","July 2012","559,465"
"2616 Precious Metal Ores And Concentrates","Peru","August 2012","488,018"
"2616 Precious Metal Ores And Concentrates","Peru","October 2012","811,882"
"2616 Precious Metal Ores And Concentrates","Peru","November 2012","976,998"
"2616 Precious Metal Ores And Concentrates","Peru","December 2012","856,456"
"2616 Precious Metal Ores And Concentrates","Peru","September 2013","624,473"
"2616 Precious Metal Ores And Concentrates","Peru","February 2014","177,074"
"2822 Cobalt Oxide & Hydroxide; Commercial Cobalt Oxides","Brazil","August 2012","31,299"
"2822 Cobalt Oxide & Hydroxide; Commercial Cobalt Oxides","Brazil","April 2014","143,600"
"2822 Cobalt Oxide & Hydroxide; Commercial Cobalt Oxides","Brazil","August 2018","376,380"
"2822 Cobalt Oxide & Hydroxide; Commercial Cobalt Oxides","Brazil","February 2021","89,078"
"2822 Cobalt Oxide & Hydroxide; Commercial Cobalt Oxides","Brazil","March 2021","644,602"
"2822 Cobalt Oxide & Hydroxide; Commercial Cobalt Oxides","Brazil","September 2021","611,310"
"2822 Cobalt Oxide & Hydroxide; Commercial Cobalt Oxides","Brazil","July 2022","157,200"
"2825 Hydrazine Etc, Oth Inorg Bases; Metal Oxides Etc","Argentina","February 2015","19,740"
"2825 Hydrazine Etc, Oth Inorg Bases; Metal Oxides Etc","Argentina","May 2025","38,206"
"2825 Hydrazine Etc, Oth Inorg Bases; Metal Oxides Etc","Argentina","August 2025","20,409"
"2825 Hydrazine Etc, Oth Inorg Bases; Metal Oxides Etc","Argentina","September 2025","2,886"
"2825 Hydrazine Etc, Oth Inorg Bases; Metal Oxides Etc","Bolivia","January 2010","855,318"
"2825 Hydrazine Etc, Oth Inorg Bases; Metal Oxides Etc","Bolivia","February 2010","200,123"
"2825 Hydrazine Etc, Oth Inorg Bases; Metal Oxides Etc","Bolivia","April 2010","207,365"
"2825 Hydrazine Etc, Oth Inorg Bases; Metal Oxides Etc","Bolivia","June 2010","595,789"
"2825 Hydrazine Etc, Oth Inorg Bases; Metal Oxides Etc","Bolivia","July 2010","257,650"
"2825 Hydrazine Etc, Oth Inorg Bases; Metal Oxides Etc","Bolivia","August 2010","267,948"
"2825 Hydrazine Etc, Oth Inorg Bases; Metal Oxides Etc","Bolivia","October 2010","679,536"
"2825 Hydrazine Etc, Oth Inorg Bases; Metal Oxides Etc","Bolivia","December 2010","1,996,142"
"2825 Hydrazine Etc, Oth Inorg Bases; Metal Oxides Etc","Bolivia","January 2011","877,240"
"2825 Hydrazine Etc, Oth Inorg Bases; Metal Oxides Etc","Bolivia","March 2011","1,932,840"
"2825 Hydrazine Etc, Oth Inorg Bases; Metal Oxides Etc","Bolivia","April 2011","1,865,069"
"2825 Hydrazine Etc, Oth Inorg Bases; Metal Oxides Etc","Bolivia","June 2011","1,671,575"
"2825 Hydrazine Etc, Oth Inorg Bases; Metal Oxides Etc","Bolivia","July 2011","1,830,171"
"2825 Hydrazine Etc, Oth Inorg Bases; Metal Oxides Etc","Bolivia","August 2011","2,291,853"
"2825 Hydrazine Etc, Oth Inorg Bases; Metal Oxides Etc","Bolivia","September 2011","498,571"
"2825 Hydrazine Etc, Oth Inorg Bases; Metal Oxides Etc","Bolivia","October 2011","1,462,175"
"2825 Hydrazine Etc, Oth Inorg Bases; Metal Oxides Etc","Bolivia","November 2011","3,134,916"
"2825 Hydrazine Etc, Oth Inorg Bases; Metal Oxides Etc","Bolivia","January 2012","2,196,454"
"2825 Hydrazine Etc, Oth Inorg Bases; Metal Oxides Etc","Bolivia","February 2012","1,029,937"
"2825 Hydrazine Etc, Oth Inorg Bases; Metal Oxides Etc","Bolivia","March 2012","1,491,514"
"2825 Hydrazine Etc, Oth Inorg Bases; Metal Oxides Etc","Bolivia","April 2012","1,844,144"
"2825 Hydrazine Etc, Oth Inorg Bases; Metal Oxides Etc","Bolivia","May 2012","1,276,800"
"2825 Hydrazine Etc, Oth Inorg Bases; Metal Oxides Etc","Bolivia","July 2012","1,350,876"
"2825 Hydrazine Etc, Oth Inorg Bases; Metal Oxides Etc","Bolivia","August 2012","825,577"
"2825 Hydrazine Etc, Oth Inorg Bases; Metal Oxides Etc","Bolivia","September 2012","2,339,461"
"2825 Hydrazine Etc, Oth Inorg Bases; Metal Oxides Etc","Bolivia","October 2012","1,544,160"
"2825 Hydrazine Etc, Oth Inorg Bases; Metal Oxides Etc","Bolivia","November 2012","952,422"
"2825 Hydrazine Etc, Oth Inorg Bases; Metal Oxides Etc","Bolivia","December 2012","457,689"
"2825 Hydrazine Etc, Oth Inorg Bases; Metal Oxides Etc","Bolivia","January 2013","2,552,560"
"2825 Hydrazine Etc, Oth Inorg Bases; Metal Oxides Etc","Bolivia","February 2013","1,363,084"
"2825 Hydrazine Etc, Oth Inorg Bases; Metal Oxides Etc","Bolivia","March 2013","2,222,808"
"2825 Hydrazine Etc, Oth Inorg Bases; Metal Oxides Etc","Bolivia","April 2013","721,296"
"2825 Hydrazine Etc, Oth Inorg Bases; Metal Oxides Etc","Bolivia","May 2013","3,076,879"
"2825 Hydrazine Etc, Oth Inorg Bases; Metal Oxides Etc","Bolivia","June 2013","2,135,120"
"2825 Hydrazine Etc, Oth Inorg Bases; Metal Oxides Etc","Bolivia","July 2013","2,450,815"
"2825 Hydrazine Etc, Oth Inorg Bases; Metal Oxides Etc","Bolivia","August 2013","2,517,869"
"2825 Hydrazine Etc, Oth Inorg Bases; Metal Oxides Etc","Bolivia","September 2013","2,658,337"
"2825 Hydrazine Etc, Oth Inorg Bases; Metal Oxides Etc","Bolivia","October 2013","2,729,990"
"2825 Hydrazine Etc, Oth Inorg Bases; Metal Oxides Etc","Bolivia","November 2013","1,904,853"
"2825 Hydrazine Etc, Oth Inorg Bases; Metal Oxides Etc","Bolivia","December 2013","1,721,496"
"2825 Hydrazine Etc, Oth Inorg Bases; Metal Oxides Etc","Bolivia","January 2014","1,622,255"
"2825 Hydrazine Etc, Oth Inorg Bases; Metal Oxides Etc","Bolivia","February 2014","1,079,438"
"2825 Hydrazine Etc, Oth Inorg Bases; Metal Oxides Etc","Bolivia","March 2014","973,146"
"2825 Hydrazine Etc, Oth Inorg Bases; Metal Oxides Etc","Bolivia","April 2014","1,635,319"
"2825 Hydrazine Etc, Oth Inorg Bases; Metal Oxides Etc","Bolivia","May 2014","675,215"
"2825 Hydrazine Etc, Oth Inorg Bases; Metal Oxides Etc","Bolivia","June 2014","1,843,796"
"2825 Hydrazine Etc, Oth Inorg Bases; Metal Oxides Etc","Bolivia","July 2014","1,249,702"
"2825 Hydrazine Etc, Oth Inorg Bases; Metal Oxides Etc","Bolivia","August 2014","1,251,908"
"2825 Hydrazine Etc, Oth Inorg Bases; Metal Oxides Etc","Bolivia","September 2014","475,854"
"2825 Hydrazine Etc, Oth Inorg Bases; Metal Oxides Etc","Bolivia","October 2014","2,398,554"
"2825 Hydrazine Etc, Oth Inorg Bases; Metal Oxides Etc","Bolivia","November 2014","1,065,132"
"2825 Hydrazine Etc, Oth Inorg Bases; Metal Oxides Etc","Bolivia","December 2014","1,211,131"
"2825 Hydrazine Etc, Oth Inorg Bases; Metal Oxides Etc","Bolivia","January 2015","2,356,646"
"2825 Hydrazine Etc, Oth Inorg Bases; Metal Oxides Etc","Bolivia","February 2015","438,563"
"2825 Hydrazine Etc, Oth Inorg Bases; Metal Oxides Etc","Bolivia","March 2015","1,028,504"
"2825 Hydrazine Etc, Oth Inorg Bases; Metal Oxides Etc","Bolivia","April 2015","684,000"
"2825 Hydrazine Etc, Oth Inorg Bases; Metal Oxides Etc","Bolivia","May 2015","1,084,929"
"2825 Hydrazine Etc, Oth Inorg Bases; Metal Oxides Etc","Bolivia","June 2015","838,558"
"2825 Hydrazine Etc, Oth Inorg Bases; Metal Oxides Etc","Bolivia","July 2015","692,879"
"2825 Hydrazine Etc, Oth Inorg Bases; Metal Oxides Etc","Bolivia","August 2015","1,086,964"
"2825 Hydrazine Etc, Oth Inorg Bases; Metal Oxides Etc","Bolivia","September 2015","1,049,519"
"2825 Hydrazine Etc, Oth Inorg Bases; Metal Oxides Etc","Bolivia","October 2015","1,680,835"
"2825 Hydrazine Etc, Oth Inorg Bases; Metal Oxides Etc","Bolivia","November 2015","859,996"
"2825 Hydrazine Etc, Oth Inorg Bases; Metal Oxides Etc","Bolivia","December 2015","714,651"
"2825 Hydrazine Etc, Oth Inorg Bases; Metal Oxides Etc","Bolivia","January 2016","366,960"
"2825 Hydrazine Etc, Oth Inorg Bases; Metal Oxides Etc","Bolivia","February 2016","414,915"
"2825 Hydrazine Etc, Oth Inorg Bases; Metal Oxides Etc","Bolivia","March 2016","341,316"
"2825 Hydrazine Etc, Oth Inorg Bases; Metal Oxides Etc","Bolivia","April 2016","88,404"
"2825 Hydrazine Etc, Oth Inorg Bases; Metal Oxides Etc","Bolivia","May 2016","604,067"
"2825 Hydrazine Etc, Oth Inorg Bases; Metal Oxides Etc","Bolivia","June 2016","403,894"
"2825 Hydrazine Etc, Oth Inorg Bases; Metal Oxides Etc","Bolivia","July 2016","523,128"
"2825 Hydrazine Etc, Oth Inorg Bases; Metal Oxides Etc","Bolivia","August 2016","315,586"
"2825 Hydrazine Etc, Oth Inorg Bases; Metal Oxides Etc","Bolivia","September 2016","556,468"
"2825 Hydrazine Etc, Oth Inorg Bases; Metal Oxides Etc","Bolivia","October 2016","685,821"
"2825 Hydrazine Etc, Oth Inorg Bases; Metal Oxides Etc","Bolivia","November 2016","853,266"
"2825 Hydrazine Etc, Oth Inorg Bases; Metal Oxides Etc","Bolivia","December 2016","498,415"
"2825 Hydrazine Etc, Oth Inorg Bases; Metal Oxides Etc","Bolivia","January 2017","732,637"
"2825 Hydrazine Etc, Oth Inorg Bases; Metal Oxides Etc","Bolivia","February 2017","586,309"
"2825 Hydrazine Etc, Oth Inorg Bases; Metal Oxides Etc","Bolivia","March 2017","846,887"
"2825 Hydrazine Etc, Oth Inorg Bases; Metal Oxides Etc","Bolivia","April 2017","252,436"
"2825 Hydrazine Etc, Oth Inorg Bases; Metal Oxides Etc","Bolivia","May 2017","967,573"
"2825 Hydrazine Etc, Oth Inorg Bases; Metal Oxides Etc","Bolivia","June 2017","438,368"
"2825 Hydrazine Etc, Oth Inorg Bases; Metal Oxides Etc","Bolivia","July 2017","1,018,017"
"2825 Hydrazine Etc, Oth Inorg Bases; Metal Oxides Etc","Bolivia","August 2017","148,586"
"2825 Hydrazine Etc, Oth Inorg Bases; Metal Oxides Etc","Bolivia","September 2017","1,345,363"
"2825 Hydrazine Etc, Oth Inorg Bases; Metal Oxides Etc","Bolivia","October 2017","1,089,303"
"2825 Hydrazine Etc, Oth Inorg Bases; Metal Oxides Etc","Bolivia","November 2017","268,956"
"2825 Hydrazine Etc, Oth Inorg Bases; Metal Oxides Etc","Bolivia","December 2017","931,845"
"2825 Hydrazine Etc, Oth Inorg Bases; Metal Oxides Etc","Bolivia","January 2018","920,494"
"2825 Hydrazine Etc, Oth Inorg Bases; Metal Oxides Etc","Bolivia","February 2018","646,893"
"2825 Hydrazine Etc, Oth Inorg Bases; Metal Oxides Etc","Bolivia","March 2018","675,331"
"2825 Hydrazine Etc, Oth Inorg Bases; Metal Oxides Etc","Bolivia","April 2018","549,654"
"2825 Hydrazine Etc, Oth Inorg Bases; Metal Oxides Etc","Bolivia","May 2018","973,938"
"2825 Hydrazine Etc, Oth Inorg Bases; Metal Oxides Etc","Bolivia","June 2018","1,358,675"
"2825 Hydrazine Etc, Oth Inorg Bases; Metal Oxides Etc","Bolivia","July 2018","139,097"
"2825 Hydrazine Etc, Oth Inorg Bases; Metal Oxides Etc","Bolivia","August 2018","1,177,452"
"2825 Hydrazine Etc, Oth Inorg Bases; Metal Oxides Etc","Bolivia","September 2018","254,838"
"2825 Hydrazine Etc, Oth Inorg Bases; Metal Oxides Etc","Bolivia","October 2018","1,054,525"
"2825 Hydrazine Etc, Oth Inorg Bases; Metal Oxides Etc","Bolivia","November 2018","547,077"
"2825 Hydrazine Etc, Oth Inorg Bases; Metal Oxides Etc","Bolivia","December 2018","944,508"
"2825 Hydrazine Etc, Oth Inorg Bases; Metal Oxides Etc","Bolivia","January 2019","390,769"
"2825 Hydrazine Etc, Oth Inorg Bases; Metal Oxides Etc","Bolivia","February 2019","383,502"
"2825 Hydrazine Etc, Oth Inorg Bases; Metal Oxides Etc","Bolivia","March 2019","901,396"
"2825 Hydrazine Etc, Oth Inorg Bases; Metal Oxides Etc","Bolivia","April 2019","503,725"
"2825 Hydrazine Etc, Oth Inorg Bases; Metal Oxides Etc","Bolivia","May 2019","1,112,232"
"2825 Hydrazine Etc, Oth Inorg Bases; Metal Oxides Etc","Bolivia","June 2019","700,342"
"2825 Hydrazine Etc, Oth Inorg Bases; Metal Oxides Etc","Bolivia","July 2019","776,249"
"2825 Hydrazine Etc, Oth Inorg Bases; Metal Oxides Etc","Bolivia","August 2019","987,659"
"2825 Hydrazine Etc, Oth Inorg Bases; Metal Oxides Etc","Bolivia","September 2019","485,035"
"2825 Hydrazine Etc, Oth Inorg Bases; Metal Oxides Etc","Bolivia","October 2019","282,352"
"2825 Hydrazine Etc, Oth Inorg Bases; Metal Oxides Etc","Bolivia","November 2019","184,248"
"2825 Hydrazine Etc, Oth Inorg Bases; Metal Oxides Etc","Bolivia","December 2019","195,970"
"2825 Hydrazine Etc, Oth Inorg Bases; Metal Oxides Etc","Bolivia","January 2020","293,479"
"2825 Hydrazine Etc, Oth Inorg Bases; Metal Oxides Etc","Bolivia","March 2020","369,366"
"2825 Hydrazine Etc, Oth Inorg Bases; Metal Oxides Etc","Bolivia","April 2020","206,351"
"2825 Hydrazine Etc, Oth Inorg Bases; Metal Oxides Etc","Bolivia","May 2020","396,423"
"2825 Hydrazine Etc, Oth Inorg Bases; Metal Oxides Etc","Bolivia","July 2020","645,308"
"2825 Hydrazine Etc, Oth Inorg Bases; Metal Oxides Etc","Bolivia","August 2020","365,893"
"2825 Hydrazine Etc, Oth Inorg Bases; Metal Oxides Etc","Bolivia","October 2020","964,295"
"2825 Hydrazine Etc, Oth Inorg Bases; Metal Oxides Etc","Bolivia","November 2020","565,192"
"2825 Hydrazine Etc, Oth Inorg Bases; Metal Oxides Etc","Bolivia","December 2020","871,995"
"2825 Hydrazine Etc, Oth Inorg Bases; Metal Oxides Etc","Bolivia","January 2021","488,183"
"2825 Hydrazine Etc, Oth Inorg Bases; Metal Oxides Etc","Bolivia","February 2021","307,514"
"2825 Hydrazine Etc, Oth Inorg Bases; Metal Oxides Etc","Bolivia","March 2021","285,564"
"2825 Hydrazine Etc, Oth Inorg Bases; Metal Oxides Etc","Bolivia","April 2021","748,506"
"2825 Hydrazine Etc, Oth Inorg Bases; Metal Oxides Etc","Bolivia","May 2021","487,310"
"2825 Hydrazine Etc, Oth Inorg Bases; Metal Oxides Etc","Bolivia","June 2021","556,239"
"2825 Hydrazine Etc, Oth Inorg Bases; Metal Oxides Etc","Bolivia","July 2021","517,207"
"2825 Hydrazine Etc, Oth Inorg Bases; Metal Oxides Etc","Bolivia","August 2021","155,252"
"2825 Hydrazine Etc, Oth Inorg Bases; Metal Oxides Etc","Bolivia","September 2021","926,220"
"2825 Hydrazine Etc, Oth Inorg Bases; Metal Oxides Etc","Bolivia","October 2021","482,553"
"2825 Hydrazine Etc, Oth Inorg Bases; Metal Oxides Etc","Bolivia","November 2021","1,791,328"
"2825 Hydrazine Etc, Oth Inorg Bases; Metal Oxides Etc","Bolivia","December 2021","798,326"
"2825 Hydrazine Etc, Oth Inorg Bases; Metal Oxides Etc","Bolivia","January 2022","1,035,193"
"2825 Hydrazine Etc, Oth Inorg Bases; Metal Oxides Etc","Bolivia","March 2022","1,250,950"
"2825 Hydrazine Etc, Oth Inorg Bases; Metal Oxides Etc","Bolivia","May 2022","2,471,606"
"2825 Hydrazine Etc, Oth Inorg Bases; Metal Oxides Etc","Bolivia","June 2022","1,764,586"
"2825 Hydrazine Etc, Oth Inorg Bases; Metal Oxides Etc","Bolivia","July 2022","1,109,632"
"2825 Hydrazine Etc, Oth Inorg Bases; Metal Oxides Etc","Bolivia","August 2022","214,755"
"2825 Hydrazine Etc, Oth Inorg Bases; Metal Oxides Etc","Bolivia","September 2022","2,229,562"
"2825 Hydrazine Etc, Oth Inorg Bases; Metal Oxides Etc","Bolivia","October 2022","644,096"
"2825 Hydrazine Etc, Oth Inorg Bases; Metal Oxides Etc","Bolivia","November 2022","620,640"
"2825 Hydrazine Etc, Oth Inorg Bases; Metal Oxides Etc","Bolivia","December 2022","1,857,998"
"2825 Hydrazine Etc, Oth Inorg Bases; Metal Oxides Etc","Bolivia","January 2023","991,195"
"2825 Hydrazine Etc, Oth Inorg Bases; Metal Oxides Etc","Bolivia","February 2023","676,586"
"2825 Hydrazine Etc, Oth Inorg Bases; Metal Oxides Etc","Bolivia","March 2023","747,846"
"2825 Hydrazine Etc, Oth Inorg Bases; Metal Oxides Etc","Bolivia","April 2023","620,618"
"2825 Hydrazine Etc, Oth Inorg Bases; Metal Oxides Etc","Bolivia","May 2023","2,085,927"
"2825 Hydrazine Etc, Oth Inorg Bases; Metal Oxides Etc","Bolivia","June 2023","560,455"
"2825 Hydrazine Etc, Oth Inorg Bases; Metal Oxides Etc","Bolivia","July 2023","1,498,088"
"2825 Hydrazine Etc, Oth Inorg Bases; Metal Oxides Etc","Bolivia","August 2023","968,094"
"2825 Hydrazine Etc, Oth Inorg Bases; Metal Oxides Etc","Bolivia","September 2023","369,837"
"2825 Hydrazine Etc, Oth Inorg Bases; Metal Oxides Etc","Bolivia","October 2023","550,922"
"2825 Hydrazine Etc, Oth Inorg Bases; Metal Oxides Etc","Bolivia","November 2023","1,747,783"
"2825 Hydrazine Etc, Oth Inorg Bases; Metal Oxides Etc","Bolivia","December 2023","575,046"
"2825 Hydrazine Etc, Oth Inorg Bases; Metal Oxides Etc","Bolivia","January 2024","557,968"
"2825 Hydrazine Etc, Oth Inorg Bases; Metal Oxides Etc","Bolivia","February 2024","1,099,472"
"2825 Hydrazine Etc, Oth Inorg Bases; Metal Oxides Etc","Bolivia","March 2024","777,808"
"2825 Hydrazine Etc, Oth Inorg Bases; Metal Oxides Etc","Bolivia","April 2024","1,294,331"
"2825 Hydrazine Etc, Oth Inorg Bases; Metal Oxides Etc","Bolivia","May 2024","1,568,628"
"2825 Hydrazine Etc, Oth Inorg Bases; Metal Oxides Etc","Bolivia","June 2024","1,598,481"
"2825 Hydrazine Etc, Oth Inorg Bases; Metal Oxides Etc","Bolivia","July 2024","1,227,775"
"2825 Hydrazine Etc, Oth Inorg Bases; Metal Oxides Etc","Bolivia","August 2024","361,184"
"2825 Hydrazine Etc, Oth Inorg Bases; Metal Oxides Etc","Bolivia","September 2024","2,863,059"
"2825 Hydrazine Etc, Oth Inorg Bases; Metal Oxides Etc","Bolivia","October 2024","2,680,706"
"2825 Hydrazine Etc, Oth Inorg Bases; Metal Oxides Etc","Bolivia","November 2024","2,048,863"
"2825 Hydrazine Etc, Oth Inorg Bases; Metal Oxides Etc","Bolivia","December 2024","875,803"
"2825 Hydrazine Etc, Oth Inorg Bases; Metal Oxides Etc","Bolivia","January 2025","1,896,536"
"2825 Hydrazine Etc, Oth Inorg Bases; Metal Oxides Etc","Bolivia","February 2025","4,643,716"
"2825 Hydrazine Etc, Oth Inorg Bases; Metal Oxides Etc","Bolivia","March 2025","5,371,789"
"2825 Hydrazine Etc, Oth Inorg Bases; Metal Oxides Etc","Bolivia","April 2025","2,321,696"
"2825 Hydrazine Etc, Oth Inorg Bases; Metal Oxides Etc","Bolivia","May 2025","3,914,676"
"2825 Hydrazine Etc, Oth Inorg Bases; Metal Oxides Etc","Bolivia","June 2025","9,843,465"
"2825 Hydrazine Etc, Oth Inorg Bases; Metal Oxides Etc","Bolivia","July 2025","5,075,832"
"2825 Hydrazine Etc, Oth Inorg Bases; Metal Oxides Etc","Bolivia","August 2025","3,326,983"
"2825 Hydrazine Etc, Oth Inorg Bases; Metal Oxides Etc","Bolivia","September 2025","8,409,500"
"2825 Hydrazine Etc, Oth Inorg Bases; Metal Oxides Etc","Bolivia","October 2025","2,644,011"
"2825 Hydrazine Etc, Oth Inorg Bases; Metal Oxides Etc","Bolivia","November 2025","8,083,790"
"2825 Hydrazine Etc, Oth Inorg Bases; Metal Oxides Etc","Bolivia","December 2025","6,688,214"
"2825 Hydrazine Etc, Oth Inorg Bases; Metal Oxides Etc","Brazil","January 2010","114,401"
"2825 Hydrazine Etc, Oth Inorg Bases; Metal Oxides Etc","Brazil","February 2010","4,820"
"2825 Hydrazine Etc, Oth Inorg Bases; Metal Oxides Etc","Brazil","March 2010","3,723,755"
"2825 Hydrazine Etc, Oth Inorg Bases; Metal Oxides Etc","Brazil","April 2010","2,257,552"
"2825 Hydrazine Etc, Oth Inorg Bases; Metal Oxides Etc","Brazil","May 2010","4,140,661"
"2825 Hydrazine Etc, Oth Inorg Bases; Metal Oxides Etc","Brazil","June 2010","2,253,729"
"2825 Hydrazine Etc, Oth Inorg Bases; Metal Oxides Etc","Brazil","July 2010","3,804,304"
"2825 Hydrazine Etc, Oth Inorg Bases; Metal Oxides Etc","Brazil","August 2010","2,287,877"
"2825 Hydrazine Etc, Oth Inorg Bases; Metal Oxides Etc","Brazil","September 2010","3,327,317"
"2825 Hydrazine Etc, Oth Inorg Bases; Metal Oxides Etc","Brazil","October 2010","3,946,143"
"2825 Hydrazine Etc, Oth Inorg Bases; Metal Oxides Etc","Brazil","November 2010","2,293,361"
"2825 Hydrazine Etc, Oth Inorg Bases; Metal Oxides Etc","Brazil","December 2010","2,220,858"
"2825 Hydrazine Etc, Oth Inorg Bases; Metal Oxides Etc","Brazil","January 2011","2,201,373"
"2825 Hydrazine Etc, Oth Inorg Bases; Metal Oxides Etc","Brazil","February 2011","3,157,435"
"2825 Hydrazine Etc, Oth Inorg Bases; Metal Oxides Etc","Brazil","March 2011","3,218,555"
"2825 Hydrazine Etc, Oth Inorg Bases; Metal Oxides Etc","Brazil","April 2011","5,245,281"
"2825 Hydrazine Etc, Oth Inorg Bases; Metal Oxides Etc","Brazil","May 2011","4,301,757"
"2825 Hydrazine Etc, Oth Inorg Bases; Metal Oxides Etc","Brazil","June 2011","4,991,230"
"2825 Hydrazine Etc, Oth Inorg Bases; Metal Oxides Etc","Brazil","July 2011","4,824,954"
"2825 Hydrazine Etc, Oth Inorg Bases; Metal Oxides Etc","Brazil","August 2011","1,475,034"
"2825 Hydrazine Etc, Oth Inorg Bases; Metal Oxides Etc","Brazil","September 2011","5,272,046"
"2825 Hydrazine Etc, Oth Inorg Bases; Metal Oxides Etc","Brazil","October 2011","5,902,810"
"2825 Hydrazine Etc, Oth Inorg Bases; Metal Oxides Etc","Brazil","November 2011","4,974,419"
"2825 Hydrazine Etc, Oth Inorg Bases; Metal Oxides Etc","Brazil","December 2011","2,737,779"
"2825 Hydrazine Etc, Oth Inorg Bases; Metal Oxides Etc","Brazil","January 2012","7,202,810"
"2825 Hydrazine Etc, Oth Inorg Bases; Metal Oxides Etc","Brazil","February 2012","3,616,711"
"2825 Hydrazine Etc, Oth Inorg Bases; Metal Oxides Etc","Brazil","March 2012","5,286,113"
"2825 Hydrazine Etc, Oth Inorg Bases; Metal Oxides Etc","Brazil","April 2012","4,665,968"
"2825 Hydrazine Etc, Oth Inorg Bases; Metal Oxides Etc","Brazil","May 2012","5,182,407"
"2825 Hydrazine Etc, Oth Inorg Bases; Metal Oxides Etc","Brazil","June 2012","6,528,882"
"2825 Hydrazine Etc, Oth Inorg Bases; Metal Oxides Etc","Brazil","July 2012","4,869,844"
"2825 Hydrazine Etc, Oth Inorg Bases; Metal Oxides Etc","Brazil","August 2012","5,894,515"
"2825 Hydrazine Etc, Oth Inorg Bases; Metal Oxides Etc","Brazil","September 2012","5,007,967"
"2825 Hydrazine Etc, Oth Inorg Bases; Metal Oxides Etc","Brazil","October 2012","4,562,324"
"2825 Hydrazine Etc, Oth Inorg Bases; Metal Oxides Etc","Brazil","November 2012","6,772,874"
"2825 Hydrazine Etc, Oth Inorg Bases; Metal Oxides Etc","Brazil","December 2012","7,337,443"
"2825 Hydrazine Etc, Oth Inorg Bases; Metal Oxides Etc","Brazil","January 2013","7,429,298"
"2825 Hydrazine Etc, Oth Inorg Bases; Metal Oxides Etc","Brazil","February 2013","6,640,412"
"2825 Hydrazine Etc, Oth Inorg Bases; Metal Oxides Etc","Brazil","March 2013","5,657,442"
"2825 Hydrazine Etc, Oth Inorg Bases; Metal Oxides Etc","Brazil","April 2013","4,424,301"
"2825 Hydrazine Etc, Oth Inorg Bases; Metal Oxides Etc","Brazil","May 2013","6,871,568"
"2825 Hydrazine Etc, Oth Inorg Bases; Metal Oxides Etc","Brazil","June 2013","10,218,665"
"2825 Hydrazine Etc, Oth Inorg Bases; Metal Oxides Etc","Brazil","July 2013","6,236,878"
"2825 Hydrazine Etc, Oth Inorg Bases; Metal Oxides Etc","Brazil","August 2013","1,785,442"
"2825 Hydrazine Etc, Oth Inorg Bases; Metal Oxides Etc","Brazil","September 2013","270,654"
"2825 Hydrazine Etc, Oth Inorg Bases; Metal Oxides Etc","Brazil","October 2013","122,243"
"2825 Hydrazine Etc, Oth Inorg Bases; Metal Oxides Etc","Brazil","November 2013","3,277,251"
"2825 Hydrazine Etc, Oth Inorg Bases; Metal Oxides Etc","Brazil","December 2013","1,956,072"
"2825 Hydrazine Etc, Oth Inorg Bases; Metal Oxides Etc","Brazil","January 2014","8,874,307"
"2825 Hydrazine Etc, Oth Inorg Bases; Metal Oxides Etc","Brazil","February 2014","1,669,853"
"2825 Hydrazine Etc, Oth Inorg Bases; Metal Oxides Etc","Brazil","March 2014","4,291,618"
"2825 Hydrazine Etc, Oth Inorg Bases; Metal Oxides Etc","Brazil","April 2014","2,406,268"
"2825 Hydrazine Etc, Oth Inorg Bases; Metal Oxides Etc","Brazil","May 2014","304,033"
"2825 Hydrazine Etc, Oth Inorg Bases; Metal Oxides Etc","Brazil","June 2014","761,259"
"2825 Hydrazine Etc, Oth Inorg Bases; Metal Oxides Etc","Brazil","July 2014","1,898,692"
"2825 Hydrazine Etc, Oth Inorg Bases; Metal Oxides Etc","Brazil","August 2014","1,419,168"
"2825 Hydrazine Etc, Oth Inorg Bases; Metal Oxides Etc","Brazil","September 2014","464,838"
"2825 Hydrazine Etc, Oth Inorg Bases; Metal Oxides Etc","Brazil","October 2014","1,571,263"
"2825 Hydrazine Etc, Oth Inorg Bases; Metal Oxides Etc","Brazil","November 2014","3,024,007"
"2825 Hydrazine Etc, Oth Inorg Bases; Metal Oxides Etc","Brazil","December 2014","6,083,265"
"2825 Hydrazine Etc, Oth Inorg Bases; Metal Oxides Etc","Brazil","January 2015","6,568,551"
"2825 Hydrazine Etc, Oth Inorg Bases; Metal Oxides Etc","Brazil","February 2015","1,384,615"
"2825 Hydrazine Etc, Oth Inorg Bases; Metal Oxides Etc","Brazil","March 2015","1,919,214"
"2825 Hydrazine Etc, Oth Inorg Bases; Metal Oxides Etc","Brazil","April 2015","3,215,861"
"2825 Hydrazine Etc, Oth Inorg Bases; Metal Oxides Etc","Brazil","May 2015","3,438,440"
"2825 Hydrazine Etc, Oth Inorg Bases; Metal Oxides Etc","Brazil","June 2015","3,248,604"
"2825 Hydrazine Etc, Oth Inorg Bases; Metal Oxides Etc","Brazil","July 2015","1,784,339"
"2825 Hydrazine Etc, Oth Inorg Bases; Metal Oxides Etc","Brazil","August 2015","1,694,345"
"2825 Hydrazine Etc, Oth Inorg Bases; Metal Oxides Etc","Brazil","September 2015","4,550,958"
"2825 Hydrazine Etc, Oth Inorg Bases; Metal Oxides Etc","Brazil","October 2015","1,902,760"
"2825 Hydrazine Etc, Oth Inorg Bases; Metal Oxides Etc","Brazil","November 2015","979,690"
"2825 Hydrazine Etc, Oth Inorg Bases; Metal Oxides Etc","Brazil","December 2015","227,500"
"2825 Hydrazine Etc, Oth Inorg Bases; Metal Oxides Etc","Brazil","January 2016","1,768,524"
"2825 Hydrazine Etc, Oth Inorg Bases; Metal Oxides Etc","Brazil","February 2016","752,190"
"2825 Hydrazine Etc, Oth Inorg Bases; Metal Oxides Etc","Brazil","March 2016","4,263,979"
"2825 Hydrazine Etc, Oth Inorg Bases; Metal Oxides Etc","Brazil","April 2016","1,652,204"
"2825 Hydrazine Etc, Oth Inorg Bases; Metal Oxides Etc","Brazil","May 2016","1,880,426"
"2825 Hydrazine Etc, Oth Inorg Bases; Metal Oxides Etc","Brazil","June 2016","3,482,218"
"2825 Hydrazine Etc, Oth Inorg Bases; Metal Oxides Etc","Brazil","July 2016","440,196"
"2825 Hydrazine Etc, Oth Inorg Bases; Metal Oxides Etc","Brazil","August 2016","2,162,404"
"2825 Hydrazine Etc, Oth Inorg Bases; Metal Oxides Etc","Brazil","September 2016","3,331,809"
"2825 Hydrazine Etc, Oth Inorg Bases; Metal Oxides Etc","Brazil","October 2016","2,024,317"
"2825 Hydrazine Etc, Oth Inorg Bases; Metal Oxides Etc","Brazil","November 2016","1,715,277"
"2825 Hydrazine Etc, Oth Inorg Bases; Metal Oxides Etc","Brazil","December 2016","4,215,740"
"2825 Hydrazine Etc, Oth Inorg Bases; Metal Oxides Etc","Brazil","January 2017","1,293,115"
"2825 Hydrazine Etc, Oth Inorg Bases; Metal Oxides Etc","Brazil","February 2017","1,199,922"
"2825 Hydrazine Etc, Oth Inorg Bases; Metal Oxides Etc","Brazil","March 2017","3,110,098"
"2825 Hydrazine Etc, Oth Inorg Bases; Metal Oxides Etc","Brazil","April 2017","1,591,405"
"2825 Hydrazine Etc, Oth Inorg Bases; Metal Oxides Etc","Brazil","May 2017","3,077,149"
"2825 Hydrazine Etc, Oth Inorg Bases; Metal Oxides Etc","Brazil","June 2017","1,221,755"
"2825 Hydrazine Etc, Oth Inorg Bases; Metal Oxides Etc","Brazil","July 2017","3,606,232"
"2825 Hydrazine Etc, Oth Inorg Bases; Metal Oxides Etc","Brazil","August 2017","3,425,182"
"2825 Hydrazine Etc, Oth Inorg Bases; Metal Oxides Etc","Brazil","September 2017","3,786,161"
"2825 Hydrazine Etc, Oth Inorg Bases; Metal Oxides Etc","Brazil","October 2017","4,037,240"
"2825 Hydrazine Etc, Oth Inorg Bases; Metal Oxides Etc","Brazil","November 2017","5,397,697"
"2825 Hydrazine Etc, Oth Inorg Bases; Metal Oxides Etc","Brazil","December 2017","4,715,136"
"2825 Hydrazine Etc, Oth Inorg Bases; Metal Oxides Etc","Brazil","January 2018","4,102,706"
"2825 Hydrazine Etc, Oth Inorg Bases; Metal Oxides Etc","Brazil","February 2018","8,511,602"
"2825 Hydrazine Etc, Oth Inorg Bases; Metal Oxides Etc","Brazil","March 2018","8,454,507"
"2825 Hydrazine Etc, Oth Inorg Bases; Metal Oxides Etc","Brazil","April 2018","4,275,920"
"2825 Hydrazine Etc, Oth Inorg Bases; Metal Oxides Etc","Brazil","May 2018","14,071,135"
"2825 Hydrazine Etc, Oth Inorg Bases; Metal Oxides Etc","Brazil","June 2018","2,278,178"
"2825 Hydrazine Etc, Oth Inorg Bases; Metal Oxides Etc","Brazil","July 2018","21,683,841"
"2825 Hydrazine Etc, Oth Inorg Bases; Metal Oxides Etc","Brazil","August 2018","11,574,990"
"2825 Hydrazine Etc, Oth Inorg Bases; Metal Oxides Etc","Brazil","September 2018","3,141,392"
"2825 Hydrazine Etc, Oth Inorg Bases; Metal Oxides Etc","Brazil","October 2018","20,231,280"
"2825 Hydrazine Etc, Oth Inorg Bases; Metal Oxides Etc","Brazil","November 2018","17,140,014"
"2825 Hydrazine Etc, Oth Inorg Bases; Metal Oxides Etc","Brazil","December 2018","14,006,214"
"2825 Hydrazine Etc, Oth Inorg Bases; Metal Oxides Etc","Brazil","January 2019","17,617,067"
"2825 Hydrazine Etc, Oth Inorg Bases; Metal Oxides Etc","Brazil","February 2019","9,542,739"
"2825 Hydrazine Etc, Oth Inorg Bases; Metal Oxides Etc","Brazil","March 2019","10,741,598"
"2825 Hydrazine Etc, Oth Inorg Bases; Metal Oxides Etc","Brazil","April 2019","10,284,343"
"2825 Hydrazine Etc, Oth Inorg Bases; Metal Oxides Etc","Brazil","May 2019","6,085,843"
"2825 Hydrazine Etc, Oth Inorg Bases; Metal Oxides Etc","Brazil","June 2019","6,146,075"
"2825 Hydrazine Etc, Oth Inorg Bases; Metal Oxides Etc","Brazil","July 2019","8,038,707"
"2825 Hydrazine Etc, Oth Inorg Bases; Metal Oxides Etc","Brazil","August 2019","3,498,300"
"2825 Hydrazine Etc, Oth Inorg Bases; Metal Oxides Etc","Brazil","September 2019","5,160,470"
"2825 Hydrazine Etc, Oth Inorg Bases; Metal Oxides Etc","Brazil","October 2019","1,610,329"
"2825 Hydrazine Etc, Oth Inorg Bases; Metal Oxides Etc","Brazil","November 2019","6,849,306"
"2825 Hydrazine Etc, Oth Inorg Bases; Metal Oxides Etc","Brazil","December 2019","3,951,458"
"2825 Hydrazine Etc, Oth Inorg Bases; Metal Oxides Etc","Brazil","January 2020","5,790,731"
"2825 Hydrazine Etc, Oth Inorg Bases; Metal Oxides Etc","Brazil","February 2020","4,305,556"
"2825 Hydrazine Etc, Oth Inorg Bases; Metal Oxides Etc","Brazil","March 2020","7,311,393"
"2825 Hydrazine Etc, Oth Inorg Bases; Metal Oxides Etc","Brazil","April 2020","5,119,672"
"2825 Hydrazine Etc, Oth Inorg Bases; Metal Oxides Etc","Brazil","May 2020","4,520,929"
"2825 Hydrazine Etc, Oth Inorg Bases; Metal Oxides Etc","Brazil","June 2020","1,296,733"
"2825 Hydrazine Etc, Oth Inorg Bases; Metal Oxides Etc","Brazil","July 2020","291,720"
"2825 Hydrazine Etc, Oth Inorg Bases; Metal Oxides Etc","Brazil","August 2020","2,494,102"
"2825 Hydrazine Etc, Oth Inorg Bases; Metal Oxides Etc","Brazil","September 2020","2,837,792"
"2825 Hydrazine Etc, Oth Inorg Bases; Metal Oxides Etc","Brazil","October 2020","305,816"
"2825 Hydrazine Etc, Oth Inorg Bases; Metal Oxides Etc","Brazil","November 2020","1,351,212"
"2825 Hydrazine Etc, Oth Inorg Bases; Metal Oxides Etc","Brazil","January 2021","4,980,896"
"2825 Hydrazine Etc, Oth Inorg Bases; Metal Oxides Etc","Brazil","February 2021","2,895,541"
"2825 Hydrazine Etc, Oth Inorg Bases; Metal Oxides Etc","Brazil","March 2021","2,867,181"
"2825 Hydrazine Etc, Oth Inorg Bases; Metal Oxides Etc","Brazil","April 2021","1,025,477"
"2825 Hydrazine Etc, Oth Inorg Bases; Metal Oxides Etc","Brazil","May 2021","5,800,590"
"2825 Hydrazine Etc, Oth Inorg Bases; Metal Oxides Etc","Brazil","June 2021","3,772,067"
"2825 Hydrazine Etc, Oth Inorg Bases; Metal Oxides Etc","Brazil","July 2021","7,231,822"
"2825 Hydrazine Etc, Oth Inorg Bases; Metal Oxides Etc","Brazil","August 2021","4,999,829"
"2825 Hydrazine Etc, Oth Inorg Bases; Metal Oxides Etc","Brazil","September 2021","1,098,063"
"2825 Hydrazine Etc, Oth Inorg Bases; Metal Oxides Etc","Brazil","October 2021","6,550,913"
"2825 Hydrazine Etc, Oth Inorg Bases; Metal Oxides Etc","Brazil","November 2021","2,454,618"
"2825 Hydrazine Etc, Oth Inorg Bases; Metal Oxides Etc","Brazil","December 2021","4,966,157"
"2825 Hydrazine Etc, Oth Inorg Bases; Metal Oxides Etc","Brazil","January 2022","2,492,026"
"2825 Hydrazine Etc, Oth Inorg Bases; Metal Oxides Etc","Brazil","February 2022","3,656,610"
"2825 Hydrazine Etc, Oth Inorg Bases; Metal Oxides Etc","Brazil","March 2022","3,269,501"
"2825 Hydrazine Etc, Oth Inorg Bases; Metal Oxides Etc","Brazil","April 2022","3,541,807"
"2825 Hydrazine Etc, Oth Inorg Bases; Metal Oxides Etc","Brazil","May 2022","3,051,660"
"2825 Hydrazine Etc, Oth Inorg Bases; Metal Oxides Etc","Brazil","June 2022","7,466,268"
"2825 Hydrazine Etc, Oth Inorg Bases; Metal Oxides Etc","Brazil","July 2022","7,313,579"
"2825 Hydrazine Etc, Oth Inorg Bases; Metal Oxides Etc","Brazil","August 2022","4,235,300"
"2825 Hydrazine Etc, Oth Inorg Bases; Metal Oxides Etc","Brazil","September 2022","6,656,891"
"2825 Hydrazine Etc, Oth Inorg Bases; Metal Oxides Etc","Brazil","October 2022","8,430,414"
"2825 Hydrazine Etc, Oth Inorg Bases; Metal Oxides Etc","Brazil","November 2022","8,581,644"
"2825 Hydrazine Etc, Oth Inorg Bases; Metal Oxides Etc","Brazil","December 2022","4,368,448"
"2825 Hydrazine Etc, Oth Inorg Bases; Metal Oxides Etc","Brazil","January 2023","1,400,359"
"2825 Hydrazine Etc, Oth Inorg Bases; Metal Oxides Etc","Brazil","February 2023","4,980,486"
"2825 Hydrazine Etc, Oth Inorg Bases; Metal Oxides Etc","Brazil","March 2023","5,624,554"
"2825 Hydrazine Etc, Oth Inorg Bases; Metal Oxides Etc","Brazil","April 2023","2,935,107"
"2825 Hydrazine Etc, Oth Inorg Bases; Metal Oxides Etc","Brazil","May 2023","9,767,238"
"2825 Hydrazine Etc, Oth Inorg Bases; Metal Oxides Etc","Brazil","June 2023","6,697,507"
"2825 Hydrazine Etc, Oth Inorg Bases; Metal Oxides Etc","Brazil","July 2023","9,626,899"
"2825 Hydrazine Etc, Oth Inorg Bases; Metal Oxides Etc","Brazil","August 2023","7,656,269"
"2825 Hydrazine Etc, Oth Inorg Bases; Metal Oxides Etc","Brazil","September 2023","4,773,636"
"2825 Hydrazine Etc, Oth Inorg Bases; Metal Oxides Etc","Brazil","October 2023","11,094,853"
"2825 Hydrazine Etc, Oth Inorg Bases; Metal Oxides Etc","Brazil","November 2023","5,134,420"
"2825 Hydrazine Etc, Oth Inorg Bases; Metal Oxides Etc","Brazil","December 2023","6,732,447"
"2825 Hydrazine Etc, Oth Inorg Bases; Metal Oxides Etc","Brazil","January 2024","7,114,438"
"2825 Hydrazine Etc, Oth Inorg Bases; Metal Oxides Etc","Brazil","February 2024","4,242,875"
"2825 Hydrazine Etc, Oth Inorg Bases; Metal Oxides Etc","Brazil","March 2024","2,701,529"
"2825 Hydrazine Etc, Oth Inorg Bases; Metal Oxides Etc","Brazil","April 2024","7,626,895"
"2825 Hydrazine Etc, Oth Inorg Bases; Metal Oxides Etc","Brazil","May 2024","8,586,726"
"2825 Hydrazine Etc, Oth Inorg Bases; Metal Oxides Etc","Brazil","June 2024","970,827"
"2825 Hydrazine Etc, Oth Inorg Bases; Metal Oxides Etc","Brazil","July 2024","7,249,656"
"2825 Hydrazine Etc, Oth Inorg Bases; Metal Oxides Etc","Brazil","August 2024","7,088,282"
"2825 Hydrazine Etc, Oth Inorg Bases; Metal Oxides Etc","Brazil","September 2024","2,523,124"
"2825 Hydrazine Etc, Oth Inorg Bases; Metal Oxides Etc","Brazil","October 2024","6,630,685"
"2825 Hydrazine Etc, Oth Inorg Bases; Metal Oxides Etc","Brazil","November 2024","6,610,213"
"2825 Hydrazine Etc, Oth Inorg Bases; Metal Oxides Etc","Brazil","December 2024","4,236,767"
"2825 Hydrazine Etc, Oth Inorg Bases; Metal Oxides Etc","Brazil","January 2025","8,485,091"
"2825 Hydrazine Etc, Oth Inorg Bases; Metal Oxides Etc","Brazil","February 2025","942,415"
"2825 Hydrazine Etc, Oth Inorg Bases; Metal Oxides Etc","Brazil","March 2025","5,757,366"
"2825 Hydrazine Etc, Oth Inorg Bases; Metal Oxides Etc","Brazil","April 2025","4,326,650"
"2825 Hydrazine Etc, Oth Inorg Bases; Metal Oxides Etc","Brazil","May 2025","2,871,643"
"2825 Hydrazine Etc, Oth Inorg Bases; Metal Oxides Etc","Brazil","June 2025","5,079,103"
"2825 Hydrazine Etc, Oth Inorg Bases; Metal Oxides Etc","Brazil","July 2025","3,756,808"
"2825 Hydrazine Etc, Oth Inorg Bases; Metal Oxides Etc","Brazil","August 2025","3,604,691"
"2825 Hydrazine Etc, Oth Inorg Bases; Metal Oxides Etc","Brazil","September 2025","3,329,980"
"2825 Hydrazine Etc, Oth Inorg Bases; Metal Oxides Etc","Brazil","October 2025","246,170"
"2825 Hydrazine Etc, Oth Inorg Bases; Metal Oxides Etc","Brazil","November 2025","645,330"
"2825 Hydrazine Etc, Oth Inorg Bases; Metal Oxides Etc","Brazil","December 2025","1,852,215"
"2825 Hydrazine Etc, Oth Inorg Bases; Metal Oxides Etc","Chile","January 2010","262,702"
"2825 Hydrazine Etc, Oth Inorg Bases; Metal Oxides Etc","Chile","February 2010","817,517"
"2825 Hydrazine Etc, Oth Inorg Bases; Metal Oxides Etc","Chile","March 2010","2,057,119"
"2825 Hydrazine Etc, Oth Inorg Bases; Metal Oxides Etc","Chile","April 2010","518,620"
"2825 Hydrazine Etc, Oth Inorg Bases; Metal Oxides Etc","Chile","May 2010","255,553"
"2825 Hydrazine Etc, Oth Inorg Bases; Metal Oxides Etc","Chile","June 2010","1,530,839"
"2825 Hydrazine Etc, Oth Inorg Bases; Metal Oxides Etc","Chile","July 2010","3,289,663"
"2825 Hydrazine Etc, Oth Inorg Bases; Metal Oxides Etc","Chile","August 2010","615,278"
"2825 Hydrazine Etc, Oth Inorg Bases; Metal Oxides Etc","Chile","September 2010","1,669,355"
"2825 Hydrazine Etc, Oth Inorg Bases; Metal Oxides Etc","Chile","October 2010","2,196,759"
"2825 Hydrazine Etc, Oth Inorg Bases; Metal Oxides Etc","Chile","November 2010","340,237"
"2825 Hydrazine Etc, Oth Inorg Bases; Metal Oxides Etc","Chile","December 2010","841,138"
"2825 Hydrazine Etc, Oth Inorg Bases; Metal Oxides Etc","Chile","January 2011","88,550"
"2825 Hydrazine Etc, Oth Inorg Bases; Metal Oxides Etc","Chile","February 2011","88,550"
"2825 Hydrazine Etc, Oth Inorg Bases; Metal Oxides Etc","Chile","March 2011","1,038,476"
"2825 Hydrazine Etc, Oth Inorg Bases; Metal Oxides Etc","Chile","April 2011","607,230"
"2825 Hydrazine Etc, Oth Inorg Bases; Metal Oxides Etc","Chile","May 2011","303,969"
"2825 Hydrazine Etc, Oth Inorg Bases; Metal Oxides Etc","Chile","June 2011","1,673,698"
"2825 Hydrazine Etc, Oth Inorg Bases; Metal Oxides Etc","Chile","July 2011","1,289,433"
"2825 Hydrazine Etc, Oth Inorg Bases; Metal Oxides Etc","Chile","August 2011","1,016,932"
"2825 Hydrazine Etc, Oth Inorg Bases; Metal Oxides Etc","Chile","September 2011","1,367,660"
"2825 Hydrazine Etc, Oth Inorg Bases; Metal Oxides Etc","Chile","October 2011","1,176,383"
"2825 Hydrazine Etc, Oth Inorg Bases; Metal Oxides Etc","Chile","November 2011","915,534"
"2825 Hydrazine Etc, Oth Inorg Bases; Metal Oxides Etc","Chile","December 2011","1,356,828"
"2825 Hydrazine Etc, Oth Inorg Bases; Metal Oxides Etc","Chile","January 2012","108,140"
"2825 Hydrazine Etc, Oth Inorg Bases; Metal Oxides Etc","Chile","February 2012","1,369,848"
"2825 Hydrazine Etc, Oth Inorg Bases; Metal Oxides Etc","Chile","March 2012","1,110,923"
"2825 Hydrazine Etc, Oth Inorg Bases; Metal Oxides Etc","Chile","April 2012","620,388"
"2825 Hydrazine Etc, Oth Inorg Bases; Metal Oxides Etc","Chile","May 2012","4,434,201"
"2825 Hydrazine Etc, Oth Inorg Bases; Metal Oxides Etc","Chile","June 2012","1,893,395"
"2825 Hydrazine Etc, Oth Inorg Bases; Metal Oxides Etc","Chile","July 2012","1,319,482"
"2825 Hydrazine Etc, Oth Inorg Bases; Metal Oxides Etc","Chile","August 2012","1,239,546"
"2825 Hydrazine Etc, Oth Inorg Bases; Metal Oxides Etc","Chile","September 2012","2,430,740"
"2825 Hydrazine Etc, Oth Inorg Bases; Metal Oxides Etc","Chile","October 2012","170,862"
"2825 Hydrazine Etc, Oth Inorg Bases; Metal Oxides Etc","Chile","November 2012","1,811,263"
"2825 Hydrazine Etc, Oth Inorg Bases; Metal Oxides Etc","Chile","December 2012","880,350"
"2825 Hydrazine Etc, Oth Inorg Bases; Metal Oxides Etc","Chile","March 2013","389,642"
"2825 Hydrazine Etc, Oth Inorg Bases; Metal Oxides Etc","Chile","April 2013","504,555"
"2825 Hydrazine Etc, Oth Inorg Bases; Metal Oxides Etc","Chile","May 2013","1,212,981"
"2825 Hydrazine Etc, Oth Inorg Bases; Metal Oxides Etc","Chile","June 2013","709,896"
"2825 Hydrazine Etc, Oth Inorg Bases; Metal Oxides Etc","Chile","July 2013","449,986"
"2825 Hydrazine Etc, Oth Inorg Bases; Metal Oxides Etc","Chile","August 2013","1,595,073"
"2825 Hydrazine Etc, Oth Inorg Bases; Metal Oxides Etc","Chile","September 2013","1,042,334"
"2825 Hydrazine Etc, Oth Inorg Bases; Metal Oxides Etc","Chile","October 2013","762,586"
"2825 Hydrazine Etc, Oth Inorg Bases; Metal Oxides Etc","Chile","November 2013","409,630"
"2825 Hydrazine Etc, Oth Inorg Bases; Metal Oxides Etc","Chile","December 2013","910,048"
"2825 Hydrazine Etc, Oth Inorg Bases; Metal Oxides Etc","Chile","January 2014","349,004"
"2825 Hydrazine Etc, Oth Inorg Bases; Metal Oxides Etc","Chile","February 2014","931,260"
"2825 Hydrazine Etc, Oth Inorg Bases; Metal Oxides Etc","Chile","March 2014","1,382,509"
"2825 Hydrazine Etc, Oth Inorg Bases; Metal Oxides Etc","Chile","April 2014","1,231,570"
"2825 Hydrazine Etc, Oth Inorg Bases; Metal Oxides Etc","Chile","May 2014","3,310,316"
"2825 Hydrazine Etc, Oth Inorg Bases; Metal Oxides Etc","Chile","June 2014","289,037"
"2825 Hydrazine Etc, Oth Inorg Bases; Metal Oxides Etc","Chile","July 2014","672,972"
"2825 Hydrazine Etc, Oth Inorg Bases; Metal Oxides Etc","Chile","August 2014","3,345,597"
"2825 Hydrazine Etc, Oth Inorg Bases; Metal Oxides Etc","Chile","September 2014","1,144,358"
"2825 Hydrazine Etc, Oth Inorg Bases; Metal Oxides Etc","Chile","October 2014","847,974"
"2825 Hydrazine Etc, Oth Inorg Bases; Metal Oxides Etc","Chile","November 2014","1,375,450"
"2825 Hydrazine Etc, Oth Inorg Bases; Metal Oxides Etc","Chile","December 2014","384,504"
"2825 Hydrazine Etc, Oth Inorg Bases; Metal Oxides Etc","Chile","January 2015","1,663,669"
"2825 Hydrazine Etc, Oth Inorg Bases; Metal Oxides Etc","Chile","February 2015","1,999,897"
"2825 Hydrazine Etc, Oth Inorg Bases; Metal Oxides Etc","Chile","March 2015","1,210,602"
"2825 Hydrazine Etc, Oth Inorg Bases; Metal Oxides Etc","Chile","April 2015","2,452,311"
"2825 Hydrazine Etc, Oth Inorg Bases; Metal Oxides Etc","Chile","May 2015","1,601,176"
"2825 Hydrazine Etc, Oth Inorg Bases; Metal Oxides Etc","Chile","June 2015","2,535,316"
"2825 Hydrazine Etc, Oth Inorg Bases; Metal Oxides Etc","Chile","July 2015","511,815"
"2825 Hydrazine Etc, Oth Inorg Bases; Metal Oxides Etc","Chile","August 2015","507,040"
"2825 Hydrazine Etc, Oth Inorg Bases; Metal Oxides Etc","Chile","September 2015","893,381"
"2825 Hydrazine Etc, Oth Inorg Bases; Metal Oxides Etc","Chile","October 2015","1,471,088"
"2825 Hydrazine Etc, Oth Inorg Bases; Metal Oxides Etc","Chile","November 2015","2,598,298"
"2825 Hydrazine Etc, Oth Inorg Bases; Metal Oxides Etc","Chile","December 2015","1,797,842"
"2825 Hydrazine Etc, Oth Inorg Bases; Metal Oxides Etc","Chile","January 2016","3,900,233"
"2825 Hydrazine Etc, Oth Inorg Bases; Metal Oxides Etc","Chile","February 2016","2,494,362"
"2825 Hydrazine Etc, Oth Inorg Bases; Metal Oxides Etc","Chile","March 2016","2,190,645"
"2825 Hydrazine Etc, Oth Inorg Bases; Metal Oxides Etc","Chile","April 2016","2,521,117"
"2825 Hydrazine Etc, Oth Inorg Bases; Metal Oxides Etc","Chile","May 2016","2,881,634"
"2825 Hydrazine Etc, Oth Inorg Bases; Metal Oxides Etc","Chile","June 2016","4,005,178"
"2825 Hydrazine Etc, Oth Inorg Bases; Metal Oxides Etc","Chile","July 2016","2,977,846"
"2825 Hydrazine Etc, Oth Inorg Bases; Metal Oxides Etc","Chile","August 2016","2,555,116"
"2825 Hydrazine Etc, Oth Inorg Bases; Metal Oxides Etc","Chile","September 2016","4,094,340"
"2825 Hydrazine Etc, Oth Inorg Bases; Metal Oxides Etc","Chile","October 2016","1,682,457"
"2825 Hydrazine Etc, Oth Inorg Bases; Metal Oxides Etc","Chile","November 2016","2,664,627"
"2825 Hydrazine Etc, Oth Inorg Bases; Metal Oxides Etc","Chile","December 2016","2,251,836"
"2825 Hydrazine Etc, Oth Inorg Bases; Metal Oxides Etc","Chile","January 2017","2,687,836"
"2825 Hydrazine Etc, Oth Inorg Bases; Metal Oxides Etc","Chile","February 2017","2,036,239"
"2825 Hydrazine Etc, Oth Inorg Bases; Metal Oxides Etc","Chile","March 2017","2,339,294"
"2825 Hydrazine Etc, Oth Inorg Bases; Metal Oxides Etc","Chile","April 2017","3,672,868"
"2825 Hydrazine Etc, Oth Inorg Bases; Metal Oxides Etc","Chile","May 2017","1,890,571"
"2825 Hydrazine Etc, Oth Inorg Bases; Metal Oxides Etc","Chile","June 2017","3,783,733"
"2825 Hydrazine Etc, Oth Inorg Bases; Metal Oxides Etc","Chile","July 2017","2,797,765"
"2825 Hydrazine Etc, Oth Inorg Bases; Metal Oxides Etc","Chile","August 2017","3,850,360"
"2825 Hydrazine Etc, Oth Inorg Bases; Metal Oxides Etc","Chile","September 2017","4,822,824"
"2825 Hydrazine Etc, Oth Inorg Bases; Metal Oxides Etc","Chile","October 2017","2,133,300"
"2825 Hydrazine Etc, Oth Inorg Bases; Metal Oxides Etc","Chile","November 2017","1,671,875"
"2825 Hydrazine Etc, Oth Inorg Bases; Metal Oxides Etc","Chile","December 2017","3,399,530"
"2825 Hydrazine Etc, Oth Inorg Bases; Metal Oxides Etc","Chile","January 2018","3,791,490"
"2825 Hydrazine Etc, Oth Inorg Bases; Metal Oxides Etc","Chile","February 2018","3,043,447"
"2825 Hydrazine Etc, Oth Inorg Bases; Metal Oxides Etc","Chile","March 2018","6,575,336"
"2825 Hydrazine Etc, Oth Inorg Bases; Metal Oxides Etc","Chile","April 2018","9,055,310"
"2825 Hydrazine Etc, Oth Inorg Bases; Metal Oxides Etc","Chile","May 2018","5,922,515"
"2825 Hydrazine Etc, Oth Inorg Bases; Metal Oxides Etc","Chile","June 2018","2,976,797"
"2825 Hydrazine Etc, Oth Inorg Bases; Metal Oxides Etc","Chile","July 2018","8,456,853"
"2825 Hydrazine Etc, Oth Inorg Bases; Metal Oxides Etc","Chile","August 2018","4,843,697"
"2825 Hydrazine Etc, Oth Inorg Bases; Metal Oxides Etc","Chile","September 2018","4,916,813"
"2825 Hydrazine Etc, Oth Inorg Bases; Metal Oxides Etc","Chile","October 2018","3,266,512"
"2825 Hydrazine Etc, Oth Inorg Bases; Metal Oxides Etc","Chile","November 2018","3,053,830"
"2825 Hydrazine Etc, Oth Inorg Bases; Metal Oxides Etc","Chile","December 2018","3,627,455"
"2825 Hydrazine Etc, Oth Inorg Bases; Metal Oxides Etc","Chile","January 2019","6,998,420"
"2825 Hydrazine Etc, Oth Inorg Bases; Metal Oxides Etc","Chile","February 2019","3,073,451"
"2825 Hydrazine Etc, Oth Inorg Bases; Metal Oxides Etc","Chile","March 2019","5,698,202"
"2825 Hydrazine Etc, Oth Inorg Bases; Metal Oxides Etc","Chile","April 2019","4,641,858"
"2825 Hydrazine Etc, Oth Inorg Bases; Metal Oxides Etc","Chile","May 2019","2,485,742"
"2825 Hydrazine Etc, Oth Inorg Bases; Metal Oxides Etc","Chile","June 2019","8,737,387"
"2825 Hydrazine Etc, Oth Inorg Bases; Metal Oxides Etc","Chile","July 2019","6,425,696"
"2825 Hydrazine Etc, Oth Inorg Bases; Metal Oxides Etc","Chile","August 2019","2,022,755"
"2825 Hydrazine Etc, Oth Inorg Bases; Metal Oxides Etc","Chile","September 2019","3,835,396"
"2825 Hydrazine Etc, Oth Inorg Bases; Metal Oxides Etc","Chile","October 2019","3,555,670"
"2825 Hydrazine Etc, Oth Inorg Bases; Metal Oxides Etc","Chile","November 2019","411,700"
"2825 Hydrazine Etc, Oth Inorg Bases; Metal Oxides Etc","Chile","December 2019","3,840,497"
"2825 Hydrazine Etc, Oth Inorg Bases; Metal Oxides Etc","Chile","January 2020","4,548,521"
"2825 Hydrazine Etc, Oth Inorg Bases; Metal Oxides Etc","Chile","February 2020","6,337,067"
"2825 Hydrazine Etc, Oth Inorg Bases; Metal Oxides Etc","Chile","March 2020","7,317,684"
"2825 Hydrazine Etc, Oth Inorg Bases; Metal Oxides Etc","Chile","April 2020","4,409,574"
"2825 Hydrazine Etc, Oth Inorg Bases; Metal Oxides Etc","Chile","May 2020","3,523,770"
"2825 Hydrazine Etc, Oth Inorg Bases; Metal Oxides Etc","Chile","June 2020","3,488,796"
"2825 Hydrazine Etc, Oth Inorg Bases; Metal Oxides Etc","Chile","July 2020","3,143,964"
"2825 Hydrazine Etc, Oth Inorg Bases; Metal Oxides Etc","Chile","August 2020","2,430,412"
"2825 Hydrazine Etc, Oth Inorg Bases; Metal Oxides Etc","Chile","September 2020","3,936,987"
"2825 Hydrazine Etc, Oth Inorg Bases; Metal Oxides Etc","Chile","October 2020","597,624"
"2825 Hydrazine Etc, Oth Inorg Bases; Metal Oxides Etc","Chile","November 2020","5,597,788"
"2825 Hydrazine Etc, Oth Inorg Bases; Metal Oxides Etc","Chile","December 2020","3,295,191"
"2825 Hydrazine Etc, Oth Inorg Bases; Metal Oxides Etc","Chile","January 2021","3,633,422"
"2825 Hydrazine Etc, Oth Inorg Bases; Metal Oxides Etc","Chile","February 2021","5,213,700"
"2825 Hydrazine Etc, Oth Inorg Bases; Metal Oxides Etc","Chile","March 2021","4,321,410"
"2825 Hydrazine Etc, Oth Inorg Bases; Metal Oxides Etc","Chile","April 2021","6,764,964"
"2825 Hydrazine Etc, Oth Inorg Bases; Metal Oxides Etc","Chile","May 2021","8,363,083"
"2825 Hydrazine Etc, Oth Inorg Bases; Metal Oxides Etc","Chile","June 2021","6,404,323"
"2825 Hydrazine Etc, Oth Inorg Bases; Metal Oxides Etc","Chile","July 2021","3,707,308"
"2825 Hydrazine Etc, Oth Inorg Bases; Metal Oxides Etc","Chile","August 2021","7,195,671"
"2825 Hydrazine Etc, Oth Inorg Bases; Metal Oxides Etc","Chile","September 2021","5,564,492"
"2825 Hydrazine Etc, Oth Inorg Bases; Metal Oxides Etc","Chile","October 2021","8,177,302"
"2825 Hydrazine Etc, Oth Inorg Bases; Metal Oxides Etc","Chile","November 2021","16,148,022"
"2825 Hydrazine Etc, Oth Inorg Bases; Metal Oxides Etc","Chile","December 2021","10,994,881"
"2825 Hydrazine Etc, Oth Inorg Bases; Metal Oxides Etc","Chile","January 2022","12,705,233"
"2825 Hydrazine Etc, Oth Inorg Bases; Metal Oxides Etc","Chile","February 2022","9,548,116"
"2825 Hydrazine Etc, Oth Inorg Bases; Metal Oxides Etc","Chile","March 2022","13,281,068"
"2825 Hydrazine Etc, Oth Inorg Bases; Metal Oxides Etc","Chile","April 2022","10,256,088"
"2825 Hydrazine Etc, Oth Inorg Bases; Metal Oxides Etc","Chile","May 2022","11,191,840"
"2825 Hydrazine Etc, Oth Inorg Bases; Metal Oxides Etc","Chile","June 2022","17,408,021"
"2825 Hydrazine Etc, Oth Inorg Bases; Metal Oxides Etc","Chile","July 2022","7,777,142"
"2825 Hydrazine Etc, Oth Inorg Bases; Metal Oxides Etc","Chile","August 2022","7,067,881"
"2825 Hydrazine Etc, Oth Inorg Bases; Metal Oxides Etc","Chile","September 2022","1,993,554"
"2825 Hydrazine Etc, Oth Inorg Bases; Metal Oxides Etc","Chile","October 2022","10,930,358"
"2825 Hydrazine Etc, Oth Inorg Bases; Metal Oxides Etc","Chile","November 2022","2,400,031"
"2825 Hydrazine Etc, Oth Inorg Bases; Metal Oxides Etc","Chile","December 2022","12,610,241"
"2825 Hydrazine Etc, Oth Inorg Bases; Metal Oxides Etc","Chile","January 2023","23,770,762"
"2825 Hydrazine Etc, Oth Inorg Bases; Metal Oxides Etc","Chile","February 2023","22,410,658"
"2825 Hydrazine Etc, Oth Inorg Bases; Metal Oxides Etc","Chile","March 2023","23,981,193"
"2825 Hydrazine Etc, Oth Inorg Bases; Metal Oxides Etc","Chile","April 2023","22,118,218"
"2825 Hydrazine Etc, Oth Inorg Bases; Metal Oxides Etc","Chile","May 2023","8,541,005"
"2825 Hydrazine Etc, Oth Inorg Bases; Metal Oxides Etc","Chile","June 2023","18,395,027"
"2825 Hydrazine Etc, Oth Inorg Bases; Metal Oxides Etc","Chile","July 2023","21,031,569"
"2825 Hydrazine Etc, Oth Inorg Bases; Metal Oxides Etc","Chile","August 2023","10,712,187"
"2825 Hydrazine Etc, Oth Inorg Bases; Metal Oxides Etc","Chile","September 2023","12,241,781"
"2825 Hydrazine Etc, Oth Inorg Bases; Metal Oxides Etc","Chile","October 2023","25,891,489"
"2825 Hydrazine Etc, Oth Inorg Bases; Metal Oxides Etc","Chile","November 2023","14,331,519"
"2825 Hydrazine Etc, Oth Inorg Bases; Metal Oxides Etc","Chile","December 2023","12,726,211"
"2825 Hydrazine Etc, Oth Inorg Bases; Metal Oxides Etc","Chile","January 2024","9,053,340"
"2825 Hydrazine Etc, Oth Inorg Bases; Metal Oxides Etc","Chile","February 2024","5,657,141"
"2825 Hydrazine Etc, Oth Inorg Bases; Metal Oxides Etc","Chile","March 2024","16,837,322"
"2825 Hydrazine Etc, Oth Inorg Bases; Metal Oxides Etc","Chile","April 2024","7,397,874"
"2825 Hydrazine Etc, Oth Inorg Bases; Metal Oxides Etc","Chile","May 2024","7,164,318"
"2825 Hydrazine Etc, Oth Inorg Bases; Metal Oxides Etc","Chile","June 2024","18,472,050"
"2825 Hydrazine Etc, Oth Inorg Bases; Metal Oxides Etc","Chile","July 2024","7,101,777"
"2825 Hydrazine Etc, Oth Inorg Bases; Metal Oxides Etc","Chile","August 2024","21,995,709"
"2825 Hydrazine Etc, Oth Inorg Bases; Metal Oxides Etc","Chile","September 2024","8,154,905"
"2825 Hydrazine Etc, Oth Inorg Bases; Metal Oxides Etc","Chile","October 2024","5,539,010"
"2825 Hydrazine Etc, Oth Inorg Bases; Metal Oxides Etc","Chile","November 2024","1,326,710"
"2825 Hydrazine Etc, Oth Inorg Bases; Metal Oxides Etc","Chile","December 2024","17,244,183"
"2825 Hydrazine Etc, Oth Inorg Bases; Metal Oxides Etc","Chile","January 2025","16,028,180"
"2825 Hydrazine Etc, Oth Inorg Bases; Metal Oxides Etc","Chile","February 2025","12,467,504"
"2825 Hydrazine Etc, Oth Inorg Bases; Metal Oxides Etc","Chile","March 2025","4,490,391"
"2825 Hydrazine Etc, Oth Inorg Bases; Metal Oxides Etc","Chile","April 2025","4,249,677"
"2825 Hydrazine Etc, Oth Inorg Bases; Metal Oxides Etc","Chile","May 2025","7,442,677"
"2825 Hydrazine Etc, Oth Inorg Bases; Metal Oxides Etc","Chile","June 2025","375,313"
"2825 Hydrazine Etc, Oth Inorg Bases; Metal Oxides Etc","Chile","July 2025","3,056,080"
"2825 Hydrazine Etc, Oth Inorg Bases; Metal Oxides Etc","Chile","August 2025","6,137,968"
"2825 Hydrazine Etc, Oth Inorg Bases; Metal Oxides Etc","Chile","September 2025","3,140,665"
"2825 Hydrazine Etc, Oth Inorg Bases; Metal Oxides Etc","Chile","October 2025","5,568,927"
"2825 Hydrazine Etc, Oth Inorg Bases; Metal Oxides Etc","Chile","November 2025","1,075,720"
"2825 Hydrazine Etc, Oth Inorg Bases; Metal Oxides Etc","Chile","December 2025","3,655,237"
"2825 Hydrazine Etc, Oth Inorg Bases; Metal Oxides Etc","Colombia","September 2012","18,753"
"2825 Hydrazine Etc, Oth Inorg Bases; Metal Oxides Etc","Peru","April 2010","36,400"
"2825 Hydrazine Etc, Oth Inorg Bases; Metal Oxides Etc","Peru","May 2010","128,367"
"2825 Hydrazine Etc, Oth Inorg Bases; Metal Oxides Etc","Peru","July 2010","150,305"
"2825 Hydrazine Etc, Oth Inorg Bases; Metal Oxides Etc","Peru","August 2010","121,218"
"2825 Hydrazine Etc, Oth Inorg Bases; Metal Oxides Etc","Peru","September 2010","8,817"
"2825 Hydrazine Etc, Oth Inorg Bases; Metal Oxides Etc","Peru","October 2010","6,201"
"2825 Hydrazine Etc, Oth Inorg Bases; Metal Oxides Etc","Peru","November 2010","109,764"
"2825 Hydrazine Etc, Oth Inorg Bases; Metal Oxides Etc","Peru","January 2011","62,197"
"2825 Hydrazine Etc, Oth Inorg Bases; Metal Oxides Etc","Peru","April 2011","130,609"
"2825 Hydrazine Etc, Oth Inorg Bases; Metal Oxides Etc","Peru","May 2011","142,653"
"2825 Hydrazine Etc, Oth Inorg Bases; Metal Oxides Etc","Peru","June 2011","91,687"
"2825 Hydrazine Etc, Oth Inorg Bases; Metal Oxides Etc","Peru","August 2011","7,128"
"2825 Hydrazine Etc, Oth Inorg Bases; Metal Oxides Etc","Peru","October 2011","122,782"
"2825 Hydrazine Etc, Oth Inorg Bases; Metal Oxides Etc","Peru","December 2011","267,726"
"2825 Hydrazine Etc, Oth Inorg Bases; Metal Oxides Etc","Peru","January 2012","131,342"
"2825 Hydrazine Etc, Oth Inorg Bases; Metal Oxides Etc","Peru","February 2012","428,576"
"2825 Hydrazine Etc, Oth Inorg Bases; Metal Oxides Etc","Peru","March 2012","72,100"
"2825 Hydrazine Etc, Oth Inorg Bases; Metal Oxides Etc","Peru","April 2012","62,387"
"2825 Hydrazine Etc, Oth Inorg Bases; Metal Oxides Etc","Peru","May 2012","392,413"
"2825 Hydrazine Etc, Oth Inorg Bases; Metal Oxides Etc","Peru","June 2012","6,825"
"2825 Hydrazine Etc, Oth Inorg Bases; Metal Oxides Etc","Peru","July 2012","157,219"
"2825 Hydrazine Etc, Oth Inorg Bases; Metal Oxides Etc","Peru","August 2012","148,633"
"2825 Hydrazine Etc, Oth Inorg Bases; Metal Oxides Etc","Peru","September 2012","148,633"
"2825 Hydrazine Etc, Oth Inorg Bases; Metal Oxides Etc","Peru","December 2012","57,561"
"2825 Hydrazine Etc, Oth Inorg Bases; Metal Oxides Etc","Peru","March 2013","125,257"
"2825 Hydrazine Etc, Oth Inorg Bases; Metal Oxides Etc","Peru","May 2013","7,671"
"2825 Hydrazine Etc, Oth Inorg Bases; Metal Oxides Etc","Peru","August 2013","209,010"
"2825 Hydrazine Etc, Oth Inorg Bases; Metal Oxides Etc","Peru","September 2013","138,217"
"2825 Hydrazine Etc, Oth Inorg Bases; Metal Oxides Etc","Peru","October 2013","32,442"
"2825 Hydrazine Etc, Oth Inorg Bases; Metal Oxides Etc","Peru","January 2014","112,933"
"2825 Hydrazine Etc, Oth Inorg Bases; Metal Oxides Etc","Peru","March 2014","134,699"
"2825 Hydrazine Etc, Oth Inorg Bases; Metal Oxides Etc","Peru","May 2014","14,593"
"2825 Hydrazine Etc, Oth Inorg Bases; Metal Oxides Etc","Peru","June 2014","102,471"
"2825 Hydrazine Etc, Oth Inorg Bases; Metal Oxides Etc","Peru","July 2014","66,224"
"2825 Hydrazine Etc, Oth Inorg Bases; Metal Oxides Etc","Peru","September 2014","269,035"
"2825 Hydrazine Etc, Oth Inorg Bases; Metal Oxides Etc","Peru","October 2014","21,244"
"2825 Hydrazine Etc, Oth Inorg Bases; Metal Oxides Etc","Peru","January 2015","152,678"
"2825 Hydrazine Etc, Oth Inorg Bases; Metal Oxides Etc","Peru","March 2015","173,647"
"2825 Hydrazine Etc, Oth Inorg Bases; Metal Oxides Etc","Peru","May 2015","64,511"
"2825 Hydrazine Etc, Oth Inorg Bases; Metal Oxides Etc","Peru","June 2015","69,957"
"2825 Hydrazine Etc, Oth Inorg Bases; Metal Oxides Etc","Peru","July 2015","132,125"
"2825 Hydrazine Etc, Oth Inorg Bases; Metal Oxides Etc","Peru","August 2015","102,503"
"2825 Hydrazine Etc, Oth Inorg Bases; Metal Oxides Etc","Peru","October 2015","18,739"
"2825 Hydrazine Etc, Oth Inorg Bases; Metal Oxides Etc","Peru","November 2015","92,810"
"2825 Hydrazine Etc, Oth Inorg Bases; Metal Oxides Etc","Peru","February 2016","34,635"
"2825 Hydrazine Etc, Oth Inorg Bases; Metal Oxides Etc","Peru","March 2016","174,551"
"2825 Hydrazine Etc, Oth Inorg Bases; Metal Oxides Etc","Peru","April 2016","32,948"
"2825 Hydrazine Etc, Oth Inorg Bases; Metal Oxides Etc","Peru","May 2016","95,089"
"2825 Hydrazine Etc, Oth Inorg Bases; Metal Oxides Etc","Peru","June 2016","7,183"
"2825 Hydrazine Etc, Oth Inorg Bases; Metal Oxides Etc","Peru","August 2016","117,482"
"2825 Hydrazine Etc, Oth Inorg Bases; Metal Oxides Etc","Peru","September 2016","9,513"
"2825 Hydrazine Etc, Oth Inorg Bases; Metal Oxides Etc","Peru","October 2016","113,535"
"2825 Hydrazine Etc, Oth Inorg Bases; Metal Oxides Etc","Peru","January 2017","8,250"
"2825 Hydrazine Etc, Oth Inorg Bases; Metal Oxides Etc","Peru","April 2017","46,902"
"2825 Hydrazine Etc, Oth Inorg Bases; Metal Oxides Etc","Peru","May 2017","7,870"
"2825 Hydrazine Etc, Oth Inorg Bases; Metal Oxides Etc","Peru","August 2017","269,425"
"2825 Hydrazine Etc, Oth Inorg Bases; Metal Oxides Etc","Peru","September 2017","96,252"
"2825 Hydrazine Etc, Oth Inorg Bases; Metal Oxides Etc","Peru","October 2017","66,442"
"2825 Hydrazine Etc, Oth Inorg Bases; Metal Oxides Etc","Peru","November 2017","112,637"
"2825 Hydrazine Etc, Oth Inorg Bases; Metal Oxides Etc","Peru","December 2017","53,322"
"2825 Hydrazine Etc, Oth Inorg Bases; Metal Oxides Etc","Peru","March 2018","286,640"
"2825 Hydrazine Etc, Oth Inorg Bases; Metal Oxides Etc","Peru","May 2018","35,471"
"2825 Hydrazine Etc, Oth Inorg Bases; Metal Oxides Etc","Peru","June 2018","10,587"
"2825 Hydrazine Etc, Oth Inorg Bases; Metal Oxides Etc","Peru","July 2018","52,843"
"2825 Hydrazine Etc, Oth Inorg Bases; Metal Oxides Etc","Peru","August 2018","9,377"
"2825 Hydrazine Etc, Oth Inorg Bases; Metal Oxides Etc","Peru","September 2018","127,295"
"2825 Hydrazine Etc, Oth Inorg Bases; Metal Oxides Etc","Peru","October 2018","318,893"
"2825 Hydrazine Etc, Oth Inorg Bases; Metal Oxides Etc","Peru","December 2018","33,892"
"2825 Hydrazine Etc, Oth Inorg Bases; Metal Oxides Etc","Peru","January 2019","153,399"
"2825 Hydrazine Etc, Oth Inorg Bases; Metal Oxides Etc","Peru","February 2019","33,806"
"2825 Hydrazine Etc, Oth Inorg Bases; Metal Oxides Etc","Peru","March 2019","192,142"
"2825 Hydrazine Etc, Oth Inorg Bases; Metal Oxides Etc","Peru","April 2019","50,104"
"2825 Hydrazine Etc, Oth Inorg Bases; Metal Oxides Etc","Peru","May 2019","122,681"
"2825 Hydrazine Etc, Oth Inorg Bases; Metal Oxides Etc","Peru","June 2019","122,184"
"2825 Hydrazine Etc, Oth Inorg Bases; Metal Oxides Etc","Peru","July 2019","139,993"
"2825 Hydrazine Etc, Oth Inorg Bases; Metal Oxides Etc","Peru","January 2020","32,981"
"2825 Hydrazine Etc, Oth Inorg Bases; Metal Oxides Etc","Peru","February 2020","53,837"
"2825 Hydrazine Etc, Oth Inorg Bases; Metal Oxides Etc","Peru","March 2020","79,945"
"2825 Hydrazine Etc, Oth Inorg Bases; Metal Oxides Etc","Peru","June 2020","32,963"
"2825 Hydrazine Etc, Oth Inorg Bases; Metal Oxides Etc","Peru","July 2020","61,670"
"2825 Hydrazine Etc, Oth Inorg Bases; Metal Oxides Etc","Peru","September 2020","72,358"
"2825 Hydrazine Etc, Oth Inorg Bases; Metal Oxides Etc","Peru","October 2020","35,144"
"2825 Hydrazine Etc, Oth Inorg Bases; Metal Oxides Etc","Peru","January 2021","16,683"
"2825 Hydrazine Etc, Oth Inorg Bases; Metal Oxides Etc","Peru","April 2021","57,370"
"2825 Hydrazine Etc, Oth Inorg Bases; Metal Oxides Etc","Peru","May 2021","78,087"
"2825 Hydrazine Etc, Oth Inorg Bases; Metal Oxides Etc","Peru","October 2021","11,259"
"2825 Hydrazine Etc, Oth Inorg Bases; Metal Oxides Etc","Peru","November 2021","318,947"
"2825 Hydrazine Etc, Oth Inorg Bases; Metal Oxides Etc","Peru","December 2021","79,832"
"2825 Hydrazine Etc, Oth Inorg Bases; Metal Oxides Etc","Peru","January 2022","18,726"
"2825 Hydrazine Etc, Oth Inorg Bases; Metal Oxides Etc","Peru","February 2022","84,169"
"2825 Hydrazine Etc, Oth Inorg Bases; Metal Oxides Etc","Peru","March 2022","218,885"
"2825 Hydrazine Etc, Oth Inorg Bases; Metal Oxides Etc","Peru","April 2022","368,635"
"2825 Hydrazine Etc, Oth Inorg Bases; Metal Oxides Etc","Peru","May 2022","70,016"
"2825 Hydrazine Etc, Oth Inorg Bases; Metal Oxides Etc","Peru","October 2022","155,462"
"2825 Hydrazine Etc, Oth Inorg Bases; Metal Oxides Etc","Peru","November 2022","117,843"
"2825 Hydrazine Etc, Oth Inorg Bases; Metal Oxides Etc","Peru","December 2022","64,494"
"2825 Hydrazine Etc, Oth Inorg Bases; Metal Oxides Etc","Peru","January 2023","283,855"
"2825 Hydrazine Etc, Oth Inorg Bases; Metal Oxides Etc","Peru","February 2023","130,152"
"2825 Hydrazine Etc, Oth Inorg Bases; Metal Oxides Etc","Peru","May 2023","124,139"
"2825 Hydrazine Etc, Oth Inorg Bases; Metal Oxides Etc","Peru","July 2023","24,697"
"2825 Hydrazine Etc, Oth Inorg Bases; Metal Oxides Etc","Peru","September 2023","121,018"
"2825 Hydrazine Etc, Oth Inorg Bases; Metal Oxides Etc","Peru","November 2023","114,033"
"2825 Hydrazine Etc, Oth Inorg Bases; Metal Oxides Etc","Peru","January 2024","99,030"
"2825 Hydrazine Etc, Oth Inorg Bases; Metal Oxides Etc","Peru","March 2024","117,027"
"2825 Hydrazine Etc, Oth Inorg Bases; Metal Oxides Etc","Peru","June 2024","10,579"
"2825 Hydrazine Etc, Oth Inorg Bases; Metal Oxides Etc","Peru","July 2024","135,190"
"2825 Hydrazine Etc, Oth Inorg Bases; Metal Oxides Etc","Peru","August 2024","159,604"
"2825 Hydrazine Etc, Oth Inorg Bases; Metal Oxides Etc","Peru","November 2024","15,615"
"2825 Hydrazine Etc, Oth Inorg Bases; Metal Oxides Etc","Peru","January 2025","747,495"
"2825 Hydrazine Etc, Oth Inorg Bases; Metal Oxides Etc","Peru","March 2025","288,490"
"2825 Hydrazine Etc, Oth Inorg Bases; Metal Oxides Etc","Peru","April 2025","22,181"
"2825 Hydrazine Etc, Oth Inorg Bases; Metal Oxides Etc","Peru","May 2025","538,615"
"2825 Hydrazine Etc, Oth Inorg Bases; Metal Oxides Etc","Peru","June 2025","111,073"
"2825 Hydrazine Etc, Oth Inorg Bases; Metal Oxides Etc","Peru","July 2025","506,000"
"2825 Hydrazine Etc, Oth Inorg Bases; Metal Oxides Etc","Peru","August 2025","171,090"
"2825 Hydrazine Etc, Oth Inorg Bases; Metal Oxides Etc","Peru","September 2025","140,044"
"2825 Hydrazine Etc, Oth Inorg Bases; Metal Oxides Etc","Peru","November 2025","260,897"
"2825 Hydrazine Etc, Oth Inorg Bases; Metal Oxides Etc","Peru","December 2025","372,400"
"2841 Salts Of Oxometallic Or Peroxometallic Acids","Argentina","September 2015","2,435"
"2841 Salts Of Oxometallic Or Peroxometallic Acids","Argentina","March 2016","11,747"
"2841 Salts Of Oxometallic Or Peroxometallic Acids","Argentina","November 2016","60,706"
"2841 Salts Of Oxometallic Or Peroxometallic Acids","Argentina","December 2016","61,820"
"2841 Salts Of Oxometallic Or Peroxometallic Acids","Brazil","April 2010","11,830"
"2841 Salts Of Oxometallic Or Peroxometallic Acids","Brazil","July 2010","70,770"
"2841 Salts Of Oxometallic Or Peroxometallic Acids","Brazil","October 2010","53,312"
"2841 Salts Of Oxometallic Or Peroxometallic Acids","Brazil","June 2011","54,454"
"2841 Salts Of Oxometallic Or Peroxometallic Acids","Brazil","January 2012","53,654"
"2841 Salts Of Oxometallic Or Peroxometallic Acids","Brazil","June 2012","54,454"
"2841 Salts Of Oxometallic Or Peroxometallic Acids","Brazil","November 2012","54,454"
"2841 Salts Of Oxometallic Or Peroxometallic Acids","Brazil","April 2013","54,454"
"2841 Salts Of Oxometallic Or Peroxometallic Acids","Brazil","May 2013","73,041"
"2841 Salts Of Oxometallic Or Peroxometallic Acids","Brazil","November 2016","10,332"
"2841 Salts Of Oxometallic Or Peroxometallic Acids","Brazil","November 2017","3,400"
"2841 Salts Of Oxometallic Or Peroxometallic Acids","Brazil","December 2017","96,000"
"2841 Salts Of Oxometallic Or Peroxometallic Acids","Brazil","March 2018","88,000"
"2841 Salts Of Oxometallic Or Peroxometallic Acids","Brazil","April 2018","91,000"
"2841 Salts Of Oxometallic Or Peroxometallic Acids","Brazil","August 2018","100,000"
"2841 Salts Of Oxometallic Or Peroxometallic Acids","Brazil","January 2019","2,084"
"2841 Salts Of Oxometallic Or Peroxometallic Acids","Brazil","February 2020","135,138"
"2841 Salts Of Oxometallic Or Peroxometallic Acids","Brazil","April 2020","110,000"
"2841 Salts Of Oxometallic Or Peroxometallic Acids","Brazil","November 2020","90,750"
"2841 Salts Of Oxometallic Or Peroxometallic Acids","Brazil","January 2021","191,233"
"2841 Salts Of Oxometallic Or Peroxometallic Acids","Brazil","June 2021","142,972"
"2841 Salts Of Oxometallic Or Peroxometallic Acids","Brazil","September 2021","268,028"
"2841 Salts Of Oxometallic Or Peroxometallic Acids","Brazil","October 2021","187,794"
"2841 Salts Of Oxometallic Or Peroxometallic Acids","Brazil","November 2021","185,094"
"2841 Salts Of Oxometallic Or Peroxometallic Acids","Brazil","March 2022","196,062"
"2841 Salts Of Oxometallic Or Peroxometallic Acids","Brazil","April 2022","10,918"
"2841 Salts Of Oxometallic Or Peroxometallic Acids","Brazil","May 2022","369,924"
"2841 Salts Of Oxometallic Or Peroxometallic Acids","Brazil","August 2022","8,303"
"2841 Salts Of Oxometallic Or Peroxometallic Acids","Brazil","October 2022","408,683"
"2841 Salts Of Oxometallic Or Peroxometallic Acids","Brazil","December 2022","407,253"
"2841 Salts Of Oxometallic Or Peroxometallic Acids","Brazil","January 2023","340,238"
"2841 Salts Of Oxometallic Or Peroxometallic Acids","Brazil","February 2023","384,593"
"2841 Salts Of Oxometallic Or Peroxometallic Acids","Brazil","March 2023","504,648"
"2841 Salts Of Oxometallic Or Peroxometallic Acids","Brazil","June 2023","457,473"
"2841 Salts Of Oxometallic Or Peroxometallic Acids","Brazil","July 2023","25,765"
"2841 Salts Of Oxometallic Or Peroxometallic Acids","Brazil","October 2023","204,246"
"2841 Salts Of Oxometallic Or Peroxometallic Acids","Brazil","January 2024","45,792"
"2841 Salts Of Oxometallic Or Peroxometallic Acids","Brazil","April 2024","368,033"
"2841 Salts Of Oxometallic Or Peroxometallic Acids","Brazil","May 2024","380,988"
"2841 Salts Of Oxometallic Or Peroxometallic Acids","Brazil","September 2024","447,691"
"2841 Salts Of Oxometallic Or Peroxometallic Acids","Brazil","October 2024","422,661"
"2841 Salts Of Oxometallic Or Peroxometallic Acids","Brazil","January 2025","437,748"
"2841 Salts Of Oxometallic Or Peroxometallic Acids","Brazil","June 2025","50,539"
"2841 Salts Of Oxometallic Or Peroxometallic Acids","Chile","January 2010","1,484,893"
"2841 Salts Of Oxometallic Or Peroxometallic Acids","Chile","February 2010","878,356"
"2841 Salts Of Oxometallic Or Peroxometallic Acids","Chile","March 2010","1,436,152"
"2841 Salts Of Oxometallic Or Peroxometallic Acids","Chile","April 2010","2,835,054"
"2841 Salts Of Oxometallic Or Peroxometallic Acids","Chile","May 2010","484,755"
"2841 Salts Of Oxometallic Or Peroxometallic Acids","Chile","June 2010","1,976,436"
"2841 Salts Of Oxometallic Or Peroxometallic Acids","Chile","July 2010","2,025,007"
"2841 Salts Of Oxometallic Or Peroxometallic Acids","Chile","August 2010","1,088,976"
"2841 Salts Of Oxometallic Or Peroxometallic Acids","Chile","September 2010","3,354,871"
"2841 Salts Of Oxometallic Or Peroxometallic Acids","Chile","December 2010","447,949"
"2841 Salts Of Oxometallic Or Peroxometallic Acids","Chile","January 2011","447,114"
"2841 Salts Of Oxometallic Or Peroxometallic Acids","Chile","March 2011","5,420,526"
"2841 Salts Of Oxometallic Or Peroxometallic Acids","Chile","April 2011","1,900,509"
"2841 Salts Of Oxometallic Or Peroxometallic Acids","Chile","June 2011","2,720,666"
"2841 Salts Of Oxometallic Or Peroxometallic Acids","Chile","July 2011","1,279,395"
"2841 Salts Of Oxometallic Or Peroxometallic Acids","Chile","August 2011","831,992"
"2841 Salts Of Oxometallic Or Peroxometallic Acids","Chile","September 2011","849,007"
"2841 Salts Of Oxometallic Or Peroxometallic Acids","Chile","October 2011","20,696"
"2841 Salts Of Oxometallic Or Peroxometallic Acids","Chile","November 2011","1,141,932"
"2841 Salts Of Oxometallic Or Peroxometallic Acids","Chile","December 2011","1,187,316"
"2841 Salts Of Oxometallic Or Peroxometallic Acids","Chile","February 2012","1,102,050"
"2841 Salts Of Oxometallic Or Peroxometallic Acids","Chile","March 2012","1,659,285"
"2841 Salts Of Oxometallic Or Peroxometallic Acids","Chile","April 2012","803,637"
"2841 Salts Of Oxometallic Or Peroxometallic Acids","Chile","May 2012","806,438"
"2841 Salts Of Oxometallic Or Peroxometallic Acids","Chile","June 2012","791,400"
"2841 Salts Of Oxometallic Or Peroxometallic Acids","Chile","July 2012","381,094"
"2841 Salts Of Oxometallic Or Peroxometallic Acids","Chile","August 2012","749,364"
"2841 Salts Of Oxometallic Or Peroxometallic Acids","Chile","September 2012","950,640"
"2841 Salts Of Oxometallic Or Peroxometallic Acids","Chile","October 2012","1,052,535"
"2841 Salts Of Oxometallic Or Peroxometallic Acids","Chile","December 2012","960,156"
"2841 Salts Of Oxometallic Or Peroxometallic Acids","Chile","February 2013","684,463"
"2841 Salts Of Oxometallic Or Peroxometallic Acids","Chile","March 2013","1,326,334"
"2841 Salts Of Oxometallic Or Peroxometallic Acids","Chile","April 2013","1,225,179"
"2841 Salts Of Oxometallic Or Peroxometallic Acids","Chile","May 2013","651,491"
"2841 Salts Of Oxometallic Or Peroxometallic Acids","Chile","June 2013","641,252"
"2841 Salts Of Oxometallic Or Peroxometallic Acids","Chile","October 2013","577,104"
"2841 Salts Of Oxometallic Or Peroxometallic Acids","Chile","November 2013","644,960"
"2841 Salts Of Oxometallic Or Peroxometallic Acids","Chile","January 2014","858,878"
"2841 Salts Of Oxometallic Or Peroxometallic Acids","Chile","February 2014","1,138,926"
"2841 Salts Of Oxometallic Or Peroxometallic Acids","Chile","March 2014","874,625"
"2841 Salts Of Oxometallic Or Peroxometallic Acids","Chile","May 2014","2,733,603"
"2841 Salts Of Oxometallic Or Peroxometallic Acids","Chile","June 2014","1,595,719"
"2841 Salts Of Oxometallic Or Peroxometallic Acids","Chile","July 2014","1,625,913"
"2841 Salts Of Oxometallic Or Peroxometallic Acids","Chile","August 2014","1,110,401"
"2841 Salts Of Oxometallic Or Peroxometallic Acids","Chile","September 2014","3,685,976"
"2841 Salts Of Oxometallic Or Peroxometallic Acids","Chile","October 2014","1,387,782"
"2841 Salts Of Oxometallic Or Peroxometallic Acids","Chile","November 2014","888,195"
"2841 Salts Of Oxometallic Or Peroxometallic Acids","Chile","March 2015","4,133"
"2841 Salts Of Oxometallic Or Peroxometallic Acids","Chile","April 2015","502,723"
"2841 Salts Of Oxometallic Or Peroxometallic Acids","Chile","May 2015","731,965"
"2841 Salts Of Oxometallic Or Peroxometallic Acids","Chile","June 2015","235,901"
"2841 Salts Of Oxometallic Or Peroxometallic Acids","Chile","July 2015","655,764"
"2841 Salts Of Oxometallic Or Peroxometallic Acids","Chile","August 2015","730,093"
"2841 Salts Of Oxometallic Or Peroxometallic Acids","Chile","September 2015","318,522"
"2841 Salts Of Oxometallic Or Peroxometallic Acids","Chile","October 2015","611,466"
"2841 Salts Of Oxometallic Or Peroxometallic Acids","Chile","November 2015","1,438,613"
"2841 Salts Of Oxometallic Or Peroxometallic Acids","Chile","December 2015","337,994"
"2841 Salts Of Oxometallic Or Peroxometallic Acids","Chile","January 2016","764,461"
"2841 Salts Of Oxometallic Or Peroxometallic Acids","Chile","February 2016","772,177"
"2841 Salts Of Oxometallic Or Peroxometallic Acids","Chile","March 2016","763,198"
"2841 Salts Of Oxometallic Or Peroxometallic Acids","Chile","April 2016","1,561,371"
"2841 Salts Of Oxometallic Or Peroxometallic Acids","Chile","May 2016","1,234,067"
"2841 Salts Of Oxometallic Or Peroxometallic Acids","Chile","June 2016","1,849,013"
"2841 Salts Of Oxometallic Or Peroxometallic Acids","Chile","July 2016","793,577"
"2841 Salts Of Oxometallic Or Peroxometallic Acids","Chile","August 2016","931,589"
"2841 Salts Of Oxometallic Or Peroxometallic Acids","Chile","September 2016","1,773,706"
"2841 Salts Of Oxometallic Or Peroxometallic Acids","Chile","October 2016","1,200,379"
"2841 Salts Of Oxometallic Or Peroxometallic Acids","Chile","November 2016","1,125,222"
"2841 Salts Of Oxometallic Or Peroxometallic Acids","Chile","December 2016","678,853"
"2841 Salts Of Oxometallic Or Peroxometallic Acids","Chile","January 2017","696,528"
"2841 Salts Of Oxometallic Or Peroxometallic Acids","Chile","February 2017","1,399,548"
"2841 Salts Of Oxometallic Or Peroxometallic Acids","Chile","March 2017","763,887"
"2841 Salts Of Oxometallic Or Peroxometallic Acids","Chile","April 2017","2,712,005"
"2841 Salts Of Oxometallic Or Peroxometallic Acids","Chile","May 2017","1,956,815"
"2841 Salts Of Oxometallic Or Peroxometallic Acids","Chile","June 2017","537,381"
"2841 Salts Of Oxometallic Or Peroxometallic Acids","Chile","July 2017","2,401,037"
"2841 Salts Of Oxometallic Or Peroxometallic Acids","Chile","August 2017","1,329,864"
"2841 Salts Of Oxometallic Or Peroxometallic Acids","Chile","September 2017","1,358,241"
"2841 Salts Of Oxometallic Or Peroxometallic Acids","Chile","October 2017","2,178,906"
"2841 Salts Of Oxometallic Or Peroxometallic Acids","Chile","November 2017","807,723"
"2841 Salts Of Oxometallic Or Peroxometallic Acids","Chile","December 2017","1,644,981"
"2841 Salts Of Oxometallic Or Peroxometallic Acids","Chile","January 2018","581,762"
"2841 Salts Of Oxometallic Or Peroxometallic Acids","Chile","February 2018","679,469"
"2841 Salts Of Oxometallic Or Peroxometallic Acids","Chile","March 2018","1,168,279"
"2841 Salts Of Oxometallic Or Peroxometallic Acids","Chile","April 2018","1,484,869"
"2841 Salts Of Oxometallic Or Peroxometallic Acids","Chile","May 2018","1,450,146"
"2841 Salts Of Oxometallic Or Peroxometallic Acids","Chile","June 2018","1,490,459"
"2841 Salts Of Oxometallic Or Peroxometallic Acids","Chile","July 2018","1,184,963"
"2841 Salts Of Oxometallic Or Peroxometallic Acids","Chile","August 2018","433,660"
"2841 Salts Of Oxometallic Or Peroxometallic Acids","Chile","September 2018","1,419,942"
"2841 Salts Of Oxometallic Or Peroxometallic Acids","Chile","October 2018","1,637,969"
"2841 Salts Of Oxometallic Or Peroxometallic Acids","Chile","November 2018","1,838,356"
"2841 Salts Of Oxometallic Or Peroxometallic Acids","Chile","December 2018","1,771,230"
"2841 Salts Of Oxometallic Or Peroxometallic Acids","Chile","January 2019","2,153,425"
"2841 Salts Of Oxometallic Or Peroxometallic Acids","Chile","February 2019","663,418"
"2841 Salts Of Oxometallic Or Peroxometallic Acids","Chile","March 2019","1,979,539"
"2841 Salts Of Oxometallic Or Peroxometallic Acids","Chile","April 2019","2,065,879"
"2841 Salts Of Oxometallic Or Peroxometallic Acids","Chile","May 2019","1,443,442"
"2841 Salts Of Oxometallic Or Peroxometallic Acids","Chile","June 2019","2,778,490"
"2841 Salts Of Oxometallic Or Peroxometallic Acids","Chile","July 2019","489,961"
"2841 Salts Of Oxometallic Or Peroxometallic Acids","Chile","August 2019","1,178,245"
"2841 Salts Of Oxometallic Or Peroxometallic Acids","Chile","September 2019","2,112,364"
"2841 Salts Of Oxometallic Or Peroxometallic Acids","Chile","October 2019","1,980,093"
"2841 Salts Of Oxometallic Or Peroxometallic Acids","Chile","November 2019","805,213"
"2841 Salts Of Oxometallic Or Peroxometallic Acids","Chile","December 2019","1,772,927"
"2841 Salts Of Oxometallic Or Peroxometallic Acids","Chile","January 2020","262,001"
"2841 Salts Of Oxometallic Or Peroxometallic Acids","Chile","February 2020","844,280"
"2841 Salts Of Oxometallic Or Peroxometallic Acids","Chile","March 2020","893,760"
"2841 Salts Of Oxometallic Or Peroxometallic Acids","Chile","April 2020","277,273"
"2841 Salts Of Oxometallic Or Peroxometallic Acids","Chile","June 2020","270,295"
"2841 Salts Of Oxometallic Or Peroxometallic Acids","Chile","September 2020","243,424"
"2841 Salts Of Oxometallic Or Peroxometallic Acids","Chile","December 2020","542,573"
"2841 Salts Of Oxometallic Or Peroxometallic Acids","Chile","January 2021","1,682,704"
"2841 Salts Of Oxometallic Or Peroxometallic Acids","Chile","February 2021","1,489,590"
"2841 Salts Of Oxometallic Or Peroxometallic Acids","Chile","March 2021","1,695,584"
"2841 Salts Of Oxometallic Or Peroxometallic Acids","Chile","April 2021","2,409,439"
"2841 Salts Of Oxometallic Or Peroxometallic Acids","Chile","May 2021","998,351"
"2841 Salts Of Oxometallic Or Peroxometallic Acids","Chile","June 2021","1,280,245"
"2841 Salts Of Oxometallic Or Peroxometallic Acids","Chile","July 2021","1,139,516"
"2841 Salts Of Oxometallic Or Peroxometallic Acids","Chile","August 2021","2,548,805"
"2841 Salts Of Oxometallic Or Peroxometallic Acids","Chile","September 2021","3,658,685"
"2841 Salts Of Oxometallic Or Peroxometallic Acids","Chile","October 2021","532,185"
"2841 Salts Of Oxometallic Or Peroxometallic Acids","Chile","November 2021","4,224,783"
"2841 Salts Of Oxometallic Or Peroxometallic Acids","Chile","December 2021","1,555,443"
"2841 Salts Of Oxometallic Or Peroxometallic Acids","Chile","January 2022","3,275,017"
"2841 Salts Of Oxometallic Or Peroxometallic Acids","Chile","March 2022","3,701,717"
"2841 Salts Of Oxometallic Or Peroxometallic Acids","Chile","May 2022","2,401,811"
"2841 Salts Of Oxometallic Or Peroxometallic Acids","Chile","June 2022","3,211,674"
"2841 Salts Of Oxometallic Or Peroxometallic Acids","Chile","July 2022","4,963,407"
"2841 Salts Of Oxometallic Or Peroxometallic Acids","Chile","August 2022","23,471"
"2841 Salts Of Oxometallic Or Peroxometallic Acids","Chile","September 2022","3,038,912"
"2841 Salts Of Oxometallic Or Peroxometallic Acids","Chile","October 2022","2,364,244"
"2841 Salts Of Oxometallic Or Peroxometallic Acids","Chile","December 2022","229,500"
"2841 Salts Of Oxometallic Or Peroxometallic Acids","Chile","January 2023","6,023,481"
"2841 Salts Of Oxometallic Or Peroxometallic Acids","Chile","February 2023","5,358,978"
"2841 Salts Of Oxometallic Or Peroxometallic Acids","Chile","March 2023","2,635,973"
"2841 Salts Of Oxometallic Or Peroxometallic Acids","Chile","April 2023","7,167,628"
"2841 Salts Of Oxometallic Or Peroxometallic Acids","Chile","May 2023","3,367,359"
"2841 Salts Of Oxometallic Or Peroxometallic Acids","Chile","June 2023","2,313,259"
"2841 Salts Of Oxometallic Or Peroxometallic Acids","Chile","July 2023","3,043,347"
"2841 Salts Of Oxometallic Or Peroxometallic Acids","Chile","August 2023","1,451,649"
"2841 Salts Of Oxometallic Or Peroxometallic Acids","Chile","September 2023","4,901,291"
"2841 Salts Of Oxometallic Or Peroxometallic Acids","Chile","October 2023","1,964,444"
"2841 Salts Of Oxometallic Or Peroxometallic Acids","Chile","November 2023","2,319,260"
"2841 Salts Of Oxometallic Or Peroxometallic Acids","Chile","December 2023","1,033,494"
"2841 Salts Of Oxometallic Or Peroxometallic Acids","Chile","January 2024","1,008,211"
"2841 Salts Of Oxometallic Or Peroxometallic Acids","Chile","February 2024","1,110,665"
"2841 Salts Of Oxometallic Or Peroxometallic Acids","Chile","March 2024","3,331,612"
"2841 Salts Of Oxometallic Or Peroxometallic Acids","Chile","April 2024","3,170,131"
"2841 Salts Of Oxometallic Or Peroxometallic Acids","Chile","May 2024","3,875,900"
"2841 Salts Of Oxometallic Or Peroxometallic Acids","Chile","June 2024","3,387,402"
"2841 Salts Of Oxometallic Or Peroxometallic Acids","Chile","August 2024","5,397,987"
"2841 Salts Of Oxometallic Or Peroxometallic Acids","Chile","September 2024","3,543,930"
"2841 Salts Of Oxometallic Or Peroxometallic Acids","Chile","October 2024","5,677,525"
"2841 Salts Of Oxometallic Or Peroxometallic Acids","Chile","December 2024","544,425"
"2841 Salts Of Oxometallic Or Peroxometallic Acids","Chile","January 2025","1,622,894"
"2841 Salts Of Oxometallic Or Peroxometallic Acids","Chile","February 2025","3,833,521"
"2841 Salts Of Oxometallic Or Peroxometallic Acids","Chile","March 2025","504,914"
"2841 Salts Of Oxometallic Or Peroxometallic Acids","Chile","April 2025","1,980,039"
"2841 Salts Of Oxometallic Or Peroxometallic Acids","Chile","May 2025","3,826,505"
"2841 Salts Of Oxometallic Or Peroxometallic Acids","Chile","June 2025","1,050,525"
"2841 Salts Of Oxometallic Or Peroxometallic Acids","Chile","July 2025","1,576,594"
"2841 Salts Of Oxometallic Or Peroxometallic Acids","Chile","September 2025","3,301,369"
"2841 Salts Of Oxometallic Or Peroxometallic Acids","Chile","October 2025","614,389"
"2841 Salts Of Oxometallic Or Peroxometallic Acids","Chile","December 2025","940,293"
"2841 Salts Of Oxometallic Or Peroxometallic Acids","Colombia","January 2010","42,500"
"2841 Salts Of Oxometallic Or Peroxometallic Acids","Colombia","February 2010","6,140"
"2841 Salts Of Oxometallic Or Peroxometallic Acids","Colombia","March 2010","30,600"
"2841 Salts Of Oxometallic Or Peroxometallic Acids","Colombia","April 2010","6,800"
"2841 Salts Of Oxometallic Or Peroxometallic Acids","Colombia","May 2010","39,270"
"2841 Salts Of Oxometallic Or Peroxometallic Acids","Colombia","June 2010","30,600"
"2841 Salts Of Oxometallic Or Peroxometallic Acids","Colombia","July 2010","25,515"
"2841 Salts Of Oxometallic Or Peroxometallic Acids","Colombia","August 2010","30,310"
"2841 Salts Of Oxometallic Or Peroxometallic Acids","Colombia","September 2010","12,750"
"2841 Salts Of Oxometallic Or Peroxometallic Acids","Colombia","October 2010","36,550"
"2841 Salts Of Oxometallic Or Peroxometallic Acids","Colombia","November 2010","17,000"
"2841 Salts Of Oxometallic Or Peroxometallic Acids","Colombia","January 2011","34,000"
"2841 Salts Of Oxometallic Or Peroxometallic Acids","Colombia","February 2011","18,000"
"2841 Salts Of Oxometallic Or Peroxometallic Acids","Colombia","May 2011","5,100"
"2841 Salts Of Oxometallic Or Peroxometallic Acids","Colombia","June 2011","19,200"
"2841 Salts Of Oxometallic Or Peroxometallic Acids","Colombia","August 2011","14,850"
"2841 Salts Of Oxometallic Or Peroxometallic Acids","Colombia","September 2011","52,730"
"2841 Salts Of Oxometallic Or Peroxometallic Acids","Colombia","October 2011","7,360"
"2841 Salts Of Oxometallic Or Peroxometallic Acids","Colombia","November 2011","58,130"
"2841 Salts Of Oxometallic Or Peroxometallic Acids","Colombia","January 2012","39,850"
"2841 Salts Of Oxometallic Or Peroxometallic Acids","Colombia","February 2012","27,160"
"2841 Salts Of Oxometallic Or Peroxometallic Acids","Colombia","March 2012","23,870"
"2841 Salts Of Oxometallic Or Peroxometallic Acids","Colombia","April 2012","8,140"
"2841 Salts Of Oxometallic Or Peroxometallic Acids","Colombia","May 2012","23,670"
"2841 Salts Of Oxometallic Or Peroxometallic Acids","Colombia","June 2012","62,540"
"2841 Salts Of Oxometallic Or Peroxometallic Acids","Colombia","July 2012","19,800"
"2841 Salts Of Oxometallic Or Peroxometallic Acids","Colombia","August 2012","33,980"
"2841 Salts Of Oxometallic Or Peroxometallic Acids","Colombia","September 2012","87,462"
"2841 Salts Of Oxometallic Or Peroxometallic Acids","Colombia","October 2012","14,610"
"2841 Salts Of Oxometallic Or Peroxometallic Acids","Colombia","November 2012","19,800"
"2841 Salts Of Oxometallic Or Peroxometallic Acids","Colombia","December 2012","36,560"
"2841 Salts Of Oxometallic Or Peroxometallic Acids","Colombia","February 2013","31,700"
"2841 Salts Of Oxometallic Or Peroxometallic Acids","Colombia","April 2013","28,820"
"2841 Salts Of Oxometallic Or Peroxometallic Acids","Colombia","May 2013","63,550"
"2841 Salts Of Oxometallic Or Peroxometallic Acids","Colombia","June 2013","25,895"
"2841 Salts Of Oxometallic Or Peroxometallic Acids","Colombia","July 2013","19,600"
"2841 Salts Of Oxometallic Or Peroxometallic Acids","Colombia","August 2013","14,850"
"2841 Salts Of Oxometallic Or Peroxometallic Acids","Colombia","September 2013","4,750"
"2841 Salts Of Oxometallic Or Peroxometallic Acids","Colombia","October 2013","24,350"
"2841 Salts Of Oxometallic Or Peroxometallic Acids","Colombia","November 2013","23,870"
"2841 Salts Of Oxometallic Or Peroxometallic Acids","Colombia","December 2013","24,750"
"2841 Salts Of Oxometallic Or Peroxometallic Acids","Colombia","January 2014","27,350"
"2841 Salts Of Oxometallic Or Peroxometallic Acids","Colombia","February 2014","16,280"
"2841 Salts Of Oxometallic Or Peroxometallic Acids","Colombia","March 2014","51,900"
"2841 Salts Of Oxometallic Or Peroxometallic Acids","Colombia","April 2014","18,040"
"2841 Salts Of Oxometallic Or Peroxometallic Acids","Colombia","May 2014","22,400"
"2841 Salts Of Oxometallic Or Peroxometallic Acids","Colombia","June 2014","50,050"
"2841 Salts Of Oxometallic Or Peroxometallic Acids","Colombia","August 2014","28,620"
"2841 Salts Of Oxometallic Or Peroxometallic Acids","Colombia","September 2014","40,440"
"2841 Salts Of Oxometallic Or Peroxometallic Acids","Colombia","October 2014","161,510"
"2841 Salts Of Oxometallic Or Peroxometallic Acids","Colombia","December 2014","13,340"
"2841 Salts Of Oxometallic Or Peroxometallic Acids","Colombia","January 2015","26,460"
"2841 Salts Of Oxometallic Or Peroxometallic Acids","Colombia","February 2015","12,890"
"2841 Salts Of Oxometallic Or Peroxometallic Acids","Colombia","March 2015","3,680"
"2841 Salts Of Oxometallic Or Peroxometallic Acids","Colombia","April 2015","14,720"
"2841 Salts Of Oxometallic Or Peroxometallic Acids","Colombia","May 2015","22,080"
"2841 Salts Of Oxometallic Or Peroxometallic Acids","Colombia","July 2015","11,040"
"2841 Salts Of Oxometallic Or Peroxometallic Acids","Colombia","August 2015","7,360"
"2841 Salts Of Oxometallic Or Peroxometallic Acids","Colombia","October 2015","9,840"
"2841 Salts Of Oxometallic Or Peroxometallic Acids","Colombia","November 2015","7,360"
"2841 Salts Of Oxometallic Or Peroxometallic Acids","Colombia","December 2015","11,040"
"2841 Salts Of Oxometallic Or Peroxometallic Acids","Colombia","January 2016","23,080"
"2841 Salts Of Oxometallic Or Peroxometallic Acids","Colombia","February 2016","15,690"
"2841 Salts Of Oxometallic Or Peroxometallic Acids","Colombia","March 2016","11,240"
"2841 Salts Of Oxometallic Or Peroxometallic Acids","Colombia","October 2016","11,954"
"2841 Salts Of Oxometallic Or Peroxometallic Acids","Colombia","December 2016","10,372"
"2841 Salts Of Oxometallic Or Peroxometallic Acids","Colombia","January 2017","6,996"
"2841 Salts Of Oxometallic Or Peroxometallic Acids","Colombia","February 2017","3,414"
"2841 Salts Of Oxometallic Or Peroxometallic Acids","Colombia","May 2017","2,001"
"2841 Salts Of Oxometallic Or Peroxometallic Acids","Colombia","June 2017","21,760"
"2841 Salts Of Oxometallic Or Peroxometallic Acids","Colombia","July 2017","3,640"
"2841 Salts Of Oxometallic Or Peroxometallic Acids","Colombia","August 2017","4,061"
"2841 Salts Of Oxometallic Or Peroxometallic Acids","Colombia","October 2017","16,676"
"2841 Salts Of Oxometallic Or Peroxometallic Acids","Colombia","December 2017","21,950"
"2841 Salts Of Oxometallic Or Peroxometallic Acids","Colombia","February 2018","18,858"
"2841 Salts Of Oxometallic Or Peroxometallic Acids","Colombia","March 2018","4,738"
"2841 Salts Of Oxometallic Or Peroxometallic Acids","Colombia","May 2018","3,894"
"2841 Salts Of Oxometallic Or Peroxometallic Acids","Colombia","June 2018","16,166"
"2841 Salts Of Oxometallic Or Peroxometallic Acids","Colombia","July 2018","7,215"
"2841 Salts Of Oxometallic Or Peroxometallic Acids","Colombia","September 2018","7,415"
"2841 Salts Of Oxometallic Or Peroxometallic Acids","Colombia","October 2018","25,573"
"2841 Salts Of Oxometallic Or Peroxometallic Acids","Colombia","December 2018","14,105"
"2841 Salts Of Oxometallic Or Peroxometallic Acids","Colombia","February 2019","28,436"
"2841 Salts Of Oxometallic Or Peroxometallic Acids","Colombia","March 2019","3,969"
"2841 Salts Of Oxometallic Or Peroxometallic Acids","Colombia","April 2019","7,343"
"2841 Salts Of Oxometallic Or Peroxometallic Acids","Colombia","May 2019","14,850"
"2841 Salts Of Oxometallic Or Peroxometallic Acids","Colombia","June 2019","9,620"
"2841 Salts Of Oxometallic Or Peroxometallic Acids","Colombia","July 2019","10,156"
"2841 Salts Of Oxometallic Or Peroxometallic Acids","Colombia","September 2019","17,757"
"2841 Salts Of Oxometallic Or Peroxometallic Acids","Colombia","October 2019","7,825"
"2841 Salts Of Oxometallic Or Peroxometallic Acids","Colombia","November 2019","4,954"
"2841 Salts Of Oxometallic Or Peroxometallic Acids","Colombia","December 2019","3,529"
"2841 Salts Of Oxometallic Or Peroxometallic Acids","Colombia","February 2020","3,546"
"2841 Salts Of Oxometallic Or Peroxometallic Acids","Colombia","March 2020","25,166"
"2841 Salts Of Oxometallic Or Peroxometallic Acids","Colombia","July 2020","46,755"
"2841 Salts Of Oxometallic Or Peroxometallic Acids","Colombia","September 2020","11,501"
"2841 Salts Of Oxometallic Or Peroxometallic Acids","Colombia","October 2020","3,547"
"2841 Salts Of Oxometallic Or Peroxometallic Acids","Colombia","November 2020","2,080"
"2841 Salts Of Oxometallic Or Peroxometallic Acids","Colombia","January 2021","2,600"
"2841 Salts Of Oxometallic Or Peroxometallic Acids","Colombia","February 2021","3,477"
"2841 Salts Of Oxometallic Or Peroxometallic Acids","Colombia","April 2021","15,209"
"2841 Salts Of Oxometallic Or Peroxometallic Acids","Colombia","July 2021","2,750"
"2841 Salts Of Oxometallic Or Peroxometallic Acids","Colombia","August 2021","17,520"
"2841 Salts Of Oxometallic Or Peroxometallic Acids","Colombia","September 2021","21,350"
"2841 Salts Of Oxometallic Or Peroxometallic Acids","Colombia","October 2021","2,750"
"2841 Salts Of Oxometallic Or Peroxometallic Acids","Colombia","November 2021","34,433"
"2841 Salts Of Oxometallic Or Peroxometallic Acids","Colombia","December 2021","8,803"
"2841 Salts Of Oxometallic Or Peroxometallic Acids","Colombia","February 2022","64,050"
"2841 Salts Of Oxometallic Or Peroxometallic Acids","Colombia","March 2022","10,013"
"2841 Salts Of Oxometallic Or Peroxometallic Acids","Colombia","April 2022","6,435"
"2841 Salts Of Oxometallic Or Peroxometallic Acids","Colombia","June 2022","31,704"
"2841 Salts Of Oxometallic Or Peroxometallic Acids","Colombia","August 2022","8,749"
"2841 Salts Of Oxometallic Or Peroxometallic Acids","Colombia","September 2022","14,629"
"2841 Salts Of Oxometallic Or Peroxometallic Acids","Colombia","October 2022","53,589"
"2841 Salts Of Oxometallic Or Peroxometallic Acids","Colombia","February 2023","25,956"
"2841 Salts Of Oxometallic Or Peroxometallic Acids","Colombia","June 2023","7,000"
"2841 Salts Of Oxometallic Or Peroxometallic Acids","Colombia","July 2023","7,925"
"2841 Salts Of Oxometallic Or Peroxometallic Acids","Colombia","August 2023","12,333"
"2841 Salts Of Oxometallic Or Peroxometallic Acids","Colombia","September 2023","13,649"
"2841 Salts Of Oxometallic Or Peroxometallic Acids","Colombia","October 2023","4,592"
"2841 Salts Of Oxometallic Or Peroxometallic Acids","Colombia","November 2023","15,980"
"2841 Salts Of Oxometallic Or Peroxometallic Acids","Colombia","December 2023","3,500"
"2841 Salts Of Oxometallic Or Peroxometallic Acids","Colombia","January 2024","3,500"
"2841 Salts Of Oxometallic Or Peroxometallic Acids","Colombia","February 2024","4,900"
"2841 Salts Of Oxometallic Or Peroxometallic Acids","Colombia","March 2024","11,079"
"2841 Salts Of Oxometallic Or Peroxometallic Acids","Colombia","June 2024","7,828"
"2841 Salts Of Oxometallic Or Peroxometallic Acids","Colombia","August 2024","23,180"
"2841 Salts Of Oxometallic Or Peroxometallic Acids","Colombia","September 2024","14,702"
"2841 Salts Of Oxometallic Or Peroxometallic Acids","Colombia","November 2024","11,006"
"2841 Salts Of Oxometallic Or Peroxometallic Acids","Colombia","February 2025","29,659"
"2841 Salts Of Oxometallic Or Peroxometallic Acids","Colombia","April 2025","5,726"
"2841 Salts Of Oxometallic Or Peroxometallic Acids","Colombia","August 2025","15,425"
"7106 Silver (incl Prec Plated), Unwr, Semimfr Or Powder","Argentina","February 2010","4,272,594"
"7106 Silver (incl Prec Plated), Unwr, Semimfr Or Powder","Argentina","April 2010","5,438,324"
"7106 Silver (incl Prec Plated), Unwr, Semimfr Or Powder","Argentina","June 2010","3,680,969"
"7106 Silver (incl Prec Plated), Unwr, Semimfr Or Powder","Argentina","July 2010","4,213,030"
"7106 Silver (incl Prec Plated), Unwr, Semimfr Or Powder","Argentina","August 2010","8,740,324"
"7106 Silver (incl Prec Plated), Unwr, Semimfr Or Powder","Argentina","September 2010","14,524,498"
"7106 Silver (incl Prec Plated), Unwr, Semimfr Or Powder","Argentina","October 2010","5,161,402"
"7106 Silver (incl Prec Plated), Unwr, Semimfr Or Powder","Argentina","December 2010","8,664,974"
"7106 Silver (incl Prec Plated), Unwr, Semimfr Or Powder","Argentina","February 2011","26,961,447"
"7106 Silver (incl Prec Plated), Unwr, Semimfr Or Powder","Argentina","March 2011","9,499,915"
"7106 Silver (incl Prec Plated), Unwr, Semimfr Or Powder","Argentina","April 2011","7,285,352"
"7106 Silver (incl Prec Plated), Unwr, Semimfr Or Powder","Argentina","June 2011","7,101,588"
"7106 Silver (incl Prec Plated), Unwr, Semimfr Or Powder","Argentina","July 2011","8,764,954"
"7106 Silver (incl Prec Plated), Unwr, Semimfr Or Powder","Argentina","August 2011","19,824,350"
"7106 Silver (incl Prec Plated), Unwr, Semimfr Or Powder","Argentina","September 2011","11,703,878"
"7106 Silver (incl Prec Plated), Unwr, Semimfr Or Powder","Argentina","October 2011","11,583,186"
"7106 Silver (incl Prec Plated), Unwr, Semimfr Or Powder","Argentina","November 2011","19,806,708"
"7106 Silver (incl Prec Plated), Unwr, Semimfr Or Powder","Argentina","December 2011","16,658,411"
"7106 Silver (incl Prec Plated), Unwr, Semimfr Or Powder","Argentina","January 2012","8,173,161"
"7106 Silver (incl Prec Plated), Unwr, Semimfr Or Powder","Argentina","February 2012","834,190"
"7106 Silver (incl Prec Plated), Unwr, Semimfr Or Powder","Argentina","March 2012","11,122,768"
"7106 Silver (incl Prec Plated), Unwr, Semimfr Or Powder","Argentina","April 2012","1,952,293"
"7106 Silver (incl Prec Plated), Unwr, Semimfr Or Powder","Argentina","May 2012","849,411"
"7106 Silver (incl Prec Plated), Unwr, Semimfr Or Powder","Argentina","June 2012","5,865,442"
"7106 Silver (incl Prec Plated), Unwr, Semimfr Or Powder","Argentina","July 2012","8,326,867"
"7106 Silver (incl Prec Plated), Unwr, Semimfr Or Powder","Argentina","September 2012","7,940,236"
"7106 Silver (incl Prec Plated), Unwr, Semimfr Or Powder","Argentina","October 2012","1,008,795"
"7106 Silver (incl Prec Plated), Unwr, Semimfr Or Powder","Argentina","November 2012","7,662,742"
"7106 Silver (incl Prec Plated), Unwr, Semimfr Or Powder","Argentina","December 2012","1,001,979"
"7106 Silver (incl Prec Plated), Unwr, Semimfr Or Powder","Argentina","January 2013","274,698"
"7106 Silver (incl Prec Plated), Unwr, Semimfr Or Powder","Argentina","March 2013","1,060,352"
"7106 Silver (incl Prec Plated), Unwr, Semimfr Or Powder","Argentina","May 2013","363,737"
"7106 Silver (incl Prec Plated), Unwr, Semimfr Or Powder","Argentina","June 2013","337,865"
"7106 Silver (incl Prec Plated), Unwr, Semimfr Or Powder","Argentina","July 2013","5,167,403"
"7106 Silver (incl Prec Plated), Unwr, Semimfr Or Powder","Argentina","August 2013","295,592"
"7106 Silver (incl Prec Plated), Unwr, Semimfr Or Powder","Argentina","October 2013","5,772,180"
"7106 Silver (incl Prec Plated), Unwr, Semimfr Or Powder","Argentina","November 2013","2,440,137"
"7106 Silver (incl Prec Plated), Unwr, Semimfr Or Powder","Argentina","December 2013","174,610"
"7106 Silver (incl Prec Plated), Unwr, Semimfr Or Powder","Argentina","January 2014","3,861,123"
"7106 Silver (incl Prec Plated), Unwr, Semimfr Or Powder","Argentina","February 2014","1,113,178"
"7106 Silver (incl Prec Plated), Unwr, Semimfr Or Powder","Argentina","March 2014","2,636,707"
"7106 Silver (incl Prec Plated), Unwr, Semimfr Or Powder","Argentina","April 2014","4,036,527"
"7106 Silver (incl Prec Plated), Unwr, Semimfr Or Powder","Argentina","May 2014","6,456,032"
"7106 Silver (incl Prec Plated), Unwr, Semimfr Or Powder","Argentina","June 2014","4,223,889"
"7106 Silver (incl Prec Plated), Unwr, Semimfr Or Powder","Argentina","July 2014","193,387"
"7106 Silver (incl Prec Plated), Unwr, Semimfr Or Powder","Argentina","August 2014","5,741,467"
"7106 Silver (incl Prec Plated), Unwr, Semimfr Or Powder","Argentina","September 2014","2,074,512"
"7106 Silver (incl Prec Plated), Unwr, Semimfr Or Powder","Argentina","October 2014","9,290,280"
"7106 Silver (incl Prec Plated), Unwr, Semimfr Or Powder","Argentina","November 2014","6,115,270"
"7106 Silver (incl Prec Plated), Unwr, Semimfr Or Powder","Argentina","December 2014","10,838,209"
"7106 Silver (incl Prec Plated), Unwr, Semimfr Or Powder","Argentina","January 2015","8,264,560"
"7106 Silver (incl Prec Plated), Unwr, Semimfr Or Powder","Argentina","February 2015","13,436,280"
"7106 Silver (incl Prec Plated), Unwr, Semimfr Or Powder","Argentina","March 2015","8,038,084"
"7106 Silver (incl Prec Plated), Unwr, Semimfr Or Powder","Argentina","April 2015","11,093,708"
"7106 Silver (incl Prec Plated), Unwr, Semimfr Or Powder","Argentina","May 2015","12,121,273"
"7106 Silver (incl Prec Plated), Unwr, Semimfr Or Powder","Argentina","June 2015","5,121,516"
"7106 Silver (incl Prec Plated), Unwr, Semimfr Or Powder","Argentina","July 2015","12,867,805"
"7106 Silver (incl Prec Plated), Unwr, Semimfr Or Powder","Argentina","August 2015","11,613,503"
"7106 Silver (incl Prec Plated), Unwr, Semimfr Or Powder","Argentina","September 2015","12,727,101"
"7106 Silver (incl Prec Plated), Unwr, Semimfr Or Powder","Argentina","October 2015","3,960,802"
"7106 Silver (incl Prec Plated), Unwr, Semimfr Or Powder","Argentina","November 2015","6,113,135"
"7106 Silver (incl Prec Plated), Unwr, Semimfr Or Powder","Argentina","December 2015","4,415,398"
"7106 Silver (incl Prec Plated), Unwr, Semimfr Or Powder","Argentina","February 2016","6,070,663"
"7106 Silver (incl Prec Plated), Unwr, Semimfr Or Powder","Argentina","April 2016","4,926,575"
"7106 Silver (incl Prec Plated), Unwr, Semimfr Or Powder","Argentina","May 2016","4,129,805"
"7106 Silver (incl Prec Plated), Unwr, Semimfr Or Powder","Argentina","June 2016","4,671,677"
"7106 Silver (incl Prec Plated), Unwr, Semimfr Or Powder","Argentina","July 2016","16,334,226"
"7106 Silver (incl Prec Plated), Unwr, Semimfr Or Powder","Argentina","August 2016","9,606,984"
"7106 Silver (incl Prec Plated), Unwr, Semimfr Or Powder","Argentina","September 2016","6,007,505"
"7106 Silver (incl Prec Plated), Unwr, Semimfr Or Powder","Argentina","October 2016","11,863,398"
"7106 Silver (incl Prec Plated), Unwr, Semimfr Or Powder","Argentina","November 2016","534,572"
"7106 Silver (incl Prec Plated), Unwr, Semimfr Or Powder","Argentina","December 2016","20,060,257"
"7106 Silver (incl Prec Plated), Unwr, Semimfr Or Powder","Argentina","January 2017","4,735,238"
"7106 Silver (incl Prec Plated), Unwr, Semimfr Or Powder","Argentina","February 2017","13,456,279"
"7106 Silver (incl Prec Plated), Unwr, Semimfr Or Powder","Argentina","March 2017","5,891,711"
"7106 Silver (incl Prec Plated), Unwr, Semimfr Or Powder","Argentina","April 2017","10,823,575"
"7106 Silver (incl Prec Plated), Unwr, Semimfr Or Powder","Argentina","May 2017","8,249,728"
"7106 Silver (incl Prec Plated), Unwr, Semimfr Or Powder","Argentina","June 2017","10,785,652"
"7106 Silver (incl Prec Plated), Unwr, Semimfr Or Powder","Argentina","July 2017","2,770,323"
"7106 Silver (incl Prec Plated), Unwr, Semimfr Or Powder","Argentina","August 2017","8,845,547"
"7106 Silver (incl Prec Plated), Unwr, Semimfr Or Powder","Argentina","September 2017","9,138,043"
"7106 Silver (incl Prec Plated), Unwr, Semimfr Or Powder","Argentina","October 2017","9,204,741"
"7106 Silver (incl Prec Plated), Unwr, Semimfr Or Powder","Argentina","November 2017","7,582,661"
"7106 Silver (incl Prec Plated), Unwr, Semimfr Or Powder","Argentina","December 2017","12,101,557"
"7106 Silver (incl Prec Plated), Unwr, Semimfr Or Powder","Argentina","January 2018","7,300,144"
"7106 Silver (incl Prec Plated), Unwr, Semimfr Or Powder","Argentina","February 2018","11,470,168"
"7106 Silver (incl Prec Plated), Unwr, Semimfr Or Powder","Argentina","March 2018","16,103,745"
"7106 Silver (incl Prec Plated), Unwr, Semimfr Or Powder","Argentina","April 2018","10,688,389"
"7106 Silver (incl Prec Plated), Unwr, Semimfr Or Powder","Argentina","May 2018","13,966,929"
"7106 Silver (incl Prec Plated), Unwr, Semimfr Or Powder","Argentina","June 2018","10,022,188"
"7106 Silver (incl Prec Plated), Unwr, Semimfr Or Powder","Argentina","July 2018","3,460,526"
"7106 Silver (incl Prec Plated), Unwr, Semimfr Or Powder","Argentina","August 2018","6,758,582"
"7106 Silver (incl Prec Plated), Unwr, Semimfr Or Powder","Argentina","October 2018","23,981,612"
"7106 Silver (incl Prec Plated), Unwr, Semimfr Or Powder","Argentina","November 2018","26,684,727"
"7106 Silver (incl Prec Plated), Unwr, Semimfr Or Powder","Argentina","December 2018","22,593,133"
"7106 Silver (incl Prec Plated), Unwr, Semimfr Or Powder","Argentina","January 2019","16,224,963"
"7106 Silver (incl Prec Plated), Unwr, Semimfr Or Powder","Argentina","February 2019","15,645,902"
"7106 Silver (incl Prec Plated), Unwr, Semimfr Or Powder","Argentina","March 2019","15,503,909"
"7106 Silver (incl Prec Plated), Unwr, Semimfr Or Powder","Argentina","April 2019","10,762,881"
"7106 Silver (incl Prec Plated), Unwr, Semimfr Or Powder","Argentina","May 2019","14,487,076"
"7106 Silver (incl Prec Plated), Unwr, Semimfr Or Powder","Argentina","June 2019","8,103,426"
"7106 Silver (incl Prec Plated), Unwr, Semimfr Or Powder","Argentina","July 2019","5,785,920"
"7106 Silver (incl Prec Plated), Unwr, Semimfr Or Powder","Argentina","August 2019","12,242,120"
"7106 Silver (incl Prec Plated), Unwr, Semimfr Or Powder","Argentina","September 2019","5,626,148"
"7106 Silver (incl Prec Plated), Unwr, Semimfr Or Powder","Argentina","October 2019","9,509,046"
"7106 Silver (incl Prec Plated), Unwr, Semimfr Or Powder","Argentina","November 2019","9,306,351"
"7106 Silver (incl Prec Plated), Unwr, Semimfr Or Powder","Argentina","December 2019","11,467,562"
"7106 Silver (incl Prec Plated), Unwr, Semimfr Or Powder","Argentina","January 2020","8,284,336"
"7106 Silver (incl Prec Plated), Unwr, Semimfr Or Powder","Argentina","February 2020","17,551,592"
"7106 Silver (incl Prec Plated), Unwr, Semimfr Or Powder","Argentina","March 2020","4,815,124"
"7106 Silver (incl Prec Plated), Unwr, Semimfr Or Powder","Argentina","April 2020","12,145,808"
"7106 Silver (incl Prec Plated), Unwr, Semimfr Or Powder","Argentina","June 2020","27,290,090"
"7106 Silver (incl Prec Plated), Unwr, Semimfr Or Powder","Argentina","July 2020","3,581,100"
"7106 Silver (incl Prec Plated), Unwr, Semimfr Or Powder","Argentina","October 2020","2,044,645"
"7106 Silver (incl Prec Plated), Unwr, Semimfr Or Powder","Argentina","November 2020","13,158"
"7106 Silver (incl Prec Plated), Unwr, Semimfr Or Powder","Argentina","December 2020","17,839,341"
"7106 Silver (incl Prec Plated), Unwr, Semimfr Or Powder","Argentina","March 2021","4,909,756"
"7106 Silver (incl Prec Plated), Unwr, Semimfr Or Powder","Argentina","September 2021","3,129,561"
"7106 Silver (incl Prec Plated), Unwr, Semimfr Or Powder","Argentina","June 2022","2,504,360"
"7106 Silver (incl Prec Plated), Unwr, Semimfr Or Powder","Argentina","October 2022","2,687,350"
"7106 Silver (incl Prec Plated), Unwr, Semimfr Or Powder","Argentina","December 2022","7,772,535"
"7106 Silver (incl Prec Plated), Unwr, Semimfr Or Powder","Argentina","January 2023","3,753,299"
"7106 Silver (incl Prec Plated), Unwr, Semimfr Or Powder","Argentina","February 2023","2,254,795"
"7106 Silver (incl Prec Plated), Unwr, Semimfr Or Powder","Argentina","March 2023","1,946,512"
"7106 Silver (incl Prec Plated), Unwr, Semimfr Or Powder","Argentina","April 2023","2,301,434"
"7106 Silver (incl Prec Plated), Unwr, Semimfr Or Powder","Argentina","May 2023","353,589"
"7106 Silver (incl Prec Plated), Unwr, Semimfr Or Powder","Argentina","June 2023","2,823,351"
"7106 Silver (incl Prec Plated), Unwr, Semimfr Or Powder","Argentina","July 2023","897,503"
"7106 Silver (incl Prec Plated), Unwr, Semimfr Or Powder","Argentina","August 2023","2,421,505"
"7106 Silver (incl Prec Plated), Unwr, Semimfr Or Powder","Argentina","September 2023","2,470,408"
"7106 Silver (incl Prec Plated), Unwr, Semimfr Or Powder","Argentina","October 2023","2,125,183"
"7106 Silver (incl Prec Plated), Unwr, Semimfr Or Powder","Argentina","November 2023","1,470,653"
"7106 Silver (incl Prec Plated), Unwr, Semimfr Or Powder","Argentina","December 2023","3,390,414"
"7106 Silver (incl Prec Plated), Unwr, Semimfr Or Powder","Argentina","January 2024","1,810,721"
"7106 Silver (incl Prec Plated), Unwr, Semimfr Or Powder","Argentina","February 2024","2,129,168"
"7106 Silver (incl Prec Plated), Unwr, Semimfr Or Powder","Argentina","March 2024","2,653,522"
"7106 Silver (incl Prec Plated), Unwr, Semimfr Or Powder","Argentina","June 2024","4,236,036"
"7106 Silver (incl Prec Plated), Unwr, Semimfr Or Powder","Argentina","July 2024","2,333,444"
"7106 Silver (incl Prec Plated), Unwr, Semimfr Or Powder","Argentina","August 2024","1,437,851"
"7106 Silver (incl Prec Plated), Unwr, Semimfr Or Powder","Argentina","September 2024","3,071,341"
"7106 Silver (incl Prec Plated), Unwr, Semimfr Or Powder","Argentina","October 2024","1,895,859"
"7106 Silver (incl Prec Plated), Unwr, Semimfr Or Powder","Argentina","November 2024","4,356,976"
"7106 Silver (incl Prec Plated), Unwr, Semimfr Or Powder","Argentina","December 2024","4,318,968"
"7106 Silver (incl Prec Plated), Unwr, Semimfr Or Powder","Argentina","January 2025","2,094,568"
"7106 Silver (incl Prec Plated), Unwr, Semimfr Or Powder","Argentina","February 2025","1,449,428"
"7106 Silver (incl Prec Plated), Unwr, Semimfr Or Powder","Argentina","March 2025","1,851,703"
"7106 Silver (incl Prec Plated), Unwr, Semimfr Or Powder","Argentina","May 2025","3,475,295"
"7106 Silver (incl Prec Plated), Unwr, Semimfr Or Powder","Argentina","June 2025","2,627,726"
"7106 Silver (incl Prec Plated), Unwr, Semimfr Or Powder","Argentina","July 2025","2,268,970"
"7106 Silver (incl Prec Plated), Unwr, Semimfr Or Powder","Argentina","August 2025","3,770,830"
"7106 Silver (incl Prec Plated), Unwr, Semimfr Or Powder","Argentina","September 2025","4,749,131"
"7106 Silver (incl Prec Plated), Unwr, Semimfr Or Powder","Argentina","October 2025","5,767,536"
"7106 Silver (incl Prec Plated), Unwr, Semimfr Or Powder","Argentina","November 2025","4,623,124"
"7106 Silver (incl Prec Plated), Unwr, Semimfr Or Powder","Argentina","December 2025","7,652,155"
"7106 Silver (incl Prec Plated), Unwr, Semimfr Or Powder","Bolivia","January 2010","3,149,071"
"7106 Silver (incl Prec Plated), Unwr, Semimfr Or Powder","Bolivia","February 2010","6,030,630"
"7106 Silver (incl Prec Plated), Unwr, Semimfr Or Powder","Bolivia","March 2010","5,263,767"
"7106 Silver (incl Prec Plated), Unwr, Semimfr Or Powder","Bolivia","April 2010","5,582,692"
"7106 Silver (incl Prec Plated), Unwr, Semimfr Or Powder","Bolivia","May 2010","3,521,680"
"7106 Silver (incl Prec Plated), Unwr, Semimfr Or Powder","Bolivia","June 2010","7,617,441"
"7106 Silver (incl Prec Plated), Unwr, Semimfr Or Powder","Bolivia","July 2010","3,840,915"
"7106 Silver (incl Prec Plated), Unwr, Semimfr Or Powder","Bolivia","August 2010","3,931,281"
"7106 Silver (incl Prec Plated), Unwr, Semimfr Or Powder","Bolivia","September 2010","7,465,380"
"7106 Silver (incl Prec Plated), Unwr, Semimfr Or Powder","Bolivia","October 2010","8,255,360"
"7106 Silver (incl Prec Plated), Unwr, Semimfr Or Powder","Bolivia","November 2010","12,406,566"
"7106 Silver (incl Prec Plated), Unwr, Semimfr Or Powder","Bolivia","December 2010","6,191,877"
"7106 Silver (incl Prec Plated), Unwr, Semimfr Or Powder","Bolivia","January 2011","5,655,223"
"7106 Silver (incl Prec Plated), Unwr, Semimfr Or Powder","Bolivia","February 2011","5,955,335"
"7106 Silver (incl Prec Plated), Unwr, Semimfr Or Powder","Bolivia","March 2011","13,821,261"
"7106 Silver (incl Prec Plated), Unwr, Semimfr Or Powder","Bolivia","April 2011","6,228,415"
"7106 Silver (incl Prec Plated), Unwr, Semimfr Or Powder","Bolivia","May 2011","18,004,150"
"7106 Silver (incl Prec Plated), Unwr, Semimfr Or Powder","Bolivia","June 2011","23,888,746"
"7106 Silver (incl Prec Plated), Unwr, Semimfr Or Powder","Bolivia","July 2011","7,898,034"
"7106 Silver (incl Prec Plated), Unwr, Semimfr Or Powder","Bolivia","August 2011","8,869,322"
"7106 Silver (incl Prec Plated), Unwr, Semimfr Or Powder","Bolivia","October 2011","15,055,429"
"7106 Silver (incl Prec Plated), Unwr, Semimfr Or Powder","Bolivia","November 2011","7,343,648"
"7106 Silver (incl Prec Plated), Unwr, Semimfr Or Powder","Bolivia","January 2012","12,867,937"
"7106 Silver (incl Prec Plated), Unwr, Semimfr Or Powder","Bolivia","February 2012","7,823,411"
"7106 Silver (incl Prec Plated), Unwr, Semimfr Or Powder","Bolivia","March 2012","7,179,844"
"7106 Silver (incl Prec Plated), Unwr, Semimfr Or Powder","Bolivia","April 2012","7,103,505"
"7106 Silver (incl Prec Plated), Unwr, Semimfr Or Powder","Bolivia","December 2012","7,935,942"
"7106 Silver (incl Prec Plated), Unwr, Semimfr Or Powder","Bolivia","January 2013","12,502,817"
"7106 Silver (incl Prec Plated), Unwr, Semimfr Or Powder","Bolivia","February 2013","7,779,643"
"7106 Silver (incl Prec Plated), Unwr, Semimfr Or Powder","Bolivia","March 2013","15,420,609"
"7106 Silver (incl Prec Plated), Unwr, Semimfr Or Powder","Bolivia","April 2013","7,267,012"
"7106 Silver (incl Prec Plated), Unwr, Semimfr Or Powder","Bolivia","May 2013","6,822,409"
"7106 Silver (incl Prec Plated), Unwr, Semimfr Or Powder","Bolivia","June 2013","5,959,995"
"7106 Silver (incl Prec Plated), Unwr, Semimfr Or Powder","Bolivia","August 2013","5,284,383"
"7106 Silver (incl Prec Plated), Unwr, Semimfr Or Powder","Bolivia","September 2013","5,339,706"
"7106 Silver (incl Prec Plated), Unwr, Semimfr Or Powder","Bolivia","October 2013","5,978,251"
"7106 Silver (incl Prec Plated), Unwr, Semimfr Or Powder","Bolivia","November 2013","5,510,043"
"7106 Silver (incl Prec Plated), Unwr, Semimfr Or Powder","Bolivia","December 2013","5,003,732"
"7106 Silver (incl Prec Plated), Unwr, Semimfr Or Powder","Bolivia","January 2014","4,763,367"
"7106 Silver (incl Prec Plated), Unwr, Semimfr Or Powder","Bolivia","February 2014","3,863,383"
"7106 Silver (incl Prec Plated), Unwr, Semimfr Or Powder","Bolivia","March 2014","5,096,867"
"7106 Silver (incl Prec Plated), Unwr, Semimfr Or Powder","Bolivia","April 2014","4,799,969"
"7106 Silver (incl Prec Plated), Unwr, Semimfr Or Powder","Bolivia","May 2014","4,933,456"
"7106 Silver (incl Prec Plated), Unwr, Semimfr Or Powder","Bolivia","June 2014","3,836,093"
"7106 Silver (incl Prec Plated), Unwr, Semimfr Or Powder","Bolivia","July 2014","10,692,399"
"7106 Silver (incl Prec Plated), Unwr, Semimfr Or Powder","Bolivia","August 2014","4,912,668"
"7106 Silver (incl Prec Plated), Unwr, Semimfr Or Powder","Bolivia","September 2014","10,313,772"
"7106 Silver (incl Prec Plated), Unwr, Semimfr Or Powder","Bolivia","October 2014","14,106,280"
"7106 Silver (incl Prec Plated), Unwr, Semimfr Or Powder","Bolivia","November 2014","6,715,723"
"7106 Silver (incl Prec Plated), Unwr, Semimfr Or Powder","Bolivia","December 2014","3,753,982"
"7106 Silver (incl Prec Plated), Unwr, Semimfr Or Powder","Bolivia","January 2015","12,263,161"
"7106 Silver (incl Prec Plated), Unwr, Semimfr Or Powder","Bolivia","February 2015","3,405,526"
"7106 Silver (incl Prec Plated), Unwr, Semimfr Or Powder","Bolivia","March 2015","6,883,057"
"7106 Silver (incl Prec Plated), Unwr, Semimfr Or Powder","Bolivia","April 2015","7,025,630"
"7106 Silver (incl Prec Plated), Unwr, Semimfr Or Powder","Bolivia","May 2015","11,452,335"
"7106 Silver (incl Prec Plated), Unwr, Semimfr Or Powder","Bolivia","June 2015","3,870,845"
"7106 Silver (incl Prec Plated), Unwr, Semimfr Or Powder","Bolivia","July 2015","4,464,786"
"7106 Silver (incl Prec Plated), Unwr, Semimfr Or Powder","Bolivia","August 2015","10,672,927"
"7106 Silver (incl Prec Plated), Unwr, Semimfr Or Powder","Bolivia","September 2015","7,176,935"
"7106 Silver (incl Prec Plated), Unwr, Semimfr Or Powder","Bolivia","October 2015","7,929,333"
"7106 Silver (incl Prec Plated), Unwr, Semimfr Or Powder","Bolivia","November 2015","3,768,158"
"7106 Silver (incl Prec Plated), Unwr, Semimfr Or Powder","Bolivia","December 2015","6,945,243"
"7106 Silver (incl Prec Plated), Unwr, Semimfr Or Powder","Bolivia","January 2016","7,435,006"
"7106 Silver (incl Prec Plated), Unwr, Semimfr Or Powder","Bolivia","February 2016","8,994,616"
"7106 Silver (incl Prec Plated), Unwr, Semimfr Or Powder","Bolivia","March 2016","4,099,747"
"7106 Silver (incl Prec Plated), Unwr, Semimfr Or Powder","Bolivia","April 2016","9,098,454"
"7106 Silver (incl Prec Plated), Unwr, Semimfr Or Powder","Bolivia","May 2016","2,531,052"
"7106 Silver (incl Prec Plated), Unwr, Semimfr Or Powder","Bolivia","June 2016","8,673,739"
"7106 Silver (incl Prec Plated), Unwr, Semimfr Or Powder","Bolivia","July 2016","13,142,614"
"7106 Silver (incl Prec Plated), Unwr, Semimfr Or Powder","Bolivia","August 2016","5,280,334"
"7106 Silver (incl Prec Plated), Unwr, Semimfr Or Powder","Bolivia","September 2016","12,236,270"
"7106 Silver (incl Prec Plated), Unwr, Semimfr Or Powder","Bolivia","October 2016","4,304,348"
"7106 Silver (incl Prec Plated), Unwr, Semimfr Or Powder","Bolivia","November 2016","7,764,742"
"7106 Silver (incl Prec Plated), Unwr, Semimfr Or Powder","Bolivia","December 2016","9,101,060"
"7106 Silver (incl Prec Plated), Unwr, Semimfr Or Powder","Bolivia","January 2017","4,560,167"
"7106 Silver (incl Prec Plated), Unwr, Semimfr Or Powder","Bolivia","February 2017","8,028,606"
"7106 Silver (incl Prec Plated), Unwr, Semimfr Or Powder","Bolivia","March 2017","7,276,484"
"7106 Silver (incl Prec Plated), Unwr, Semimfr Or Powder","Bolivia","April 2017","4,191,225"
"7106 Silver (incl Prec Plated), Unwr, Semimfr Or Powder","Bolivia","May 2017","13,052,983"
"7106 Silver (incl Prec Plated), Unwr, Semimfr Or Powder","Bolivia","June 2017","7,026,666"
"7106 Silver (incl Prec Plated), Unwr, Semimfr Or Powder","Bolivia","July 2017","5,843,698"
"7106 Silver (incl Prec Plated), Unwr, Semimfr Or Powder","Bolivia","August 2017","3,489,375"
"7106 Silver (incl Prec Plated), Unwr, Semimfr Or Powder","Bolivia","September 2017","2,716,838"
"7106 Silver (incl Prec Plated), Unwr, Semimfr Or Powder","Bolivia","October 2017","6,491,117"
"7106 Silver (incl Prec Plated), Unwr, Semimfr Or Powder","Bolivia","November 2017","4,003,907"
"7106 Silver (incl Prec Plated), Unwr, Semimfr Or Powder","Bolivia","December 2017","5,826,123"
"7106 Silver (incl Prec Plated), Unwr, Semimfr Or Powder","Bolivia","January 2018","6,779,257"
"7106 Silver (incl Prec Plated), Unwr, Semimfr Or Powder","Bolivia","February 2018","5,428,913"
"7106 Silver (incl Prec Plated), Unwr, Semimfr Or Powder","Bolivia","March 2018","6,633,042"
"7106 Silver (incl Prec Plated), Unwr, Semimfr Or Powder","Bolivia","April 2018","3,911,877"
"7106 Silver (incl Prec Plated), Unwr, Semimfr Or Powder","Bolivia","May 2018","7,531,187"
"7106 Silver (incl Prec Plated), Unwr, Semimfr Or Powder","Bolivia","June 2018","3,711,857"
"7106 Silver (incl Prec Plated), Unwr, Semimfr Or Powder","Bolivia","July 2018","12,318,840"
"7106 Silver (incl Prec Plated), Unwr, Semimfr Or Powder","Bolivia","August 2018","8,167,414"
"7106 Silver (incl Prec Plated), Unwr, Semimfr Or Powder","Bolivia","September 2018","6,967,912"
"7106 Silver (incl Prec Plated), Unwr, Semimfr Or Powder","Bolivia","October 2018","3,513,686"
"7106 Silver (incl Prec Plated), Unwr, Semimfr Or Powder","Bolivia","November 2018","8,690,809"
"7106 Silver (incl Prec Plated), Unwr, Semimfr Or Powder","Bolivia","December 2018","4,374,910"
"7106 Silver (incl Prec Plated), Unwr, Semimfr Or Powder","Bolivia","January 2019","8,724,687"
"7106 Silver (incl Prec Plated), Unwr, Semimfr Or Powder","Bolivia","February 2019","8,158,066"
"7106 Silver (incl Prec Plated), Unwr, Semimfr Or Powder","Bolivia","March 2019","11,680,596"
"7106 Silver (incl Prec Plated), Unwr, Semimfr Or Powder","Bolivia","April 2019","5,266,789"
"7106 Silver (incl Prec Plated), Unwr, Semimfr Or Powder","Bolivia","May 2019","5,842,430"
"7106 Silver (incl Prec Plated), Unwr, Semimfr Or Powder","Bolivia","June 2019","5,877,380"
"7106 Silver (incl Prec Plated), Unwr, Semimfr Or Powder","Bolivia","July 2019","8,704,472"
"7106 Silver (incl Prec Plated), Unwr, Semimfr Or Powder","Bolivia","August 2019","2,779,716"
"7106 Silver (incl Prec Plated), Unwr, Semimfr Or Powder","Bolivia","September 2019","12,823,714"
"7106 Silver (incl Prec Plated), Unwr, Semimfr Or Powder","Bolivia","October 2019","4,633,226"
"7106 Silver (incl Prec Plated), Unwr, Semimfr Or Powder","Bolivia","November 2019","5,757,821"
"7106 Silver (incl Prec Plated), Unwr, Semimfr Or Powder","Bolivia","December 2019","9,632,600"
"7106 Silver (incl Prec Plated), Unwr, Semimfr Or Powder","Bolivia","January 2020","9,425,321"
"7106 Silver (incl Prec Plated), Unwr, Semimfr Or Powder","Bolivia","February 2020","5,825,875"
"7106 Silver (incl Prec Plated), Unwr, Semimfr Or Powder","Bolivia","March 2020","6,239,211"
"7106 Silver (incl Prec Plated), Unwr, Semimfr Or Powder","Bolivia","October 2020","8,790,043"
"7106 Silver (incl Prec Plated), Unwr, Semimfr Or Powder","Bolivia","December 2020","7,401,037"
"7106 Silver (incl Prec Plated), Unwr, Semimfr Or Powder","Bolivia","January 2021","6,437,060"
"7106 Silver (incl Prec Plated), Unwr, Semimfr Or Powder","Bolivia","October 2021","6,327,227"
"7106 Silver (incl Prec Plated), Unwr, Semimfr Or Powder","Bolivia","October 2022","4,948,964"
"7106 Silver (incl Prec Plated), Unwr, Semimfr Or Powder","Bolivia","April 2023","74,141"
"7106 Silver (incl Prec Plated), Unwr, Semimfr Or Powder","Bolivia","May 2023","177,704"
"7106 Silver (incl Prec Plated), Unwr, Semimfr Or Powder","Bolivia","October 2023","5,945,629"
"7106 Silver (incl Prec Plated), Unwr, Semimfr Or Powder","Bolivia","November 2023","4,733,187"
"7106 Silver (incl Prec Plated), Unwr, Semimfr Or Powder","Bolivia","December 2023","3,467,702"
"7106 Silver (incl Prec Plated), Unwr, Semimfr Or Powder","Bolivia","May 2024","708,440"
"7106 Silver (incl Prec Plated), Unwr, Semimfr Or Powder","Bolivia","June 2024","342,888"
"7106 Silver (incl Prec Plated), Unwr, Semimfr Or Powder","Bolivia","July 2024","157,817"
"7106 Silver (incl Prec Plated), Unwr, Semimfr Or Powder","Bolivia","September 2024","53,022"
"7106 Silver (incl Prec Plated), Unwr, Semimfr Or Powder","Bolivia","October 2024","50,795"
"7106 Silver (incl Prec Plated), Unwr, Semimfr Or Powder","Bolivia","July 2025","72,501"
"7106 Silver (incl Prec Plated), Unwr, Semimfr Or Powder","Bolivia","November 2025","147,913"
"7106 Silver (incl Prec Plated), Unwr, Semimfr Or Powder","Brazil","January 2010","89,573"
"7106 Silver (incl Prec Plated), Unwr, Semimfr Or Powder","Brazil","February 2010","1,154,701"
"7106 Silver (incl Prec Plated), Unwr, Semimfr Or Powder","Brazil","March 2010","628,791"
"7106 Silver (incl Prec Plated), Unwr, Semimfr Or Powder","Brazil","April 2010","532,890"
"7106 Silver (incl Prec Plated), Unwr, Semimfr Or Powder","Brazil","May 2010","97,694"
"7106 Silver (incl Prec Plated), Unwr, Semimfr Or Powder","Brazil","June 2010","466,361"
"7106 Silver (incl Prec Plated), Unwr, Semimfr Or Powder","Brazil","July 2010","1,095,601"
"7106 Silver (incl Prec Plated), Unwr, Semimfr Or Powder","Brazil","August 2010","487,031"
"7106 Silver (incl Prec Plated), Unwr, Semimfr Or Powder","Brazil","October 2010","383,584"
"7106 Silver (incl Prec Plated), Unwr, Semimfr Or Powder","Brazil","November 2010","37,595"
"7106 Silver (incl Prec Plated), Unwr, Semimfr Or Powder","Brazil","February 2011","203,741"
"7106 Silver (incl Prec Plated), Unwr, Semimfr Or Powder","Brazil","March 2011","2,058,407"
"7106 Silver (incl Prec Plated), Unwr, Semimfr Or Powder","Brazil","April 2011","1,376,458"
"7106 Silver (incl Prec Plated), Unwr, Semimfr Or Powder","Brazil","May 2011","1,700,806"
"7106 Silver (incl Prec Plated), Unwr, Semimfr Or Powder","Brazil","June 2011","510,478"
"7106 Silver (incl Prec Plated), Unwr, Semimfr Or Powder","Brazil","August 2011","1,100,506"
"7106 Silver (incl Prec Plated), Unwr, Semimfr Or Powder","Brazil","September 2011","10,301"
"7106 Silver (incl Prec Plated), Unwr, Semimfr Or Powder","Brazil","October 2011","51,555"
"7106 Silver (incl Prec Plated), Unwr, Semimfr Or Powder","Brazil","November 2011","135,825"
"7106 Silver (incl Prec Plated), Unwr, Semimfr Or Powder","Brazil","December 2011","1,082,844"
"7106 Silver (incl Prec Plated), Unwr, Semimfr Or Powder","Brazil","January 2012","390,683"
"7106 Silver (incl Prec Plated), Unwr, Semimfr Or Powder","Brazil","February 2012","97,325"
"7106 Silver (incl Prec Plated), Unwr, Semimfr Or Powder","Brazil","March 2012","713,739"
"7106 Silver (incl Prec Plated), Unwr, Semimfr Or Powder","Brazil","April 2012","67,437"
"7106 Silver (incl Prec Plated), Unwr, Semimfr Or Powder","Brazil","June 2012","811,262"
"7106 Silver (incl Prec Plated), Unwr, Semimfr Or Powder","Brazil","July 2012","263,487"
"7106 Silver (incl Prec Plated), Unwr, Semimfr Or Powder","Brazil","August 2012","24,476"
"7106 Silver (incl Prec Plated), Unwr, Semimfr Or Powder","Brazil","September 2012","33,716"
"7106 Silver (incl Prec Plated), Unwr, Semimfr Or Powder","Brazil","October 2012","84,717"
"7106 Silver (incl Prec Plated), Unwr, Semimfr Or Powder","Brazil","February 2013","277,616"
"7106 Silver (incl Prec Plated), Unwr, Semimfr Or Powder","Brazil","March 2013","264,873"
"7106 Silver (incl Prec Plated), Unwr, Semimfr Or Powder","Brazil","May 2013","282,965"
"7106 Silver (incl Prec Plated), Unwr, Semimfr Or Powder","Brazil","October 2013","204,174"
"7106 Silver (incl Prec Plated), Unwr, Semimfr Or Powder","Brazil","November 2013","42,721"
"7106 Silver (incl Prec Plated), Unwr, Semimfr Or Powder","Brazil","December 2013","83,019"
"7106 Silver (incl Prec Plated), Unwr, Semimfr Or Powder","Brazil","January 2014","158,861"
"7106 Silver (incl Prec Plated), Unwr, Semimfr Or Powder","Brazil","February 2014","101,190"
"7106 Silver (incl Prec Plated), Unwr, Semimfr Or Powder","Brazil","March 2014","263,389"
"7106 Silver (incl Prec Plated), Unwr, Semimfr Or Powder","Brazil","May 2014","22,020"
"7106 Silver (incl Prec Plated), Unwr, Semimfr Or Powder","Brazil","June 2014","30,748"
"7106 Silver (incl Prec Plated), Unwr, Semimfr Or Powder","Brazil","July 2014","26,596"
"7106 Silver (incl Prec Plated), Unwr, Semimfr Or Powder","Brazil","August 2014","99,183"
"7106 Silver (incl Prec Plated), Unwr, Semimfr Or Powder","Brazil","September 2014","406,551"
"7106 Silver (incl Prec Plated), Unwr, Semimfr Or Powder","Brazil","October 2014","47,131"
"7106 Silver (incl Prec Plated), Unwr, Semimfr Or Powder","Brazil","November 2014","89,515"
"7106 Silver (incl Prec Plated), Unwr, Semimfr Or Powder","Brazil","February 2015","296,807"
"7106 Silver (incl Prec Plated), Unwr, Semimfr Or Powder","Brazil","March 2015","36,721"
"7106 Silver (incl Prec Plated), Unwr, Semimfr Or Powder","Brazil","April 2015","190,797"
"7106 Silver (incl Prec Plated), Unwr, Semimfr Or Powder","Brazil","May 2015","13,421"
"7106 Silver (incl Prec Plated), Unwr, Semimfr Or Powder","Brazil","June 2015","5,539"
"7106 Silver (incl Prec Plated), Unwr, Semimfr Or Powder","Brazil","July 2015","292,359"
"7106 Silver (incl Prec Plated), Unwr, Semimfr Or Powder","Brazil","August 2015","337,416"
"7106 Silver (incl Prec Plated), Unwr, Semimfr Or Powder","Brazil","September 2015","81,688"
"7106 Silver (incl Prec Plated), Unwr, Semimfr Or Powder","Brazil","October 2015","5,513"
"7106 Silver (incl Prec Plated), Unwr, Semimfr Or Powder","Brazil","November 2015","107,363"
"7106 Silver (incl Prec Plated), Unwr, Semimfr Or Powder","Brazil","December 2015","8,394"
"7106 Silver (incl Prec Plated), Unwr, Semimfr Or Powder","Brazil","February 2016","104,335"
"7106 Silver (incl Prec Plated), Unwr, Semimfr Or Powder","Brazil","March 2016","57,040"
"7106 Silver (incl Prec Plated), Unwr, Semimfr Or Powder","Brazil","April 2016","197,608"
"7106 Silver (incl Prec Plated), Unwr, Semimfr Or Powder","Brazil","May 2016","164,983"
"7106 Silver (incl Prec Plated), Unwr, Semimfr Or Powder","Brazil","June 2016","232,083"
"7106 Silver (incl Prec Plated), Unwr, Semimfr Or Powder","Brazil","July 2016","214,765"
"7106 Silver (incl Prec Plated), Unwr, Semimfr Or Powder","Brazil","August 2016","267,602"
"7106 Silver (incl Prec Plated), Unwr, Semimfr Or Powder","Brazil","October 2016","3,673"
"7106 Silver (incl Prec Plated), Unwr, Semimfr Or Powder","Brazil","November 2016","57,041"
"7106 Silver (incl Prec Plated), Unwr, Semimfr Or Powder","Brazil","December 2016","32,814"
"7106 Silver (incl Prec Plated), Unwr, Semimfr Or Powder","Brazil","January 2017","127,628"
"7106 Silver (incl Prec Plated), Unwr, Semimfr Or Powder","Brazil","March 2017","254,631"
"7106 Silver (incl Prec Plated), Unwr, Semimfr Or Powder","Brazil","April 2017","40,373"
"7106 Silver (incl Prec Plated), Unwr, Semimfr Or Powder","Brazil","May 2017","117,749"
"7106 Silver (incl Prec Plated), Unwr, Semimfr Or Powder","Brazil","June 2017","166,033"
"7106 Silver (incl Prec Plated), Unwr, Semimfr Or Powder","Brazil","July 2017","71,974"
"7106 Silver (incl Prec Plated), Unwr, Semimfr Or Powder","Brazil","August 2017","31,602"
"7106 Silver (incl Prec Plated), Unwr, Semimfr Or Powder","Brazil","September 2017","27,969"
"7106 Silver (incl Prec Plated), Unwr, Semimfr Or Powder","Brazil","October 2017","322,994"
"7106 Silver (incl Prec Plated), Unwr, Semimfr Or Powder","Brazil","November 2017","195,155"
"7106 Silver (incl Prec Plated), Unwr, Semimfr Or Powder","Brazil","December 2017","32,956"
"7106 Silver (incl Prec Plated), Unwr, Semimfr Or Powder","Brazil","January 2018","25,426"
"7106 Silver (incl Prec Plated), Unwr, Semimfr Or Powder","Brazil","February 2018","4,020"
"7106 Silver (incl Prec Plated), Unwr, Semimfr Or Powder","Brazil","March 2018","99,953"
"7106 Silver (incl Prec Plated), Unwr, Semimfr Or Powder","Brazil","April 2018","127,182"
"7106 Silver (incl Prec Plated), Unwr, Semimfr Or Powder","Brazil","May 2018","41,551"
"7106 Silver (incl Prec Plated), Unwr, Semimfr Or Powder","Brazil","June 2018","8,772"
"7106 Silver (incl Prec Plated), Unwr, Semimfr Or Powder","Brazil","July 2018","69,663"
"7106 Silver (incl Prec Plated), Unwr, Semimfr Or Powder","Brazil","August 2018","208,630"
"7106 Silver (incl Prec Plated), Unwr, Semimfr Or Powder","Brazil","September 2018","47,505"
"7106 Silver (incl Prec Plated), Unwr, Semimfr Or Powder","Brazil","October 2018","63,142"
"7106 Silver (incl Prec Plated), Unwr, Semimfr Or Powder","Brazil","November 2018","14,516"
"7106 Silver (incl Prec Plated), Unwr, Semimfr Or Powder","Brazil","December 2018","44,871"
"7106 Silver (incl Prec Plated), Unwr, Semimfr Or Powder","Brazil","January 2019","68,508"
"7106 Silver (incl Prec Plated), Unwr, Semimfr Or Powder","Brazil","February 2019","118,729"
"7106 Silver (incl Prec Plated), Unwr, Semimfr Or Powder","Brazil","March 2019","42,827"
"7106 Silver (incl Prec Plated), Unwr, Semimfr Or Powder","Brazil","April 2019","126,380"
"7106 Silver (incl Prec Plated), Unwr, Semimfr Or Powder","Brazil","May 2019","80,008"
"7106 Silver (incl Prec Plated), Unwr, Semimfr Or Powder","Brazil","June 2019","83,041"
"7106 Silver (incl Prec Plated), Unwr, Semimfr Or Powder","Brazil","July 2019","201,368"
"7106 Silver (incl Prec Plated), Unwr, Semimfr Or Powder","Brazil","August 2019","166,988"
"7106 Silver (incl Prec Plated), Unwr, Semimfr Or Powder","Brazil","September 2019","185,089"
"7106 Silver (incl Prec Plated), Unwr, Semimfr Or Powder","Brazil","October 2019","113,236"
"7106 Silver (incl Prec Plated), Unwr, Semimfr Or Powder","Brazil","November 2019","84,099"
"7106 Silver (incl Prec Plated), Unwr, Semimfr Or Powder","Brazil","December 2019","95,789"
"7106 Silver (incl Prec Plated), Unwr, Semimfr Or Powder","Brazil","January 2020","83,165"
"7106 Silver (incl Prec Plated), Unwr, Semimfr Or Powder","Brazil","February 2020","87,127"
"7106 Silver (incl Prec Plated), Unwr, Semimfr Or Powder","Brazil","March 2020","102,052"
"7106 Silver (incl Prec Plated), Unwr, Semimfr Or Powder","Brazil","April 2020","139,692"
"7106 Silver (incl Prec Plated), Unwr, Semimfr Or Powder","Brazil","June 2020","206,808"
"7106 Silver (incl Prec Plated), Unwr, Semimfr Or Powder","Brazil","July 2020","194,944"
"7106 Silver (incl Prec Plated), Unwr, Semimfr Or Powder","Brazil","September 2020","261,773"
"7106 Silver (incl Prec Plated), Unwr, Semimfr Or Powder","Brazil","October 2020","7,697"
"7106 Silver (incl Prec Plated), Unwr, Semimfr Or Powder","Brazil","November 2020","35,832"
"7106 Silver (incl Prec Plated), Unwr, Semimfr Or Powder","Brazil","December 2020","65,283"
"7106 Silver (incl Prec Plated), Unwr, Semimfr Or Powder","Brazil","January 2021","54,192"
"7106 Silver (incl Prec Plated), Unwr, Semimfr Or Powder","Brazil","February 2021","282,989"
"7106 Silver (incl Prec Plated), Unwr, Semimfr Or Powder","Brazil","March 2021","230,145"
"7106 Silver (incl Prec Plated), Unwr, Semimfr Or Powder","Brazil","April 2021","82,294"
"7106 Silver (incl Prec Plated), Unwr, Semimfr Or Powder","Brazil","May 2021","247,843"
"7106 Silver (incl Prec Plated), Unwr, Semimfr Or Powder","Brazil","June 2021","377,450"
"7106 Silver (incl Prec Plated), Unwr, Semimfr Or Powder","Brazil","August 2021","153,767"
"7106 Silver (incl Prec Plated), Unwr, Semimfr Or Powder","Brazil","September 2021","97,857"
"7106 Silver (incl Prec Plated), Unwr, Semimfr Or Powder","Brazil","October 2021","240,603"
"7106 Silver (incl Prec Plated), Unwr, Semimfr Or Powder","Brazil","November 2021","81,603"
"7106 Silver (incl Prec Plated), Unwr, Semimfr Or Powder","Brazil","December 2021","88,936"
"7106 Silver (incl Prec Plated), Unwr, Semimfr Or Powder","Brazil","February 2022","100,816"
"7106 Silver (incl Prec Plated), Unwr, Semimfr Or Powder","Brazil","March 2022","82,656"
"7106 Silver (incl Prec Plated), Unwr, Semimfr Or Powder","Brazil","April 2022","70,512"
"7106 Silver (incl Prec Plated), Unwr, Semimfr Or Powder","Brazil","May 2022","104,184"
"7106 Silver (incl Prec Plated), Unwr, Semimfr Or Powder","Brazil","June 2022","36,074"
"7106 Silver (incl Prec Plated), Unwr, Semimfr Or Powder","Brazil","August 2022","166,740"
"7106 Silver (incl Prec Plated), Unwr, Semimfr Or Powder","Brazil","September 2022","67,710"
"7106 Silver (incl Prec Plated), Unwr, Semimfr Or Powder","Brazil","October 2022","110,007"
"7106 Silver (incl Prec Plated), Unwr, Semimfr Or Powder","Brazil","November 2022","130,188"
"7106 Silver (incl Prec Plated), Unwr, Semimfr Or Powder","Brazil","December 2022","110,174"
"7106 Silver (incl Prec Plated), Unwr, Semimfr Or Powder","Brazil","January 2023","147,726"
"7106 Silver (incl Prec Plated), Unwr, Semimfr Or Powder","Brazil","February 2023","75,151"
"7106 Silver (incl Prec Plated), Unwr, Semimfr Or Powder","Brazil","March 2023","66,652"
"7106 Silver (incl Prec Plated), Unwr, Semimfr Or Powder","Brazil","April 2023","92,575"
"7106 Silver (incl Prec Plated), Unwr, Semimfr Or Powder","Brazil","May 2023","90,337"
"7106 Silver (incl Prec Plated), Unwr, Semimfr Or Powder","Brazil","June 2023","269,027"
"7106 Silver (incl Prec Plated), Unwr, Semimfr Or Powder","Brazil","July 2023","3,125"
"7106 Silver (incl Prec Plated), Unwr, Semimfr Or Powder","Brazil","August 2023","178,427"
"7106 Silver (incl Prec Plated), Unwr, Semimfr Or Powder","Brazil","September 2023","166,880"
"7106 Silver (incl Prec Plated), Unwr, Semimfr Or Powder","Brazil","October 2023","220,499"
"7106 Silver (incl Prec Plated), Unwr, Semimfr Or Powder","Brazil","December 2023","189,157"
"7106 Silver (incl Prec Plated), Unwr, Semimfr Or Powder","Brazil","February 2024","105,858"
"7106 Silver (incl Prec Plated), Unwr, Semimfr Or Powder","Brazil","March 2024","106,108"
"7106 Silver (incl Prec Plated), Unwr, Semimfr Or Powder","Brazil","April 2024","155,554"
"7106 Silver (incl Prec Plated), Unwr, Semimfr Or Powder","Brazil","June 2024","102,364"
"7106 Silver (incl Prec Plated), Unwr, Semimfr Or Powder","Brazil","July 2024","149,383"
"7106 Silver (incl Prec Plated), Unwr, Semimfr Or Powder","Brazil","August 2024","122,872"
"7106 Silver (incl Prec Plated), Unwr, Semimfr Or Powder","Brazil","September 2024","39,623"
"7106 Silver (incl Prec Plated), Unwr, Semimfr Or Powder","Brazil","October 2024","126,733"
"7106 Silver (incl Prec Plated), Unwr, Semimfr Or Powder","Brazil","November 2024","87,223"
"7106 Silver (incl Prec Plated), Unwr, Semimfr Or Powder","Brazil","December 2024","298,122"
"7106 Silver (incl Prec Plated), Unwr, Semimfr Or Powder","Brazil","February 2025","183,154"
"7106 Silver (incl Prec Plated), Unwr, Semimfr Or Powder","Brazil","March 2025","180,384"
"7106 Silver (incl Prec Plated), Unwr, Semimfr Or Powder","Brazil","April 2025","62,017"
"7106 Silver (incl Prec Plated), Unwr, Semimfr Or Powder","Brazil","June 2025","347,124"
"7106 Silver (incl Prec Plated), Unwr, Semimfr Or Powder","Brazil","July 2025","2,048,444"
"7106 Silver (incl Prec Plated), Unwr, Semimfr Or Powder","Brazil","August 2025","70,642"
"7106 Silver (incl Prec Plated), Unwr, Semimfr Or Powder","Chile","January 2010","2,275,353"
"7106 Silver (incl Prec Plated), Unwr, Semimfr Or Powder","Chile","February 2010","4,565,385"
"7106 Silver (incl Prec Plated), Unwr, Semimfr Or Powder","Chile","April 2010","5,090,790"
"7106 Silver (incl Prec Plated), Unwr, Semimfr Or Powder","Chile","May 2010","3,203,112"
"7106 Silver (incl Prec Plated), Unwr, Semimfr Or Powder","Chile","July 2010","4,747,143"
"7106 Silver (incl Prec Plated), Unwr, Semimfr Or Powder","Chile","August 2010","2,312,338"
"7106 Silver (incl Prec Plated), Unwr, Semimfr Or Powder","Chile","September 2010","9,571,177"
"7106 Silver (incl Prec Plated), Unwr, Semimfr Or Powder","Chile","October 2010","6,143,970"
"7106 Silver (incl Prec Plated), Unwr, Semimfr Or Powder","Chile","November 2010","3,010,700"
"7106 Silver (incl Prec Plated), Unwr, Semimfr Or Powder","Chile","December 2010","9,843,285"
"7106 Silver (incl Prec Plated), Unwr, Semimfr Or Powder","Chile","January 2011","14,885,638"
"7106 Silver (incl Prec Plated), Unwr, Semimfr Or Powder","Chile","February 2011","6,474,352"
"7106 Silver (incl Prec Plated), Unwr, Semimfr Or Powder","Chile","March 2011","11,890,430"
"7106 Silver (incl Prec Plated), Unwr, Semimfr Or Powder","Chile","April 2011","7,684,713"
"7106 Silver (incl Prec Plated), Unwr, Semimfr Or Powder","Chile","May 2011","10,129,782"
"7106 Silver (incl Prec Plated), Unwr, Semimfr Or Powder","Chile","June 2011","524,300"
"7106 Silver (incl Prec Plated), Unwr, Semimfr Or Powder","Chile","July 2011","18,863,577"
"7106 Silver (incl Prec Plated), Unwr, Semimfr Or Powder","Chile","August 2011","11,943,614"
"7106 Silver (incl Prec Plated), Unwr, Semimfr Or Powder","Chile","September 2011","12,224,402"
"7106 Silver (incl Prec Plated), Unwr, Semimfr Or Powder","Chile","October 2011","17,491,823"
"7106 Silver (incl Prec Plated), Unwr, Semimfr Or Powder","Chile","November 2011","1,005,900"
"7106 Silver (incl Prec Plated), Unwr, Semimfr Or Powder","Chile","December 2011","23,072,673"
"7106 Silver (incl Prec Plated), Unwr, Semimfr Or Powder","Chile","January 2012","12,121,184"
"7106 Silver (incl Prec Plated), Unwr, Semimfr Or Powder","Chile","February 2012","5,912,242"
"7106 Silver (incl Prec Plated), Unwr, Semimfr Or Powder","Chile","March 2012","9,417,683"
"7106 Silver (incl Prec Plated), Unwr, Semimfr Or Powder","Chile","April 2012","11,777,118"
"7106 Silver (incl Prec Plated), Unwr, Semimfr Or Powder","Chile","May 2012","7,986,062"
"7106 Silver (incl Prec Plated), Unwr, Semimfr Or Powder","Chile","June 2012","5,746,592"
"7106 Silver (incl Prec Plated), Unwr, Semimfr Or Powder","Chile","July 2012","4,976,967"
"7106 Silver (incl Prec Plated), Unwr, Semimfr Or Powder","Chile","August 2012","3,239,314"
"7106 Silver (incl Prec Plated), Unwr, Semimfr Or Powder","Chile","September 2012","2,182,943"
"7106 Silver (incl Prec Plated), Unwr, Semimfr Or Powder","Chile","October 2012","544,872"
"7106 Silver (incl Prec Plated), Unwr, Semimfr Or Powder","Chile","November 2012","10,979,375"
"7106 Silver (incl Prec Plated), Unwr, Semimfr Or Powder","Chile","December 2012","6,523,395"
"7106 Silver (incl Prec Plated), Unwr, Semimfr Or Powder","Chile","January 2013","6,463,132"
"7106 Silver (incl Prec Plated), Unwr, Semimfr Or Powder","Chile","February 2013","3,751,408"
"7106 Silver (incl Prec Plated), Unwr, Semimfr Or Powder","Chile","March 2013","678,004"
"7106 Silver (incl Prec Plated), Unwr, Semimfr Or Powder","Chile","April 2013","714,864"
"7106 Silver (incl Prec Plated), Unwr, Semimfr Or Powder","Chile","May 2013","628,075"
"7106 Silver (incl Prec Plated), Unwr, Semimfr Or Powder","Chile","June 2013","541,440"
"7106 Silver (incl Prec Plated), Unwr, Semimfr Or Powder","Chile","July 2013","424,485"
"7106 Silver (incl Prec Plated), Unwr, Semimfr Or Powder","Chile","September 2014","77,592"
"7106 Silver (incl Prec Plated), Unwr, Semimfr Or Powder","Chile","September 2016","10,084,597"
"7106 Silver (incl Prec Plated), Unwr, Semimfr Or Powder","Chile","October 2016","14,172,474"
"7106 Silver (incl Prec Plated), Unwr, Semimfr Or Powder","Chile","November 2016","15,860,687"
"7106 Silver (incl Prec Plated), Unwr, Semimfr Or Powder","Chile","December 2016","14,395,332"
"7106 Silver (incl Prec Plated), Unwr, Semimfr Or Powder","Chile","January 2017","14,869,022"
"7106 Silver (incl Prec Plated), Unwr, Semimfr Or Powder","Chile","February 2017","4,363,618"
"7106 Silver (incl Prec Plated), Unwr, Semimfr Or Powder","Chile","March 2017","17,923,863"
"7106 Silver (incl Prec Plated), Unwr, Semimfr Or Powder","Chile","April 2017","26,151,730"
"7106 Silver (incl Prec Plated), Unwr, Semimfr Or Powder","Chile","May 2017","18,732,524"
"7106 Silver (incl Prec Plated), Unwr, Semimfr Or Powder","Chile","June 2017","18,383,511"
"7106 Silver (incl Prec Plated), Unwr, Semimfr Or Powder","Chile","August 2017","11,047,625"
"7106 Silver (incl Prec Plated), Unwr, Semimfr Or Powder","Chile","September 2017","13,684,967"
"7106 Silver (incl Prec Plated), Unwr, Semimfr Or Powder","Chile","October 2017","16,404,272"
"7106 Silver (incl Prec Plated), Unwr, Semimfr Or Powder","Chile","November 2017","16,583,369"
"7106 Silver (incl Prec Plated), Unwr, Semimfr Or Powder","Chile","December 2017","16,194,584"
"7106 Silver (incl Prec Plated), Unwr, Semimfr Or Powder","Chile","January 2018","13,400,963"
"7106 Silver (incl Prec Plated), Unwr, Semimfr Or Powder","Chile","February 2018","17,915,705"
"7106 Silver (incl Prec Plated), Unwr, Semimfr Or Powder","Chile","March 2018","10,834,910"
"7106 Silver (incl Prec Plated), Unwr, Semimfr Or Powder","Chile","April 2018","12,793,602"
"7106 Silver (incl Prec Plated), Unwr, Semimfr Or Powder","Chile","May 2018","17,726,892"
"7106 Silver (incl Prec Plated), Unwr, Semimfr Or Powder","Chile","June 2018","16,468,721"
"7106 Silver (incl Prec Plated), Unwr, Semimfr Or Powder","Chile","July 2018","13,417,405"
"7106 Silver (incl Prec Plated), Unwr, Semimfr Or Powder","Chile","August 2018","19,881,011"
"7106 Silver (incl Prec Plated), Unwr, Semimfr Or Powder","Chile","September 2018","12,481,981"
"7106 Silver (incl Prec Plated), Unwr, Semimfr Or Powder","Chile","October 2018","13,109,213"
"7106 Silver (incl Prec Plated), Unwr, Semimfr Or Powder","Chile","November 2018","12,003,153"
"7106 Silver (incl Prec Plated), Unwr, Semimfr Or Powder","Chile","December 2018","13,692,623"
"7106 Silver (incl Prec Plated), Unwr, Semimfr Or Powder","Chile","January 2019","9,901,052"
"7106 Silver (incl Prec Plated), Unwr, Semimfr Or Powder","Chile","February 2019","10,708,405"
"7106 Silver (incl Prec Plated), Unwr, Semimfr Or Powder","Chile","March 2019","11,773,942"
"7106 Silver (incl Prec Plated), Unwr, Semimfr Or Powder","Chile","April 2019","10,508,934"
"7106 Silver (incl Prec Plated), Unwr, Semimfr Or Powder","Chile","May 2019","8,950,371"
"7106 Silver (incl Prec Plated), Unwr, Semimfr Or Powder","Chile","June 2019","15,534,859"
"7106 Silver (incl Prec Plated), Unwr, Semimfr Or Powder","Chile","July 2019","8,020,164"
"7106 Silver (incl Prec Plated), Unwr, Semimfr Or Powder","Chile","August 2019","9,872,382"
"7106 Silver (incl Prec Plated), Unwr, Semimfr Or Powder","Chile","September 2019","9,207,964"
"7106 Silver (incl Prec Plated), Unwr, Semimfr Or Powder","Chile","October 2019","12,255,621"
"7106 Silver (incl Prec Plated), Unwr, Semimfr Or Powder","Chile","November 2019","9,422,413"
"7106 Silver (incl Prec Plated), Unwr, Semimfr Or Powder","Chile","December 2019","19,876,735"
"7106 Silver (incl Prec Plated), Unwr, Semimfr Or Powder","Chile","January 2020","8,258,268"
"7106 Silver (incl Prec Plated), Unwr, Semimfr Or Powder","Chile","February 2020","10,070,351"
"7106 Silver (incl Prec Plated), Unwr, Semimfr Or Powder","Chile","April 2020","15,031,928"
"7106 Silver (incl Prec Plated), Unwr, Semimfr Or Powder","Chile","May 2020","9,090,773"
"7106 Silver (incl Prec Plated), Unwr, Semimfr Or Powder","Chile","June 2020","6,625,789"
"7106 Silver (incl Prec Plated), Unwr, Semimfr Or Powder","Chile","July 2020","17,533,398"
"7106 Silver (incl Prec Plated), Unwr, Semimfr Or Powder","Chile","August 2020","3,642,898"
"7106 Silver (incl Prec Plated), Unwr, Semimfr Or Powder","Chile","September 2020","15,257,471"
"7106 Silver (incl Prec Plated), Unwr, Semimfr Or Powder","Chile","October 2020","18,783,750"
"7106 Silver (incl Prec Plated), Unwr, Semimfr Or Powder","Chile","November 2020","15,412,519"
"7106 Silver (incl Prec Plated), Unwr, Semimfr Or Powder","Chile","December 2020","38,344,387"
"7106 Silver (incl Prec Plated), Unwr, Semimfr Or Powder","Chile","January 2021","21,645,183"
"7106 Silver (incl Prec Plated), Unwr, Semimfr Or Powder","Chile","February 2021","18,260,883"
"7106 Silver (incl Prec Plated), Unwr, Semimfr Or Powder","Chile","March 2021","21,311,925"
"7106 Silver (incl Prec Plated), Unwr, Semimfr Or Powder","Chile","April 2021","13,903,812"
"7106 Silver (incl Prec Plated), Unwr, Semimfr Or Powder","Chile","May 2021","18,240,543"
"7106 Silver (incl Prec Plated), Unwr, Semimfr Or Powder","Chile","June 2021","14,643,016"
"7106 Silver (incl Prec Plated), Unwr, Semimfr Or Powder","Chile","July 2021","14,534,748"
"7106 Silver (incl Prec Plated), Unwr, Semimfr Or Powder","Chile","August 2021","21,087,218"
"7106 Silver (incl Prec Plated), Unwr, Semimfr Or Powder","Chile","September 2021","23,427,627"
"7106 Silver (incl Prec Plated), Unwr, Semimfr Or Powder","Chile","October 2021","16,725,974"
"7106 Silver (incl Prec Plated), Unwr, Semimfr Or Powder","Chile","November 2021","22,469,961"
"7106 Silver (incl Prec Plated), Unwr, Semimfr Or Powder","Chile","December 2021","18,434,225"
"7106 Silver (incl Prec Plated), Unwr, Semimfr Or Powder","Chile","January 2022","11,532,178"
"7106 Silver (incl Prec Plated), Unwr, Semimfr Or Powder","Chile","February 2022","21,157,455"
"7106 Silver (incl Prec Plated), Unwr, Semimfr Or Powder","Chile","March 2022","22,270,119"
"7106 Silver (incl Prec Plated), Unwr, Semimfr Or Powder","Chile","April 2022","25,891,314"
"7106 Silver (incl Prec Plated), Unwr, Semimfr Or Powder","Chile","May 2022","16,309,754"
"7106 Silver (incl Prec Plated), Unwr, Semimfr Or Powder","Chile","June 2022","13,537,111"
"7106 Silver (incl Prec Plated), Unwr, Semimfr Or Powder","Chile","July 2022","20,709,846"
"7106 Silver (incl Prec Plated), Unwr, Semimfr Or Powder","Chile","August 2022","19,975,581"
"7106 Silver (incl Prec Plated), Unwr, Semimfr Or Powder","Chile","September 2022","9,768,228"
"7106 Silver (incl Prec Plated), Unwr, Semimfr Or Powder","Chile","October 2022","13,854,470"
"7106 Silver (incl Prec Plated), Unwr, Semimfr Or Powder","Chile","November 2022","12,490,643"
"7106 Silver (incl Prec Plated), Unwr, Semimfr Or Powder","Chile","December 2022","17,489,783"
"7106 Silver (incl Prec Plated), Unwr, Semimfr Or Powder","Chile","January 2023","18,676,906"
"7106 Silver (incl Prec Plated), Unwr, Semimfr Or Powder","Chile","February 2023","16,760,175"
"7106 Silver (incl Prec Plated), Unwr, Semimfr Or Powder","Chile","March 2023","8,555,995"
"7106 Silver (incl Prec Plated), Unwr, Semimfr Or Powder","Chile","April 2023","7,947,162"
"7106 Silver (incl Prec Plated), Unwr, Semimfr Or Powder","Chile","May 2023","33,929,496"
"7106 Silver (incl Prec Plated), Unwr, Semimfr Or Powder","Chile","June 2023","4,483,341"
"7106 Silver (incl Prec Plated), Unwr, Semimfr Or Powder","Chile","July 2023","8,643,141"
"7106 Silver (incl Prec Plated), Unwr, Semimfr Or Powder","Chile","August 2023","8,742,314"
"7106 Silver (incl Prec Plated), Unwr, Semimfr Or Powder","Chile","September 2023","24,451,928"
"7106 Silver (incl Prec Plated), Unwr, Semimfr Or Powder","Chile","October 2023","17,870,127"
"7106 Silver (incl Prec Plated), Unwr, Semimfr Or Powder","Chile","November 2023","12,593,319"
"7106 Silver (incl Prec Plated), Unwr, Semimfr Or Powder","Chile","December 2023","22,543,582"
"7106 Silver (incl Prec Plated), Unwr, Semimfr Or Powder","Chile","January 2024","20,036,993"
"7106 Silver (incl Prec Plated), Unwr, Semimfr Or Powder","Chile","February 2024","15,241,427"
"7106 Silver (incl Prec Plated), Unwr, Semimfr Or Powder","Chile","March 2024","13,742,878"
"7106 Silver (incl Prec Plated), Unwr, Semimfr Or Powder","Chile","April 2024","23,427,823"
"7106 Silver (incl Prec Plated), Unwr, Semimfr Or Powder","Chile","May 2024","18,380,486"
"7106 Silver (incl Prec Plated), Unwr, Semimfr Or Powder","Chile","June 2024","13,920,020"
"7106 Silver (incl Prec Plated), Unwr, Semimfr Or Powder","Chile","July 2024","26,198,844"
"7106 Silver (incl Prec Plated), Unwr, Semimfr Or Powder","Chile","August 2024","17,791,138"
"7106 Silver (incl Prec Plated), Unwr, Semimfr Or Powder","Chile","September 2024","13,817,398"
"7106 Silver (incl Prec Plated), Unwr, Semimfr Or Powder","Chile","October 2024","33,139,709"
"7106 Silver (incl Prec Plated), Unwr, Semimfr Or Powder","Chile","November 2024","26,378,488"
"7106 Silver (incl Prec Plated), Unwr, Semimfr Or Powder","Chile","December 2024","27,426,030"
"7106 Silver (incl Prec Plated), Unwr, Semimfr Or Powder","Chile","January 2025","28,350,005"
"7106 Silver (incl Prec Plated), Unwr, Semimfr Or Powder","Chile","February 2025","10,224,836"
"7106 Silver (incl Prec Plated), Unwr, Semimfr Or Powder","Chile","March 2025","13,830,535"
"7106 Silver (incl Prec Plated), Unwr, Semimfr Or Powder","Chile","April 2025","20,491,838"
"7106 Silver (incl Prec Plated), Unwr, Semimfr Or Powder","Chile","May 2025","19,469,640"
"7106 Silver (incl Prec Plated), Unwr, Semimfr Or Powder","Chile","June 2025","14,757,748"
"7106 Silver (incl Prec Plated), Unwr, Semimfr Or Powder","Chile","July 2025","17,130,294"
"7106 Silver (incl Prec Plated), Unwr, Semimfr Or Powder","Chile","August 2025","19,115,864"
"7106 Silver (incl Prec Plated), Unwr, Semimfr Or Powder","Chile","September 2025","12,833,477"
"7106 Silver (incl Prec Plated), Unwr, Semimfr Or Powder","Chile","October 2025","21,842,384"
"7106 Silver (incl Prec Plated), Unwr, Semimfr Or Powder","Chile","November 2025","17,591,623"
"7106 Silver (incl Prec Plated), Unwr, Semimfr Or Powder","Chile","December 2025","17,391,932"
"7106 Silver (incl Prec Plated), Unwr, Semimfr Or Powder","Colombia","January 2010","988,697"
"7106 Silver (incl Prec Plated), Unwr, Semimfr Or Powder","Colombia","February 2010","47,780"
"7106 Silver (incl Prec Plated), Unwr, Semimfr Or Powder","Colombia","April 2010","926,400"
"7106 Silver (incl Prec Plated), Unwr, Semimfr Or Powder","Colombia","May 2010","3,926"
"7106 Silver (incl Prec Plated), Unwr, Semimfr Or Powder","Colombia","June 2010","935,372"
"7106 Silver (incl Prec Plated), Unwr, Semimfr Or Powder","Colombia","July 2010","424,900"
"7106 Silver (incl Prec Plated), Unwr, Semimfr Or Powder","Colombia","August 2010","376,251"
"7106 Silver (incl Prec Plated), Unwr, Semimfr Or Powder","Colombia","September 2010","413,346"
"7106 Silver (incl Prec Plated), Unwr, Semimfr Or Powder","Colombia","October 2010","136,718"
"7106 Silver (incl Prec Plated), Unwr, Semimfr Or Powder","Colombia","November 2010","45,522"
"7106 Silver (incl Prec Plated), Unwr, Semimfr Or Powder","Colombia","December 2010","717,526"
"7106 Silver (incl Prec Plated), Unwr, Semimfr Or Powder","Colombia","January 2011","1,086,961"
"7106 Silver (incl Prec Plated), Unwr, Semimfr Or Powder","Colombia","February 2011","609,899"
"7106 Silver (incl Prec Plated), Unwr, Semimfr Or Powder","Colombia","March 2011","940,736"
"7106 Silver (incl Prec Plated), Unwr, Semimfr Or Powder","Colombia","April 2011","2,164,669"
"7106 Silver (incl Prec Plated), Unwr, Semimfr Or Powder","Colombia","May 2011","3,128,120"
"7106 Silver (incl Prec Plated), Unwr, Semimfr Or Powder","Colombia","June 2011","1,108,681"
"7106 Silver (incl Prec Plated), Unwr, Semimfr Or Powder","Colombia","July 2011","3,275,556"
"7106 Silver (incl Prec Plated), Unwr, Semimfr Or Powder","Colombia","August 2011","3,282,956"
"7106 Silver (incl Prec Plated), Unwr, Semimfr Or Powder","Colombia","September 2011","2,813,228"
"7106 Silver (incl Prec Plated), Unwr, Semimfr Or Powder","Colombia","October 2011","7,161"
"7106 Silver (incl Prec Plated), Unwr, Semimfr Or Powder","Colombia","November 2011","1,762,596"
"7106 Silver (incl Prec Plated), Unwr, Semimfr Or Powder","Colombia","December 2011","1,554,010"
"7106 Silver (incl Prec Plated), Unwr, Semimfr Or Powder","Colombia","January 2012","600,192"
"7106 Silver (incl Prec Plated), Unwr, Semimfr Or Powder","Colombia","February 2012","2,536,947"
"7106 Silver (incl Prec Plated), Unwr, Semimfr Or Powder","Colombia","March 2012","1,579,425"
"7106 Silver (incl Prec Plated), Unwr, Semimfr Or Powder","Colombia","April 2012","2,218,613"
"7106 Silver (incl Prec Plated), Unwr, Semimfr Or Powder","Colombia","May 2012","777,632"
"7106 Silver (incl Prec Plated), Unwr, Semimfr Or Powder","Colombia","June 2012","695,553"
"7106 Silver (incl Prec Plated), Unwr, Semimfr Or Powder","Colombia","July 2012","1,228,808"
"7106 Silver (incl Prec Plated), Unwr, Semimfr Or Powder","Colombia","August 2012","1,326,694"
"7106 Silver (incl Prec Plated), Unwr, Semimfr Or Powder","Colombia","September 2012","3,020,777"
"7106 Silver (incl Prec Plated), Unwr, Semimfr Or Powder","Colombia","October 2012","1,695,779"
"7106 Silver (incl Prec Plated), Unwr, Semimfr Or Powder","Colombia","November 2012","587,192"
"7106 Silver (incl Prec Plated), Unwr, Semimfr Or Powder","Colombia","December 2012","3,322,128"
"7106 Silver (incl Prec Plated), Unwr, Semimfr Or Powder","Colombia","January 2013","1,090,734"
"7106 Silver (incl Prec Plated), Unwr, Semimfr Or Powder","Colombia","February 2013","1,665,510"
"7106 Silver (incl Prec Plated), Unwr, Semimfr Or Powder","Colombia","March 2013","1,133,893"
"7106 Silver (incl Prec Plated), Unwr, Semimfr Or Powder","Colombia","April 2013","1,003,124"
"7106 Silver (incl Prec Plated), Unwr, Semimfr Or Powder","Colombia","May 2013","1,387,916"
"7106 Silver (incl Prec Plated), Unwr, Semimfr Or Powder","Colombia","June 2013","309,000"
"7106 Silver (incl Prec Plated), Unwr, Semimfr Or Powder","Colombia","July 2013","346,330"
"7106 Silver (incl Prec Plated), Unwr, Semimfr Or Powder","Colombia","August 2013","289,676"
"7106 Silver (incl Prec Plated), Unwr, Semimfr Or Powder","Colombia","September 2013","1,192,714"
"7106 Silver (incl Prec Plated), Unwr, Semimfr Or Powder","Colombia","October 2013","565,201"
"7106 Silver (incl Prec Plated), Unwr, Semimfr Or Powder","Colombia","November 2013","683,560"
"7106 Silver (incl Prec Plated), Unwr, Semimfr Or Powder","Colombia","December 2013","462,906"
"7106 Silver (incl Prec Plated), Unwr, Semimfr Or Powder","Colombia","January 2014","917,454"
"7106 Silver (incl Prec Plated), Unwr, Semimfr Or Powder","Colombia","February 2014","379,939"
"7106 Silver (incl Prec Plated), Unwr, Semimfr Or Powder","Colombia","March 2014","796,605"
"7106 Silver (incl Prec Plated), Unwr, Semimfr Or Powder","Colombia","April 2014","518,303"
"7106 Silver (incl Prec Plated), Unwr, Semimfr Or Powder","Colombia","May 2014","387,781"
"7106 Silver (incl Prec Plated), Unwr, Semimfr Or Powder","Colombia","June 2014","486,535"
"7106 Silver (incl Prec Plated), Unwr, Semimfr Or Powder","Colombia","July 2014","383,352"
"7106 Silver (incl Prec Plated), Unwr, Semimfr Or Powder","Colombia","September 2014","489,781"
"7106 Silver (incl Prec Plated), Unwr, Semimfr Or Powder","Colombia","November 2014","10,250"
"7106 Silver (incl Prec Plated), Unwr, Semimfr Or Powder","Colombia","December 2014","371,300"
"7106 Silver (incl Prec Plated), Unwr, Semimfr Or Powder","Colombia","January 2015","30,560"
"7106 Silver (incl Prec Plated), Unwr, Semimfr Or Powder","Colombia","February 2015","280,247"
"7106 Silver (incl Prec Plated), Unwr, Semimfr Or Powder","Colombia","March 2015","27,808"
"7106 Silver (incl Prec Plated), Unwr, Semimfr Or Powder","Colombia","April 2015","47,865"
"7106 Silver (incl Prec Plated), Unwr, Semimfr Or Powder","Colombia","May 2015","7,834"
"7106 Silver (incl Prec Plated), Unwr, Semimfr Or Powder","Colombia","June 2015","294,978"
"7106 Silver (incl Prec Plated), Unwr, Semimfr Or Powder","Colombia","October 2015","423,521"
"7106 Silver (incl Prec Plated), Unwr, Semimfr Or Powder","Colombia","November 2015","556,095"
"7106 Silver (incl Prec Plated), Unwr, Semimfr Or Powder","Colombia","February 2016","619,834"
"7106 Silver (incl Prec Plated), Unwr, Semimfr Or Powder","Colombia","April 2016","224,023"
"7106 Silver (incl Prec Plated), Unwr, Semimfr Or Powder","Colombia","May 2016","173,491"
"7106 Silver (incl Prec Plated), Unwr, Semimfr Or Powder","Colombia","June 2016","404,000"
"7106 Silver (incl Prec Plated), Unwr, Semimfr Or Powder","Colombia","July 2016","300,324"
"7106 Silver (incl Prec Plated), Unwr, Semimfr Or Powder","Colombia","August 2016","527,941"
"7106 Silver (incl Prec Plated), Unwr, Semimfr Or Powder","Colombia","September 2016","394,631"
"7106 Silver (incl Prec Plated), Unwr, Semimfr Or Powder","Colombia","October 2016","170,687"
"7106 Silver (incl Prec Plated), Unwr, Semimfr Or Powder","Colombia","November 2016","166,623"
"7106 Silver (incl Prec Plated), Unwr, Semimfr Or Powder","Colombia","December 2016","150,187"
"7106 Silver (incl Prec Plated), Unwr, Semimfr Or Powder","Colombia","January 2017","287,672"
"7106 Silver (incl Prec Plated), Unwr, Semimfr Or Powder","Colombia","February 2017","10,427"
"7106 Silver (incl Prec Plated), Unwr, Semimfr Or Powder","Colombia","March 2017","326,470"
"7106 Silver (incl Prec Plated), Unwr, Semimfr Or Powder","Colombia","April 2017","129,624"
"7106 Silver (incl Prec Plated), Unwr, Semimfr Or Powder","Colombia","May 2017","189,072"
"7106 Silver (incl Prec Plated), Unwr, Semimfr Or Powder","Colombia","July 2017","45,520"
"7106 Silver (incl Prec Plated), Unwr, Semimfr Or Powder","Colombia","August 2017","10,348"
"7106 Silver (incl Prec Plated), Unwr, Semimfr Or Powder","Colombia","September 2017","13,200"
"7106 Silver (incl Prec Plated), Unwr, Semimfr Or Powder","Colombia","December 2017","85,168"
"7106 Silver (incl Prec Plated), Unwr, Semimfr Or Powder","Colombia","January 2018","39,807"
"7106 Silver (incl Prec Plated), Unwr, Semimfr Or Powder","Colombia","May 2018","4,298"
"7106 Silver (incl Prec Plated), Unwr, Semimfr Or Powder","Colombia","June 2018","32,268"
"7106 Silver (incl Prec Plated), Unwr, Semimfr Or Powder","Colombia","July 2018","65,653"
"7106 Silver (incl Prec Plated), Unwr, Semimfr Or Powder","Colombia","August 2018","309,332"
"7106 Silver (incl Prec Plated), Unwr, Semimfr Or Powder","Colombia","September 2018","109,330"
"7106 Silver (incl Prec Plated), Unwr, Semimfr Or Powder","Colombia","December 2018","787,367"
"7106 Silver (incl Prec Plated), Unwr, Semimfr Or Powder","Colombia","January 2019","12,419"
"7106 Silver (incl Prec Plated), Unwr, Semimfr Or Powder","Colombia","May 2019","9,548"
"7106 Silver (incl Prec Plated), Unwr, Semimfr Or Powder","Colombia","August 2019","16,798"
"7106 Silver (incl Prec Plated), Unwr, Semimfr Or Powder","Colombia","November 2019","7,800"
"7106 Silver (incl Prec Plated), Unwr, Semimfr Or Powder","Colombia","December 2019","35,804"
"7106 Silver (incl Prec Plated), Unwr, Semimfr Or Powder","Colombia","February 2020","39,431"
"7106 Silver (incl Prec Plated), Unwr, Semimfr Or Powder","Colombia","May 2020","6,023"
"7106 Silver (incl Prec Plated), Unwr, Semimfr Or Powder","Colombia","July 2020","91,515"
"7106 Silver (incl Prec Plated), Unwr, Semimfr Or Powder","Colombia","September 2020","313,987"
"7106 Silver (incl Prec Plated), Unwr, Semimfr Or Powder","Colombia","October 2020","115,500"
"7106 Silver (incl Prec Plated), Unwr, Semimfr Or Powder","Colombia","December 2020","619,819"
"7106 Silver (incl Prec Plated), Unwr, Semimfr Or Powder","Colombia","January 2021","5,880,580"
"7106 Silver (incl Prec Plated), Unwr, Semimfr Or Powder","Colombia","February 2021","203,786"
"7106 Silver (incl Prec Plated), Unwr, Semimfr Or Powder","Colombia","March 2021","707,109"
"7106 Silver (incl Prec Plated), Unwr, Semimfr Or Powder","Colombia","April 2021","300,466"
"7106 Silver (incl Prec Plated), Unwr, Semimfr Or Powder","Colombia","May 2021","452,148"
"7106 Silver (incl Prec Plated), Unwr, Semimfr Or Powder","Colombia","June 2021","88,471"
"7106 Silver (incl Prec Plated), Unwr, Semimfr Or Powder","Colombia","July 2021","47,899"
"7106 Silver (incl Prec Plated), Unwr, Semimfr Or Powder","Colombia","August 2021","311,327"
"7106 Silver (incl Prec Plated), Unwr, Semimfr Or Powder","Colombia","September 2021","234,887"
"7106 Silver (incl Prec Plated), Unwr, Semimfr Or Powder","Colombia","October 2021","5,270"
"7106 Silver (incl Prec Plated), Unwr, Semimfr Or Powder","Colombia","November 2021","272,526"
"7106 Silver (incl Prec Plated), Unwr, Semimfr Or Powder","Colombia","December 2021","49,982"
"7106 Silver (incl Prec Plated), Unwr, Semimfr Or Powder","Colombia","January 2022","6,437,253"
"7106 Silver (incl Prec Plated), Unwr, Semimfr Or Powder","Colombia","February 2022","12,152"
"7106 Silver (incl Prec Plated), Unwr, Semimfr Or Powder","Colombia","March 2022","529,433"
"7106 Silver (incl Prec Plated), Unwr, Semimfr Or Powder","Colombia","April 2022","416,415"
"7106 Silver (incl Prec Plated), Unwr, Semimfr Or Powder","Colombia","May 2022","502,599"
"7106 Silver (incl Prec Plated), Unwr, Semimfr Or Powder","Colombia","June 2022","5,159"
"7106 Silver (incl Prec Plated), Unwr, Semimfr Or Powder","Colombia","July 2022","6,588"
"7106 Silver (incl Prec Plated), Unwr, Semimfr Or Powder","Colombia","September 2022","284,953"
"7106 Silver (incl Prec Plated), Unwr, Semimfr Or Powder","Colombia","October 2022","5,884"
"7106 Silver (incl Prec Plated), Unwr, Semimfr Or Powder","Colombia","November 2022","116,816"
"7106 Silver (incl Prec Plated), Unwr, Semimfr Or Powder","Colombia","December 2022","1,134,770"
"7106 Silver (incl Prec Plated), Unwr, Semimfr Or Powder","Colombia","January 2023","434,128"
"7106 Silver (incl Prec Plated), Unwr, Semimfr Or Powder","Colombia","February 2023","614,130"
"7106 Silver (incl Prec Plated), Unwr, Semimfr Or Powder","Colombia","March 2023","461,583"
"7106 Silver (incl Prec Plated), Unwr, Semimfr Or Powder","Colombia","April 2023","407,919"
"7106 Silver (incl Prec Plated), Unwr, Semimfr Or Powder","Colombia","May 2023","880,335"
"7106 Silver (incl Prec Plated), Unwr, Semimfr Or Powder","Colombia","June 2023","455,097"
"7106 Silver (incl Prec Plated), Unwr, Semimfr Or Powder","Colombia","July 2023","415,988"
"7106 Silver (incl Prec Plated), Unwr, Semimfr Or Powder","Colombia","August 2023","5,481"
"7106 Silver (incl Prec Plated), Unwr, Semimfr Or Powder","Colombia","September 2023","1,065,959"
"7106 Silver (incl Prec Plated), Unwr, Semimfr Or Powder","Colombia","October 2023","123,484"
"7106 Silver (incl Prec Plated), Unwr, Semimfr Or Powder","Colombia","November 2023","858,928"
"7106 Silver (incl Prec Plated), Unwr, Semimfr Or Powder","Colombia","December 2023","456,345"
"7106 Silver (incl Prec Plated), Unwr, Semimfr Or Powder","Colombia","January 2024","1,546,062"
"7106 Silver (incl Prec Plated), Unwr, Semimfr Or Powder","Colombia","February 2024","1,021,900"
"7106 Silver (incl Prec Plated), Unwr, Semimfr Or Powder","Colombia","March 2024","509,103"
"7106 Silver (incl Prec Plated), Unwr, Semimfr Or Powder","Colombia","April 2024","71,587"
"7106 Silver (incl Prec Plated), Unwr, Semimfr Or Powder","Colombia","May 2024","1,696,779"
"7106 Silver (incl Prec Plated), Unwr, Semimfr Or Powder","Colombia","June 2024","1,183,537"
"7106 Silver (incl Prec Plated), Unwr, Semimfr Or Powder","Colombia","July 2024","2,177,755"
"7106 Silver (incl Prec Plated), Unwr, Semimfr Or Powder","Colombia","August 2024","805,756"
"7106 Silver (incl Prec Plated), Unwr, Semimfr Or Powder","Colombia","September 2024","1,136,050"
"7106 Silver (incl Prec Plated), Unwr, Semimfr Or Powder","Colombia","October 2024","2,694,290"
"7106 Silver (incl Prec Plated), Unwr, Semimfr Or Powder","Colombia","November 2024","2,234,060"
"7106 Silver (incl Prec Plated), Unwr, Semimfr Or Powder","Colombia","December 2024","1,460,952"
"7106 Silver (incl Prec Plated), Unwr, Semimfr Or Powder","Colombia","January 2025","478,163"
"7106 Silver (incl Prec Plated), Unwr, Semimfr Or Powder","Colombia","February 2025","870,262"
"7106 Silver (incl Prec Plated), Unwr, Semimfr Or Powder","Colombia","March 2025","1,065,527"
"7106 Silver (incl Prec Plated), Unwr, Semimfr Or Powder","Colombia","April 2025","1,124,721"
"7106 Silver (incl Prec Plated), Unwr, Semimfr Or Powder","Colombia","May 2025","1,178,057"
"7106 Silver (incl Prec Plated), Unwr, Semimfr Or Powder","Colombia","June 2025","1,302,941"
"7106 Silver (incl Prec Plated), Unwr, Semimfr Or Powder","Colombia","July 2025","1,651,716"
"7106 Silver (incl Prec Plated), Unwr, Semimfr Or Powder","Colombia","August 2025","1,503,809"
"7106 Silver (incl Prec Plated), Unwr, Semimfr Or Powder","Colombia","September 2025","911,885"
"7106 Silver (incl Prec Plated), Unwr, Semimfr Or Powder","Colombia","October 2025","907,270"
"7106 Silver (incl Prec Plated), Unwr, Semimfr Or Powder","Colombia","November 2025","1,742,632"
"7106 Silver (incl Prec Plated), Unwr, Semimfr Or Powder","Colombia","December 2025","2,432,776"
"7106 Silver (incl Prec Plated), Unwr, Semimfr Or Powder","Ecuador","January 2012","150,500"
"7106 Silver (incl Prec Plated), Unwr, Semimfr Or Powder","Ecuador","February 2012","142,820"
"7106 Silver (incl Prec Plated), Unwr, Semimfr Or Powder","Ecuador","March 2012","480,364"
"7106 Silver (incl Prec Plated), Unwr, Semimfr Or Powder","Ecuador","April 2012","106,712"
"7106 Silver (incl Prec Plated), Unwr, Semimfr Or Powder","Ecuador","May 2012","100,878"
"7106 Silver (incl Prec Plated), Unwr, Semimfr Or Powder","Ecuador","June 2012","4,815"
"7106 Silver (incl Prec Plated), Unwr, Semimfr Or Powder","Ecuador","July 2012","9,815"
"7106 Silver (incl Prec Plated), Unwr, Semimfr Or Powder","Ecuador","October 2012","194,092"
"7106 Silver (incl Prec Plated), Unwr, Semimfr Or Powder","Ecuador","November 2012","76,731"
"7106 Silver (incl Prec Plated), Unwr, Semimfr Or Powder","Ecuador","December 2012","205,837"
"7106 Silver (incl Prec Plated), Unwr, Semimfr Or Powder","Ecuador","January 2013","158,776"
"7106 Silver (incl Prec Plated), Unwr, Semimfr Or Powder","Ecuador","February 2013","386,411"
"7106 Silver (incl Prec Plated), Unwr, Semimfr Or Powder","Ecuador","March 2013","118,442"
"7106 Silver (incl Prec Plated), Unwr, Semimfr Or Powder","Ecuador","April 2013","169,000"
"7106 Silver (incl Prec Plated), Unwr, Semimfr Or Powder","Ecuador","October 2013","48,504"
"7106 Silver (incl Prec Plated), Unwr, Semimfr Or Powder","Ecuador","February 2014","127,838"
"7106 Silver (incl Prec Plated), Unwr, Semimfr Or Powder","Ecuador","March 2015","9,338"
"7106 Silver (incl Prec Plated), Unwr, Semimfr Or Powder","Ecuador","February 2016","21,263"
"7106 Silver (incl Prec Plated), Unwr, Semimfr Or Powder","Ecuador","March 2016","22,875"
"7106 Silver (incl Prec Plated), Unwr, Semimfr Or Powder","Ecuador","April 2016","27,720"
"7106 Silver (incl Prec Plated), Unwr, Semimfr Or Powder","Ecuador","January 2017","60,223"
"7106 Silver (incl Prec Plated), Unwr, Semimfr Or Powder","Ecuador","March 2017","297,700"
"7106 Silver (incl Prec Plated), Unwr, Semimfr Or Powder","Ecuador","August 2019","15,134"
"7106 Silver (incl Prec Plated), Unwr, Semimfr Or Powder","Ecuador","March 2020","50,697"
"7106 Silver (incl Prec Plated), Unwr, Semimfr Or Powder","Ecuador","August 2020","66,137"
"7106 Silver (incl Prec Plated), Unwr, Semimfr Or Powder","Ecuador","September 2020","572,159"
"7106 Silver (incl Prec Plated), Unwr, Semimfr Or Powder","Ecuador","November 2020","81,527"
"7106 Silver (incl Prec Plated), Unwr, Semimfr Or Powder","Ecuador","December 2020","127,361"
"7106 Silver (incl Prec Plated), Unwr, Semimfr Or Powder","Ecuador","February 2021","37,411"
"7106 Silver (incl Prec Plated), Unwr, Semimfr Or Powder","Ecuador","March 2021","247,999"
"7106 Silver (incl Prec Plated), Unwr, Semimfr Or Powder","Ecuador","April 2021","34,556"
"7106 Silver (incl Prec Plated), Unwr, Semimfr Or Powder","Ecuador","May 2021","103,598"
"7106 Silver (incl Prec Plated), Unwr, Semimfr Or Powder","Ecuador","July 2021","24,604"
"7106 Silver (incl Prec Plated), Unwr, Semimfr Or Powder","Ecuador","October 2021","38,950"
"7106 Silver (incl Prec Plated), Unwr, Semimfr Or Powder","Ecuador","January 2022","206,629"
"7106 Silver (incl Prec Plated), Unwr, Semimfr Or Powder","Ecuador","June 2022","1,252,063"
"7106 Silver (incl Prec Plated), Unwr, Semimfr Or Powder","Ecuador","July 2022","4,169"
"7106 Silver (incl Prec Plated), Unwr, Semimfr Or Powder","Ecuador","August 2023","2,957"
"7106 Silver (incl Prec Plated), Unwr, Semimfr Or Powder","Ecuador","April 2024","8,347"
"7106 Silver (incl Prec Plated), Unwr, Semimfr Or Powder","Ecuador","July 2024","248,045"
"7106 Silver (incl Prec Plated), Unwr, Semimfr Or Powder","Ecuador","October 2024","141,663"
"7106 Silver (incl Prec Plated), Unwr, Semimfr Or Powder","Ecuador","May 2025","112,470"
"7106 Silver (incl Prec Plated), Unwr, Semimfr Or Powder","Ecuador","June 2025","119,238"
"7106 Silver (incl Prec Plated), Unwr, Semimfr Or Powder","Ecuador","September 2025","85,792"
"7106 Silver (incl Prec Plated), Unwr, Semimfr Or Powder","Ecuador","December 2025","98,000"
"7106 Silver (incl Prec Plated), Unwr, Semimfr Or Powder","Guyana","October 2012","12,000"
"7106 Silver (incl Prec Plated), Unwr, Semimfr Or Powder","Peru","January 2010","3,336,980"
"7106 Silver (incl Prec Plated), Unwr, Semimfr Or Powder","Peru","February 2010","6,607,507"
"7106 Silver (incl Prec Plated), Unwr, Semimfr Or Powder","Peru","March 2010","5,400,700"
"7106 Silver (incl Prec Plated), Unwr, Semimfr Or Powder","Peru","April 2010","7,819,190"
"7106 Silver (incl Prec Plated), Unwr, Semimfr Or Powder","Peru","May 2010","3,231,769"
"7106 Silver (incl Prec Plated), Unwr, Semimfr Or Powder","Peru","June 2010","4,210,830"
"7106 Silver (incl Prec Plated), Unwr, Semimfr Or Powder","Peru","July 2010","7,710,950"
"7106 Silver (incl Prec Plated), Unwr, Semimfr Or Powder","Peru","August 2010","6,999,831"
"7106 Silver (incl Prec Plated), Unwr, Semimfr Or Powder","Peru","September 2010","7,593,718"
"7106 Silver (incl Prec Plated), Unwr, Semimfr Or Powder","Peru","October 2010","5,169,067"
"7106 Silver (incl Prec Plated), Unwr, Semimfr Or Powder","Peru","November 2010","35,865,190"
"7106 Silver (incl Prec Plated), Unwr, Semimfr Or Powder","Peru","December 2010","14,070,286"
"7106 Silver (incl Prec Plated), Unwr, Semimfr Or Powder","Peru","January 2011","8,827,510"
"7106 Silver (incl Prec Plated), Unwr, Semimfr Or Powder","Peru","February 2011","11,551,010"
"7106 Silver (incl Prec Plated), Unwr, Semimfr Or Powder","Peru","March 2011","17,070,689"
"7106 Silver (incl Prec Plated), Unwr, Semimfr Or Powder","Peru","April 2011","12,921,524"
"7106 Silver (incl Prec Plated), Unwr, Semimfr Or Powder","Peru","May 2011","16,015,702"
"7106 Silver (incl Prec Plated), Unwr, Semimfr Or Powder","Peru","June 2011","12,651,989"
"7106 Silver (incl Prec Plated), Unwr, Semimfr Or Powder","Peru","July 2011","19,478,385"
"7106 Silver (incl Prec Plated), Unwr, Semimfr Or Powder","Peru","August 2011","9,798,164"
"7106 Silver (incl Prec Plated), Unwr, Semimfr Or Powder","Peru","September 2011","13,766,395"
"7106 Silver (incl Prec Plated), Unwr, Semimfr Or Powder","Peru","October 2011","13,952,858"
"7106 Silver (incl Prec Plated), Unwr, Semimfr Or Powder","Peru","November 2011","11,802,294"
"7106 Silver (incl Prec Plated), Unwr, Semimfr Or Powder","Peru","December 2011","8,558,251"
"7106 Silver (incl Prec Plated), Unwr, Semimfr Or Powder","Peru","January 2012","15,806,401"
"7106 Silver (incl Prec Plated), Unwr, Semimfr Or Powder","Peru","February 2012","16,400,189"
"7106 Silver (incl Prec Plated), Unwr, Semimfr Or Powder","Peru","March 2012","19,746,349"
"7106 Silver (incl Prec Plated), Unwr, Semimfr Or Powder","Peru","April 2012","16,008,507"
"7106 Silver (incl Prec Plated), Unwr, Semimfr Or Powder","Peru","May 2012","14,063,606"
"7106 Silver (incl Prec Plated), Unwr, Semimfr Or Powder","Peru","June 2012","17,954,329"
"7106 Silver (incl Prec Plated), Unwr, Semimfr Or Powder","Peru","July 2012","13,084,318"
"7106 Silver (incl Prec Plated), Unwr, Semimfr Or Powder","Peru","August 2012","11,137,275"
"7106 Silver (incl Prec Plated), Unwr, Semimfr Or Powder","Peru","September 2012","15,706,409"
"7106 Silver (incl Prec Plated), Unwr, Semimfr Or Powder","Peru","October 2012","16,636,516"
"7106 Silver (incl Prec Plated), Unwr, Semimfr Or Powder","Peru","November 2012","21,751,859"
"7106 Silver (incl Prec Plated), Unwr, Semimfr Or Powder","Peru","December 2012","25,476,392"
"7106 Silver (incl Prec Plated), Unwr, Semimfr Or Powder","Peru","January 2013","22,669,145"
"7106 Silver (incl Prec Plated), Unwr, Semimfr Or Powder","Peru","February 2013","41,212,672"
"7106 Silver (incl Prec Plated), Unwr, Semimfr Or Powder","Peru","March 2013","33,961,531"
"7106 Silver (incl Prec Plated), Unwr, Semimfr Or Powder","Peru","April 2013","14,736,404"
"7106 Silver (incl Prec Plated), Unwr, Semimfr Or Powder","Peru","May 2013","41,342,415"
"7106 Silver (incl Prec Plated), Unwr, Semimfr Or Powder","Peru","June 2013","42,905,949"
"7106 Silver (incl Prec Plated), Unwr, Semimfr Or Powder","Peru","July 2013","70,387,066"
"7106 Silver (incl Prec Plated), Unwr, Semimfr Or Powder","Peru","August 2013","31,459,460"
"7106 Silver (incl Prec Plated), Unwr, Semimfr Or Powder","Peru","September 2013","67,202,900"
"7106 Silver (incl Prec Plated), Unwr, Semimfr Or Powder","Peru","October 2013","44,718,774"
"7106 Silver (incl Prec Plated), Unwr, Semimfr Or Powder","Peru","November 2013","24,702,436"
"7106 Silver (incl Prec Plated), Unwr, Semimfr Or Powder","Peru","December 2013","41,285,846"
"7106 Silver (incl Prec Plated), Unwr, Semimfr Or Powder","Peru","January 2014","46,137,706"
"7106 Silver (incl Prec Plated), Unwr, Semimfr Or Powder","Peru","February 2014","41,113,379"
"7106 Silver (incl Prec Plated), Unwr, Semimfr Or Powder","Peru","March 2014","26,734,637"
"7106 Silver (incl Prec Plated), Unwr, Semimfr Or Powder","Peru","April 2014","49,555,124"
"7106 Silver (incl Prec Plated), Unwr, Semimfr Or Powder","Peru","May 2014","39,417,920"
"7106 Silver (incl Prec Plated), Unwr, Semimfr Or Powder","Peru","June 2014","14,154,924"
"7106 Silver (incl Prec Plated), Unwr, Semimfr Or Powder","Peru","July 2014","9,940,893"
"7106 Silver (incl Prec Plated), Unwr, Semimfr Or Powder","Peru","August 2014","1,944,138"
"7106 Silver (incl Prec Plated), Unwr, Semimfr Or Powder","Peru","September 2014","9,486,146"
"7106 Silver (incl Prec Plated), Unwr, Semimfr Or Powder","Peru","October 2014","7,780,508"
"7106 Silver (incl Prec Plated), Unwr, Semimfr Or Powder","Peru","November 2014","4,257,833"
"7106 Silver (incl Prec Plated), Unwr, Semimfr Or Powder","Peru","December 2014","18,536,905"
"7106 Silver (incl Prec Plated), Unwr, Semimfr Or Powder","Peru","January 2015","12,589,083"
"7106 Silver (incl Prec Plated), Unwr, Semimfr Or Powder","Peru","February 2015","4,942,500"
"7106 Silver (incl Prec Plated), Unwr, Semimfr Or Powder","Peru","March 2015","7,604,241"
"7106 Silver (incl Prec Plated), Unwr, Semimfr Or Powder","Peru","April 2015","9,513,991"
"7106 Silver (incl Prec Plated), Unwr, Semimfr Or Powder","Peru","May 2015","11,112,354"
"7106 Silver (incl Prec Plated), Unwr, Semimfr Or Powder","Peru","June 2015","9,063,131"
"7106 Silver (incl Prec Plated), Unwr, Semimfr Or Powder","Peru","July 2015","10,618,106"
"7106 Silver (incl Prec Plated), Unwr, Semimfr Or Powder","Peru","August 2015","14,070,345"
"7106 Silver (incl Prec Plated), Unwr, Semimfr Or Powder","Peru","September 2015","48,957,287"
"7106 Silver (incl Prec Plated), Unwr, Semimfr Or Powder","Peru","October 2015","19,345,467"
"7106 Silver (incl Prec Plated), Unwr, Semimfr Or Powder","Peru","November 2015","10,187,386"
"7106 Silver (incl Prec Plated), Unwr, Semimfr Or Powder","Peru","December 2015","27,122,063"
"7106 Silver (incl Prec Plated), Unwr, Semimfr Or Powder","Peru","January 2016","8,889,721"
"7106 Silver (incl Prec Plated), Unwr, Semimfr Or Powder","Peru","February 2016","19,168,192"
"7106 Silver (incl Prec Plated), Unwr, Semimfr Or Powder","Peru","March 2016","10,169,953"
"7106 Silver (incl Prec Plated), Unwr, Semimfr Or Powder","Peru","April 2016","30,525,973"
"7106 Silver (incl Prec Plated), Unwr, Semimfr Or Powder","Peru","May 2016","58,637,624"
"7106 Silver (incl Prec Plated), Unwr, Semimfr Or Powder","Peru","June 2016","49,141,992"
"7106 Silver (incl Prec Plated), Unwr, Semimfr Or Powder","Peru","July 2016","52,783,503"
"7106 Silver (incl Prec Plated), Unwr, Semimfr Or Powder","Peru","August 2016","20,108,668"
"7106 Silver (incl Prec Plated), Unwr, Semimfr Or Powder","Peru","September 2016","20,906,874"
"7106 Silver (incl Prec Plated), Unwr, Semimfr Or Powder","Peru","October 2016","17,818,691"
"7106 Silver (incl Prec Plated), Unwr, Semimfr Or Powder","Peru","November 2016","25,230,295"
"7106 Silver (incl Prec Plated), Unwr, Semimfr Or Powder","Peru","December 2016","19,566,684"
"7106 Silver (incl Prec Plated), Unwr, Semimfr Or Powder","Peru","January 2017","23,619,341"
"7106 Silver (incl Prec Plated), Unwr, Semimfr Or Powder","Peru","February 2017","12,009,241"
"7106 Silver (incl Prec Plated), Unwr, Semimfr Or Powder","Peru","March 2017","32,556,276"
"7106 Silver (incl Prec Plated), Unwr, Semimfr Or Powder","Peru","April 2017","23,423,150"
"7106 Silver (incl Prec Plated), Unwr, Semimfr Or Powder","Peru","May 2017","22,336,241"
"7106 Silver (incl Prec Plated), Unwr, Semimfr Or Powder","Peru","June 2017","29,870,879"
"7106 Silver (incl Prec Plated), Unwr, Semimfr Or Powder","Peru","July 2017","15,967,241"
"7106 Silver (incl Prec Plated), Unwr, Semimfr Or Powder","Peru","August 2017","20,109,472"
"7106 Silver (incl Prec Plated), Unwr, Semimfr Or Powder","Peru","September 2017","8,584,691"
"7106 Silver (incl Prec Plated), Unwr, Semimfr Or Powder","Peru","October 2017","12,283,538"
"7106 Silver (incl Prec Plated), Unwr, Semimfr Or Powder","Peru","November 2017","20,421,216"
"7106 Silver (incl Prec Plated), Unwr, Semimfr Or Powder","Peru","December 2017","22,019,637"
"7106 Silver (incl Prec Plated), Unwr, Semimfr Or Powder","Peru","January 2018","18,235,539"
"7106 Silver (incl Prec Plated), Unwr, Semimfr Or Powder","Peru","February 2018","18,955,834"
"7106 Silver (incl Prec Plated), Unwr, Semimfr Or Powder","Peru","March 2018","21,328,617"
"7106 Silver (incl Prec Plated), Unwr, Semimfr Or Powder","Peru","April 2018","18,946,563"
"7106 Silver (incl Prec Plated), Unwr, Semimfr Or Powder","Peru","May 2018","21,191,032"
"7106 Silver (incl Prec Plated), Unwr, Semimfr Or Powder","Peru","June 2018","23,316,409"
"7106 Silver (incl Prec Plated), Unwr, Semimfr Or Powder","Peru","July 2018","9,421,242"
"7106 Silver (incl Prec Plated), Unwr, Semimfr Or Powder","Peru","August 2018","12,693,841"
"7106 Silver (incl Prec Plated), Unwr, Semimfr Or Powder","Peru","September 2018","12,313,601"
"7106 Silver (incl Prec Plated), Unwr, Semimfr Or Powder","Peru","October 2018","18,788,386"
"7106 Silver (incl Prec Plated), Unwr, Semimfr Or Powder","Peru","November 2018","5,775,943"
"7106 Silver (incl Prec Plated), Unwr, Semimfr Or Powder","Peru","December 2018","9,140,953"
"7106 Silver (incl Prec Plated), Unwr, Semimfr Or Powder","Peru","January 2019","2,091,239"
"7106 Silver (incl Prec Plated), Unwr, Semimfr Or Powder","Peru","February 2019","2,109,712"
"7106 Silver (incl Prec Plated), Unwr, Semimfr Or Powder","Peru","April 2019","4,251,498"
"7106 Silver (incl Prec Plated), Unwr, Semimfr Or Powder","Peru","May 2019","3,848,696"
"7106 Silver (incl Prec Plated), Unwr, Semimfr Or Powder","Peru","June 2019","3,031,574"
"7106 Silver (incl Prec Plated), Unwr, Semimfr Or Powder","Peru","July 2019","2,514,539"
"7106 Silver (incl Prec Plated), Unwr, Semimfr Or Powder","Peru","August 2019","5,225,718"
"7106 Silver (incl Prec Plated), Unwr, Semimfr Or Powder","Peru","September 2019","4,562,114"
"7106 Silver (incl Prec Plated), Unwr, Semimfr Or Powder","Peru","October 2019","5,077,545"
"7106 Silver (incl Prec Plated), Unwr, Semimfr Or Powder","Peru","November 2019","4,816,799"
"7106 Silver (incl Prec Plated), Unwr, Semimfr Or Powder","Peru","December 2019","4,809,905"
"7106 Silver (incl Prec Plated), Unwr, Semimfr Or Powder","Peru","January 2020","4,301,468"
"7106 Silver (incl Prec Plated), Unwr, Semimfr Or Powder","Peru","February 2020","3,585,944"
"7106 Silver (incl Prec Plated), Unwr, Semimfr Or Powder","Peru","March 2020","3,782,284"
"7106 Silver (incl Prec Plated), Unwr, Semimfr Or Powder","Peru","April 2020","4,133,760"
"7106 Silver (incl Prec Plated), Unwr, Semimfr Or Powder","Peru","May 2020","4,884,187"
"7106 Silver (incl Prec Plated), Unwr, Semimfr Or Powder","Peru","June 2020","3,808,415"
"7106 Silver (incl Prec Plated), Unwr, Semimfr Or Powder","Peru","July 2020","7,845,365"
"7106 Silver (incl Prec Plated), Unwr, Semimfr Or Powder","Peru","August 2020","5,277,764"
"7106 Silver (incl Prec Plated), Unwr, Semimfr Or Powder","Peru","September 2020","7,487,522"
"7106 Silver (incl Prec Plated), Unwr, Semimfr Or Powder","Peru","October 2020","6,137,601"
"7106 Silver (incl Prec Plated), Unwr, Semimfr Or Powder","Peru","November 2020","5,845,305"
"7106 Silver (incl Prec Plated), Unwr, Semimfr Or Powder","Peru","December 2020","6,461,199"
"7106 Silver (incl Prec Plated), Unwr, Semimfr Or Powder","Peru","January 2021","165,060"
"7106 Silver (incl Prec Plated), Unwr, Semimfr Or Powder","Peru","February 2021","2,406,235"
"7106 Silver (incl Prec Plated), Unwr, Semimfr Or Powder","Peru","March 2021","3,281,168"
"7106 Silver (incl Prec Plated), Unwr, Semimfr Or Powder","Peru","April 2021","2,310,998"
"7106 Silver (incl Prec Plated), Unwr, Semimfr Or Powder","Peru","May 2021","6,177,649"
"7106 Silver (incl Prec Plated), Unwr, Semimfr Or Powder","Peru","June 2021","2,798,960"
"7106 Silver (incl Prec Plated), Unwr, Semimfr Or Powder","Peru","July 2021","4,412,296"
"7106 Silver (incl Prec Plated), Unwr, Semimfr Or Powder","Peru","August 2021","3,345,274"
"7106 Silver (incl Prec Plated), Unwr, Semimfr Or Powder","Peru","September 2021","4,179,464"
"7106 Silver (incl Prec Plated), Unwr, Semimfr Or Powder","Peru","October 2021","2,991,705"
"7106 Silver (incl Prec Plated), Unwr, Semimfr Or Powder","Peru","November 2021","2,946,917"
"7106 Silver (incl Prec Plated), Unwr, Semimfr Or Powder","Peru","December 2021","4,077,067"
"7106 Silver (incl Prec Plated), Unwr, Semimfr Or Powder","Peru","January 2022","2,460,756"
"7106 Silver (incl Prec Plated), Unwr, Semimfr Or Powder","Peru","February 2022","1,847,571"
"7106 Silver (incl Prec Plated), Unwr, Semimfr Or Powder","Peru","March 2022","2,809,747"
"7106 Silver (incl Prec Plated), Unwr, Semimfr Or Powder","Peru","April 2022","2,976,112"
"7106 Silver (incl Prec Plated), Unwr, Semimfr Or Powder","Peru","May 2022","3,183,916"
"7106 Silver (incl Prec Plated), Unwr, Semimfr Or Powder","Peru","June 2022","3,820,144"
"7106 Silver (incl Prec Plated), Unwr, Semimfr Or Powder","Peru","July 2022","1,963,230"
"7106 Silver (incl Prec Plated), Unwr, Semimfr Or Powder","Peru","August 2022","2,833,666"
"7106 Silver (incl Prec Plated), Unwr, Semimfr Or Powder","Peru","September 2022","2,828,529"
"7106 Silver (incl Prec Plated), Unwr, Semimfr Or Powder","Peru","October 2022","2,312,212"
"7106 Silver (incl Prec Plated), Unwr, Semimfr Or Powder","Peru","November 2022","277,455"
"7106 Silver (incl Prec Plated), Unwr, Semimfr Or Powder","Peru","December 2022","8,664,554"
"7106 Silver (incl Prec Plated), Unwr, Semimfr Or Powder","Peru","January 2023","2,497,907"
"7106 Silver (incl Prec Plated), Unwr, Semimfr Or Powder","Peru","February 2023","4,610,925"
"7106 Silver (incl Prec Plated), Unwr, Semimfr Or Powder","Peru","March 2023","3,208,704"
"7106 Silver (incl Prec Plated), Unwr, Semimfr Or Powder","Peru","April 2023","3,199,764"
"7106 Silver (incl Prec Plated), Unwr, Semimfr Or Powder","Peru","May 2023","5,943,354"
"7106 Silver (incl Prec Plated), Unwr, Semimfr Or Powder","Peru","June 2023","3,957,568"
"7106 Silver (incl Prec Plated), Unwr, Semimfr Or Powder","Peru","July 2023","4,302,659"
"7106 Silver (incl Prec Plated), Unwr, Semimfr Or Powder","Peru","August 2023","3,458,858"
"7106 Silver (incl Prec Plated), Unwr, Semimfr Or Powder","Peru","September 2023","4,073,795"
"7106 Silver (incl Prec Plated), Unwr, Semimfr Or Powder","Peru","October 2023","2,312,281"
"7106 Silver (incl Prec Plated), Unwr, Semimfr Or Powder","Peru","November 2023","2,994,034"
"7106 Silver (incl Prec Plated), Unwr, Semimfr Or Powder","Peru","December 2023","4,553,045"
"7106 Silver (incl Prec Plated), Unwr, Semimfr Or Powder","Peru","January 2024","3,875,555"
"7106 Silver (incl Prec Plated), Unwr, Semimfr Or Powder","Peru","February 2024","3,644,701"
"7106 Silver (incl Prec Plated), Unwr, Semimfr Or Powder","Peru","March 2024","3,721,053"
"7106 Silver (incl Prec Plated), Unwr, Semimfr Or Powder","Peru","April 2024","4,505,860"
"7106 Silver (incl Prec Plated), Unwr, Semimfr Or Powder","Peru","May 2024","5,363,135"
"7106 Silver (incl Prec Plated), Unwr, Semimfr Or Powder","Peru","June 2024","6,223,184"
"7106 Silver (incl Prec Plated), Unwr, Semimfr Or Powder","Peru","July 2024","10,215,178"
"7106 Silver (incl Prec Plated), Unwr, Semimfr Or Powder","Peru","August 2024","6,881,559"
"7106 Silver (incl Prec Plated), Unwr, Semimfr Or Powder","Peru","September 2024","4,469,501"
"7106 Silver (incl Prec Plated), Unwr, Semimfr Or Powder","Peru","October 2024","1,042,225"
"7106 Silver (incl Prec Plated), Unwr, Semimfr Or Powder","Peru","November 2024","3,754,801"
"7106 Silver (incl Prec Plated), Unwr, Semimfr Or Powder","Peru","December 2024","10,771,763"
"7106 Silver (incl Prec Plated), Unwr, Semimfr Or Powder","Peru","January 2025","5,602,013"
"7106 Silver (incl Prec Plated), Unwr, Semimfr Or Powder","Peru","February 2025","4,885,193"
"7106 Silver (incl Prec Plated), Unwr, Semimfr Or Powder","Peru","March 2025","3,811,965"
"7106 Silver (incl Prec Plated), Unwr, Semimfr Or Powder","Peru","April 2025","3,352,380"
"7106 Silver (incl Prec Plated), Unwr, Semimfr Or Powder","Peru","May 2025","5,723,733"
"7106 Silver (incl Prec Plated), Unwr, Semimfr Or Powder","Peru","June 2025","5,517,424"
"7106 Silver (incl Prec Plated), Unwr, Semimfr Or Powder","Peru","July 2025","5,774,771"
"7106 Silver (incl Prec Plated), Unwr, Semimfr Or Powder","Peru","August 2025","5,855,514"
"7106 Silver (incl Prec Plated), Unwr, Semimfr Or Powder","Peru","September 2025","6,849,502"
"7106 Silver (incl Prec Plated), Unwr, Semimfr Or Powder","Peru","October 2025","6,068,936"
"7106 Silver (incl Prec Plated), Unwr, Semimfr Or Powder","Peru","November 2025","6,145,645"
"7106 Silver (incl Prec Plated), Unwr, Semimfr Or Powder","Peru","December 2025","6,872,896"
"7106 Silver (incl Prec Plated), Unwr, Semimfr Or Powder","Uruguay","May 2024","48,641"
"7106 Silver (incl Prec Plated), Unwr, Semimfr Or Powder","Uruguay","September 2024","18,800"
"7106 Silver (incl Prec Plated), Unwr, Semimfr Or Powder","Uruguay","October 2024","10,900"
"7106 Silver (incl Prec Plated), Unwr, Semimfr Or Powder","Uruguay","November 2024","40,400"
"7106 Silver (incl Prec Plated), Unwr, Semimfr Or Powder","Uruguay","December 2024","114,000"
"7106 Silver (incl Prec Plated), Unwr, Semimfr Or Powder","Venezuela","May 2010","30,280"
"7106 Silver (incl Prec Plated), Unwr, Semimfr Or Powder","Venezuela","January 2013","7,300"
"7106 Silver (incl Prec Plated), Unwr, Semimfr Or Powder","Venezuela","February 2013","11,055"
"7106 Silver (incl Prec Plated), Unwr, Semimfr Or Powder","Venezuela","March 2013","10,850"
"7106 Silver (incl Prec Plated), Unwr, Semimfr Or Powder","Venezuela","April 2013","3,153"
"7106 Silver (incl Prec Plated), Unwr, Semimfr Or Powder","Venezuela","August 2016","17,813"
"7106 Silver (incl Prec Plated), Unwr, Semimfr Or Powder","Venezuela","September 2016","7,795"
"7106 Silver (incl Prec Plated), Unwr, Semimfr Or Powder","Venezuela","October 2016","9,763"
"7106 Silver (incl Prec Plated), Unwr, Semimfr Or Powder","Venezuela","November 2016","7,930"
"8105 Cobalt Mattes Etc, Cobalt & Art, Inc Waste & Scrap","Brazil","March 2010","636,070"
"8105 Cobalt Mattes Etc, Cobalt & Art, Inc Waste & Scrap","Brazil","April 2010","513,144"
"8105 Cobalt Mattes Etc, Cobalt & Art, Inc Waste & Scrap","Brazil","May 2010","1,818,132"
"8105 Cobalt Mattes Etc, Cobalt & Art, Inc Waste & Scrap","Brazil","June 2010","856,009"
"8105 Cobalt Mattes Etc, Cobalt & Art, Inc Waste & Scrap","Brazil","July 2010","614,504"
"8105 Cobalt Mattes Etc, Cobalt & Art, Inc Waste & Scrap","Brazil","September 2010","1,010,398"
"8105 Cobalt Mattes Etc, Cobalt & Art, Inc Waste & Scrap","Brazil","October 2010","212,342"
"8105 Cobalt Mattes Etc, Cobalt & Art, Inc Waste & Scrap","Brazil","December 2010","858,671"
"8105 Cobalt Mattes Etc, Cobalt & Art, Inc Waste & Scrap","Brazil","February 2011","1,485,911"
"8105 Cobalt Mattes Etc, Cobalt & Art, Inc Waste & Scrap","Brazil","March 2011","386,911"
"8105 Cobalt Mattes Etc, Cobalt & Art, Inc Waste & Scrap","Brazil","April 2011","766,261"
"8105 Cobalt Mattes Etc, Cobalt & Art, Inc Waste & Scrap","Brazil","May 2011","1,883,449"
"8105 Cobalt Mattes Etc, Cobalt & Art, Inc Waste & Scrap","Brazil","June 2011","962,519"
"8105 Cobalt Mattes Etc, Cobalt & Art, Inc Waste & Scrap","Brazil","July 2011","159,418"
"8105 Cobalt Mattes Etc, Cobalt & Art, Inc Waste & Scrap","Brazil","August 2011","908,687"
"8105 Cobalt Mattes Etc, Cobalt & Art, Inc Waste & Scrap","Brazil","September 2011","326,693"
"8105 Cobalt Mattes Etc, Cobalt & Art, Inc Waste & Scrap","Brazil","October 2011","1,987,897"
"8105 Cobalt Mattes Etc, Cobalt & Art, Inc Waste & Scrap","Brazil","November 2011","2,269,300"
"8105 Cobalt Mattes Etc, Cobalt & Art, Inc Waste & Scrap","Brazil","December 2011","2,388,974"
"8105 Cobalt Mattes Etc, Cobalt & Art, Inc Waste & Scrap","Brazil","January 2012","1,069,577"
"8105 Cobalt Mattes Etc, Cobalt & Art, Inc Waste & Scrap","Brazil","February 2012","2,554,431"
"8105 Cobalt Mattes Etc, Cobalt & Art, Inc Waste & Scrap","Brazil","March 2012","1,104,707"
"8105 Cobalt Mattes Etc, Cobalt & Art, Inc Waste & Scrap","Brazil","April 2012","1,636,546"
"8105 Cobalt Mattes Etc, Cobalt & Art, Inc Waste & Scrap","Brazil","May 2012","1,161,419"
"8105 Cobalt Mattes Etc, Cobalt & Art, Inc Waste & Scrap","Brazil","June 2012","606,260"
"8105 Cobalt Mattes Etc, Cobalt & Art, Inc Waste & Scrap","Brazil","July 2012","2,026,880"
"8105 Cobalt Mattes Etc, Cobalt & Art, Inc Waste & Scrap","Brazil","August 2012","1,605,989"
"8105 Cobalt Mattes Etc, Cobalt & Art, Inc Waste & Scrap","Brazil","September 2012","1,089,886"
"8105 Cobalt Mattes Etc, Cobalt & Art, Inc Waste & Scrap","Brazil","October 2012","1,089,544"
"8105 Cobalt Mattes Etc, Cobalt & Art, Inc Waste & Scrap","Brazil","November 2012","696,000"
"8105 Cobalt Mattes Etc, Cobalt & Art, Inc Waste & Scrap","Brazil","January 2013","1,555,070"
"8105 Cobalt Mattes Etc, Cobalt & Art, Inc Waste & Scrap","Brazil","February 2013","1,317,648"
"8105 Cobalt Mattes Etc, Cobalt & Art, Inc Waste & Scrap","Brazil","March 2013","591,593"
"8105 Cobalt Mattes Etc, Cobalt & Art, Inc Waste & Scrap","Brazil","April 2013","1,824,181"
"8105 Cobalt Mattes Etc, Cobalt & Art, Inc Waste & Scrap","Brazil","May 2013","1,077,613"
"8105 Cobalt Mattes Etc, Cobalt & Art, Inc Waste & Scrap","Brazil","September 2013","8,580"
"8105 Cobalt Mattes Etc, Cobalt & Art, Inc Waste & Scrap","Brazil","October 2013","527,238"
"8105 Cobalt Mattes Etc, Cobalt & Art, Inc Waste & Scrap","Brazil","December 2013","1,092,839"
"8105 Cobalt Mattes Etc, Cobalt & Art, Inc Waste & Scrap","Brazil","April 2014","568,473"
"8105 Cobalt Mattes Etc, Cobalt & Art, Inc Waste & Scrap","Brazil","June 2014","591,365"
"8105 Cobalt Mattes Etc, Cobalt & Art, Inc Waste & Scrap","Brazil","August 2014","585,327"
"8105 Cobalt Mattes Etc, Cobalt & Art, Inc Waste & Scrap","Brazil","September 2014","592,690"
"8105 Cobalt Mattes Etc, Cobalt & Art, Inc Waste & Scrap","Brazil","January 2015","2,397,127"
"8105 Cobalt Mattes Etc, Cobalt & Art, Inc Waste & Scrap","Brazil","April 2015","1,347,023"
"8105 Cobalt Mattes Etc, Cobalt & Art, Inc Waste & Scrap","Brazil","August 2015","547,099"
"8105 Cobalt Mattes Etc, Cobalt & Art, Inc Waste & Scrap","Brazil","October 2015","881,760"
"8105 Cobalt Mattes Etc, Cobalt & Art, Inc Waste & Scrap","Brazil","November 2015","609,341"
"8105 Cobalt Mattes Etc, Cobalt & Art, Inc Waste & Scrap","Brazil","July 2016","278,082"
"8105 Cobalt Mattes Etc, Cobalt & Art, Inc Waste & Scrap","Brazil","September 2016","108,324"
"8105 Cobalt Mattes Etc, Cobalt & Art, Inc Waste & Scrap","Brazil","October 2016","2,371"
"8105 Cobalt Mattes Etc, Cobalt & Art, Inc Waste & Scrap","Brazil","December 2016","34,969"
"8105 Cobalt Mattes Etc, Cobalt & Art, Inc Waste & Scrap","Brazil","May 2017","1,121,257"
"8105 Cobalt Mattes Etc, Cobalt & Art, Inc Waste & Scrap","Brazil","November 2017","715,075"
"8105 Cobalt Mattes Etc, Cobalt & Art, Inc Waste & Scrap","Brazil","January 2018","248,178"
"8105 Cobalt Mattes Etc, Cobalt & Art, Inc Waste & Scrap","Brazil","March 2018","3,620"
"8105 Cobalt Mattes Etc, Cobalt & Art, Inc Waste & Scrap","Brazil","October 2019","25,811"
"8105 Cobalt Mattes Etc, Cobalt & Art, Inc Waste & Scrap","Brazil","November 2019","709,833"
"8105 Cobalt Mattes Etc, Cobalt & Art, Inc Waste & Scrap","Brazil","January 2020","6,446"
"8105 Cobalt Mattes Etc, Cobalt & Art, Inc Waste & Scrap","Brazil","January 2021","6,656"
"8105 Cobalt Mattes Etc, Cobalt & Art, Inc Waste & Scrap","Brazil","January 2024","23,665"
"8105 Cobalt Mattes Etc, Cobalt & Art, Inc Waste & Scrap","Brazil","June 2024","3,517"
"8105 Cobalt Mattes Etc, Cobalt & Art, Inc Waste & Scrap","Brazil","August 2024","4,497"
"8105 Cobalt Mattes Etc, Cobalt & Art, Inc Waste & Scrap","Brazil","September 2024","2,459"
"8105 Cobalt Mattes Etc, Cobalt & Art, Inc Waste & Scrap","Brazil","February 2025","15,361"
"8105 Cobalt Mattes Etc, Cobalt & Art, Inc Waste & Scrap","Brazil","June 2025","22,971"
"8105 Cobalt Mattes Etc, Cobalt & Art, Inc Waste & Scrap","Brazil","September 2025","4,113"
"8105 Cobalt Mattes Etc, Cobalt & Art, Inc Waste & Scrap","Colombia","August 2014","3,791"
"8105 Cobalt Mattes Etc, Cobalt & Art, Inc Waste & Scrap","Colombia","March 2017","8,253"
"8105 Cobalt Mattes Etc, Cobalt & Art, Inc Waste & Scrap","Colombia","December 2020","4,829"
"8105 Cobalt Mattes Etc, Cobalt & Art, Inc Waste & Scrap","Colombia","July 2021","13,396"
"8105 Cobalt Mattes Etc, Cobalt & Art, Inc Waste & Scrap","Colombia","August 2023","15,127"
"8105 Cobalt Mattes Etc, Cobalt & Art, Inc Waste & Scrap","Colombia","March 2024","18,874"
"8105 Cobalt Mattes Etc, Cobalt & Art, Inc Waste & Scrap","Colombia","May 2024","2,897"
"8105 Cobalt Mattes Etc, Cobalt & Art, Inc Waste & Scrap","Colombia","August 2024","7,494"
"8105 Cobalt Mattes Etc, Cobalt & Art, Inc Waste & Scrap","Colombia","October 2024","7,876"
"8105 Cobalt Mattes Etc, Cobalt & Art, Inc Waste & Scrap","Colombia","March 2025","7,254"
"8105 Cobalt Mattes Etc, Cobalt & Art, Inc Waste & Scrap","Peru","October 2011","51,160"
