HS Code,Commodity Name,Year,Month,Country,Nominal Value,Annual Inflation Rate,CPI,Real Value,Category Type
2504,Natural Graphite,2014,May,Argentina,19158,1.62,108.5634,17646.83125252157,Ore / Raw
2504,Natural Graphite,2021,Jan,Argentina,5750,4.7,124.2543,4627.606449032347,Ore / Raw
2504,Natural Graphite,2010,Jan,Brazil,402305,1.64,100.0,402305.0,Ore / Raw
2504,Natural Graphite,2010,Feb,Brazil,228508,1.64,100.0,228508.0,Ore / Raw
2504,Natural Graphite,2010,Mar,Brazil,458104,1.64,100.0,458104.0,Ore / Raw
2504,Natural Graphite,2010,Apr,Brazil,403679,1.64,100.0,403679.0,Ore / Raw
2504,Natural Graphite,2010,May,Brazil,395938,1.64,100.0,395938.0,Ore / Raw
2504,Natural Graphite,2010,Jun,Brazil,480994,1.64,100.0,480993.99999999994,Ore / Raw
2504,Natural Graphite,2010,Jul,Brazil,452637,1.64,100.0,452637.0,Ore / Raw
2504,Natural Graphite,2010,Aug,Brazil,455826,1.64,100.0,455826.0,Ore / Raw
2504,Natural Graphite,2010,Sep,Brazil,549905,1.64,100.0,549905.0,Ore / Raw
2504,Natural Graphite,2010,Oct,Brazil,577717,1.64,100.0,577717.0,Ore / Raw
2504,Natural Graphite,2010,Nov,Brazil,590985,1.64,100.0,590985.0,Ore / Raw
2504,Natural Graphite,2010,Dec,Brazil,701173,1.64,100.0,701173.0,Ore / Raw
2504,Natural Graphite,2011,Jan,Brazil,145194,3.16,103.16,140746.4133385033,Ore / Raw
2504,Natural Graphite,2011,Feb,Brazil,545936,3.16,103.16,529212.8732066692,Ore / Raw
2504,Natural Graphite,2011,Mar,Brazil,492994,3.16,103.16,477892.5940286933,Ore / Raw
2504,Natural Graphite,2011,Apr,Brazil,398882,3.16,103.16,386663.43544009305,Ore / Raw
2504,Natural Graphite,2011,May,Brazil,580833,3.16,103.16,563040.9073284218,Ore / Raw
2504,Natural Graphite,2011,Jun,Brazil,486163,3.16,103.16,471270.8414113998,Ore / Raw
2504,Natural Graphite,2011,Jul,Brazil,644950,3.16,103.16,625193.8735944164,Ore / Raw
2504,Natural Graphite,2011,Aug,Brazil,551200,3.16,103.16,534315.6262117099,Ore / Raw
2504,Natural Graphite,2011,Sep,Brazil,934851,3.16,103.16,906214.6180690189,Ore / Raw
2504,Natural Graphite,2011,Oct,Brazil,1086799,3.16,103.16,1053508.1426909654,Ore / Raw
2504,Natural Graphite,2011,Nov,Brazil,584220,3.16,103.16,566324.1566498643,Ore / Raw
2504,Natural Graphite,2011,Dec,Brazil,832970,3.16,103.16,807454.4397053121,Ore / Raw
2504,Natural Graphite,2012,Jan,Brazil,734728,2.07,105.2954,697777.8706382235,Ore / Raw
2504,Natural Graphite,2012,Feb,Brazil,446621,2.07,105.2954,424160.02978287754,Ore / Raw
2504,Natural Graphite,2012,Mar,Brazil,681254,2.07,105.2954,646993.1260055045,Ore / Raw
2504,Natural Graphite,2012,Apr,Brazil,495910,2.07,105.2954,470970.2418149321,Ore / Raw
2504,Natural Graphite,2012,May,Brazil,707760,2.07,105.2954,672166.1155188166,Ore / Raw
2504,Natural Graphite,2012,Jun,Brazil,1089305,2.07,105.2954,1034522.8756431905,Ore / Raw
2504,Natural Graphite,2012,Jul,Brazil,646310,2.07,105.2954,613806.4910717846,Ore / Raw
2504,Natural Graphite,2012,Aug,Brazil,672339,2.07,105.2954,638526.4693424404,Ore / Raw
2504,Natural Graphite,2012,Sep,Brazil,424208,2.07,105.2954,402874.1996326525,Ore / Raw
2504,Natural Graphite,2012,Oct,Brazil,502502,2.07,105.2954,477230.72422916855,Ore / Raw
2504,Natural Graphite,2012,Nov,Brazil,498740,2.07,105.2954,473657.9185795391,Ore / Raw
2504,Natural Graphite,2012,Dec,Brazil,784982,2.07,105.2954,745504.551955736,Ore / Raw
2504,Natural Graphite,2013,Jan,Brazil,905010,1.46,106.8327,847128.2669070424,Ore / Raw
2504,Natural Graphite,2013,Feb,Brazil,771922,1.46,106.8327,722552.1773764025,Ore / Raw
2504,Natural Graphite,2013,Mar,Brazil,721085,1.46,106.8327,674966.5598641614,Ore / Raw
2504,Natural Graphite,2013,Apr,Brazil,656575,1.46,106.8327,614582.4265416862,Ore / Raw
2504,Natural Graphite,2013,May,Brazil,611714,1.46,106.8327,572590.6019411659,Ore / Raw
2504,Natural Graphite,2013,Jun,Brazil,659707,1.46,106.8327,617514.1131881905,Ore / Raw
2504,Natural Graphite,2013,Jul,Brazil,937672,1.46,106.8327,877701.3030654473,Ore / Raw
2504,Natural Graphite,2013,Aug,Brazil,947204,1.46,106.8327,886623.6648516794,Ore / Raw
2504,Natural Graphite,2013,Sep,Brazil,1235856,1.46,106.8327,1156814.3461692908,Ore / Raw
2504,Natural Graphite,2013,Oct,Brazil,1080182,1.46,106.8327,1011096.7896533551,Ore / Raw
2504,Natural Graphite,2013,Nov,Brazil,1030274,1.46,106.8327,964380.7560793652,Ore / Raw
2504,Natural Graphite,2013,Dec,Brazil,342582,1.46,106.8327,320671.47979972424,Ore / Raw
2504,Natural Graphite,2014,Jan,Brazil,312374,1.62,108.5634,287734.17192166054,Ore / Raw
2504,Natural Graphite,2014,Feb,Brazil,273372,1.62,108.5634,251808.62058483798,Ore / Raw
2504,Natural Graphite,2014,Mar,Brazil,533115,1.62,108.5634,491063.286521977,Ore / Raw
2504,Natural Graphite,2014,Apr,Brazil,721610,1.62,108.5634,664689.9415456775,Ore / Raw
2504,Natural Graphite,2014,May,Brazil,494256,1.62,108.5634,455269.45545183733,Ore / Raw
2504,Natural Graphite,2014,Jun,Brazil,1268695,1.62,108.5634,1168621.284889751,Ore / Raw
2504,Natural Graphite,2014,Jul,Brazil,1369729,1.62,108.5634,1261685.7983445618,Ore / Raw
2504,Natural Graphite,2014,Aug,Brazil,1061959,1.62,108.5634,978192.4663376423,Ore / Raw
2504,Natural Graphite,2014,Sep,Brazil,871497,1.62,108.5634,802753.9668064928,Ore / Raw
2504,Natural Graphite,2014,Oct,Brazil,609118,1.62,108.5634,561071.2265828078,Ore / Raw
2504,Natural Graphite,2014,Nov,Brazil,879790,1.62,108.5634,810392.8211533537,Ore / Raw
2504,Natural Graphite,2014,Dec,Brazil,326969,1.62,108.5634,301177.92921002844,Ore / Raw
2504,Natural Graphite,2015,Jan,Brazil,753493,0.12,108.6937,693226.0103391457,Ore / Raw
2504,Natural Graphite,2015,Feb,Brazil,805474,0.12,108.6937,741049.3892470308,Ore / Raw
2504,Natural Graphite,2015,Mar,Brazil,718616,0.12,108.6937,661138.5940491491,Ore / Raw
2504,Natural Graphite,2015,Apr,Brazil,1162224,0.12,108.6937,1069265.2840045006,Ore / Raw
2504,Natural Graphite,2015,May,Brazil,1593460,0.12,108.6937,1466009.5295311504,Ore / Raw
2504,Natural Graphite,2015,Jun,Brazil,1539044,0.12,108.6937,1415945.9103885505,Ore / Raw
2504,Natural Graphite,2015,Jul,Brazil,712294,0.12,108.6937,655322.2495876026,Ore / Raw
2504,Natural Graphite,2015,Aug,Brazil,538637,0.12,108.6937,495554.94016672537,Ore / Raw
2504,Natural Graphite,2015,Sep,Brazil,367045,0.12,108.6937,337687.464866869,Ore / Raw
2504,Natural Graphite,2015,Oct,Brazil,523167,0.12,108.6937,481322.2845482304,Ore / Raw
2504,Natural Graphite,2015,Nov,Brazil,507146,0.12,108.6937,466582.69982528884,Ore / Raw
2504,Natural Graphite,2015,Dec,Brazil,721321,0.12,108.6937,663627.2387452078,Ore / Raw
2504,Natural Graphite,2016,Jan,Brazil,559651,1.26,110.0632,508481.4906344718,Ore / Raw
2504,Natural Graphite,2016,Feb,Brazil,571876,1.26,110.0632,519588.74537538434,Ore / Raw
2504,Natural Graphite,2016,Mar,Brazil,849811,1.26,110.0632,772111.8411966943,Ore / Raw
2504,Natural Graphite,2016,Apr,Brazil,778525,1.26,110.0632,707343.5989504212,Ore / Raw
2504,Natural Graphite,2016,May,Brazil,555698,1.26,110.0632,504889.91779268644,Ore / Raw
2504,Natural Graphite,2016,Jun,Brazil,333564,1.26,110.0632,303065.8748791604,Ore / Raw
2504,Natural Graphite,2016,Jul,Brazil,715233,1.26,110.0632,649838.4564504757,Ore / Raw
2504,Natural Graphite,2016,Aug,Brazil,889151,1.26,110.0632,807854.941524506,Ore / Raw
2504,Natural Graphite,2016,Sep,Brazil,389598,1.26,110.0632,353976.6243394704,Ore / Raw
2504,Natural Graphite,2016,Oct,Brazil,636067,1.26,110.0632,577910.6913119007,Ore / Raw
2504,Natural Graphite,2016,Nov,Brazil,524909,1.26,110.0632,476915.9900856963,Ore / Raw
2504,Natural Graphite,2016,Dec,Brazil,622402,1.26,110.0632,565495.0973622429,Ore / Raw
2504,Natural Graphite,2017,Jan,Brazil,240011,2.13,112.4076,213518.4809568036,Ore / Raw
2504,Natural Graphite,2017,Feb,Brazil,502505,2.13,112.4076,447038.2785505606,Ore / Raw
2504,Natural Graphite,2017,Mar,Brazil,859915,2.13,112.4076,764997.2065945719,Ore / Raw
2504,Natural Graphite,2017,Apr,Brazil,499131,2.13,112.4076,444036.70214469486,Ore / Raw
2504,Natural Graphite,2017,May,Brazil,872804,2.13,112.4076,776463.5131432394,Ore / Raw
2504,Natural Graphite,2017,Jun,Brazil,419343,2.13,112.4076,373055.7364448667,Ore / Raw
2504,Natural Graphite,2017,Jul,Brazil,812392,2.13,112.4076,722719.8160978439,Ore / Raw
2504,Natural Graphite,2017,Aug,Brazil,1039838,2.13,112.4076,925060.2272444211,Ore / Raw
2504,Natural Graphite,2017,Sep,Brazil,787560,2.13,112.4076,700628.783107192,Ore / Raw
2504,Natural Graphite,2017,Oct,Brazil,317901,2.13,112.4076,282810.9487258869,Ore / Raw
2504,Natural Graphite,2017,Nov,Brazil,348639,2.13,112.4076,310156.0748561485,Ore / Raw
2504,Natural Graphite,2017,Dec,Brazil,901632,2.13,112.4076,802109.4659079991,Ore / Raw
2504,Natural Graphite,2018,Jan,Brazil,688841,2.44,115.1503,598210.3390091038,Ore / Raw
2504,Natural Graphite,2018,Feb,Brazil,822573,2.44,115.1503,714347.2487696515,Ore / Raw
2504,Natural Graphite,2018,Mar,Brazil,419987,2.44,115.1503,364729.40148657886,Ore / Raw
2504,Natural Graphite,2018,Apr,Brazil,578021,2.44,115.1503,501970.90237715404,Ore / Raw
2504,Natural Graphite,2018,May,Brazil,601302,2.44,115.1503,522188.8262557718,Ore / Raw
2504,Natural Graphite,2018,Jun,Brazil,564142,2.44,115.1503,489917.9593974136,Ore / Raw
2504,Natural Graphite,2018,Jul,Brazil,602148,2.44,115.1503,522923.51821923174,Ore / Raw
2504,Natural Graphite,2018,Aug,Brazil,716672,2.44,115.1503,622379.6203744151,Ore / Raw
2504,Natural Graphite,2018,Sep,Brazil,126348,2.44,115.1503,109724.42103928518,Ore / Raw
2504,Natural Graphite,2018,Oct,Brazil,800084,2.44,115.1503,694817.1216227835,Ore / Raw
2504,Natural Graphite,2018,Nov,Brazil,278681,2.44,115.1503,242015.00126356597,Ore / Raw
2504,Natural Graphite,2018,Dec,Brazil,270211,2.44,115.1503,234659.39732679812,Ore / Raw
2504,Natural Graphite,2019,Jan,Brazil,530372,1.81,117.2345,452402.6630386106,Ore / Raw
2504,Natural Graphite,2019,Feb,Brazil,311619,1.81,117.2345,265808.27316191053,Ore / Raw
2504,Natural Graphite,2019,Mar,Brazil,346203,1.81,117.2345,295308.12175596773,Ore / Raw
2504,Natural Graphite,2019,Apr,Brazil,230134,1.81,117.2345,196302.28303101903,Ore / Raw
2504,Natural Graphite,2019,May,Brazil,585810,1.81,117.2345,499690.79068021785,Ore / Raw
2504,Natural Graphite,2019,Jun,Brazil,445138,1.81,117.2345,379698.8087977515,Ore / Raw
2504,Natural Graphite,2019,Jul,Brazil,649623,1.81,117.2345,554122.7198478264,Ore / Raw
2504,Natural Graphite,2019,Aug,Brazil,443914,1.81,117.2345,378654.74753592163,Ore / Raw
2504,Natural Graphite,2019,Sep,Brazil,579949,1.81,117.2345,494691.40909885743,Ore / Raw
2504,Natural Graphite,2019,Oct,Brazil,273651,1.81,117.2345,233421.9022557353,Ore / Raw
2504,Natural Graphite,2019,Nov,Brazil,229203,1.81,117.2345,195508.1481986958,Ore / Raw
2504,Natural Graphite,2019,Dec,Brazil,381277,1.81,117.2345,325225.9360512477,Ore / Raw
2504,Natural Graphite,2020,Jan,Brazil,361429,1.23,118.6765,304549.7634325246,Ore / Raw
2504,Natural Graphite,2020,Feb,Brazil,222572,1.23,118.6765,187545.13319823216,Ore / Raw
2504,Natural Graphite,2020,Mar,Brazil,473002,1.23,118.6765,398564.1639246186,Ore / Raw
2504,Natural Graphite,2020,Apr,Brazil,406951,1.23,118.6765,342907.8208406887,Ore / Raw
2504,Natural Graphite,2020,May,Brazil,755658,1.23,118.6765,636737.6860625313,Ore / Raw
2504,Natural Graphite,2020,Jun,Brazil,568049,1.23,118.6765,478653.31384056655,Ore / Raw
2504,Natural Graphite,2020,Jul,Brazil,275194,1.23,118.6765,231885.8409204855,Ore / Raw
2504,Natural Graphite,2020,Aug,Brazil,324313,1.23,118.6765,273274.82694551995,Ore / Raw
2504,Natural Graphite,2020,Sep,Brazil,529282,1.23,118.6765,445987.20049883507,Ore / Raw
2504,Natural Graphite,2020,Oct,Brazil,530362,1.23,118.6765,446897.23744802043,Ore / Raw
2504,Natural Graphite,2020,Nov,Brazil,618757,1.23,118.6765,521381.2338584303,Ore / Raw
2504,Natural Graphite,2020,Dec,Brazil,398588,1.23,118.6765,335860.9328721356,Ore / Raw
2504,Natural Graphite,2021,Jan,Brazil,357072,4.7,124.2543,287371.94608154404,Ore / Raw
2504,Natural Graphite,2021,Feb,Brazil,415332,4.7,124.2543,334259.65942426136,Ore / Raw
2504,Natural Graphite,2021,Mar,Brazil,1025329,4.7,124.2543,825185.9291791108,Ore / Raw
2504,Natural Graphite,2021,Apr,Brazil,182719,4.7,124.2543,147052.45613230285,Ore / Raw
2504,Natural Graphite,2021,May,Brazil,411093,4.7,124.2543,330848.1074699226,Ore / Raw
2504,Natural Graphite,2021,Jun,Brazil,231234,4.7,124.2543,186097.3825453123,Ore / Raw
2504,Natural Graphite,2021,Jul,Brazil,182045,4.7,124.2543,146510.02017636414,Ore / Raw
2504,Natural Graphite,2021,Aug,Brazil,792496,4.7,124.2543,637801.6696404068,Ore / Raw
2504,Natural Graphite,2021,Sep,Brazil,852136,4.7,124.2543,685800.0085308918,Ore / Raw
2504,Natural Graphite,2021,Oct,Brazil,639488,4.7,124.2543,514660.65963109524,Ore / Raw
2504,Natural Graphite,2021,Nov,Brazil,480408,4.7,124.2543,386632.89721160557,Ore / Raw
2504,Natural Graphite,2021,Dec,Brazil,387095,4.7,124.2543,311534.4901544655,Ore / Raw
2504,Natural Graphite,2022,Jan,Brazil,298671,8.0,134.1947,222565.42173424136,Ore / Raw
2504,Natural Graphite,2022,Feb,Brazil,201285,8.0,134.1947,149994.7464393154,Ore / Raw
2504,Natural Graphite,2022,Mar,Brazil,284890,8.0,134.1947,212296.01467122024,Ore / Raw
2504,Natural Graphite,2022,Apr,Brazil,52358,8.0,134.1947,39016.444017535716,Ore / Raw
2504,Natural Graphite,2022,May,Brazil,647407,8.0,134.1947,482438.5761881803,Ore / Raw
2504,Natural Graphite,2022,Jun,Brazil,126745,8.0,134.1947,94448.58850610344,Ore / Raw
2504,Natural Graphite,2022,Jul,Brazil,424064,8.0,134.1947,316006.51888636436,Ore / Raw
2504,Natural Graphite,2022,Aug,Brazil,264315,8.0,134.1947,196963.8145172648,Ore / Raw
2504,Natural Graphite,2022,Sep,Brazil,886923,8.0,134.1947,660922.5252562135,Ore / Raw
2504,Natural Graphite,2022,Oct,Brazil,777116,8.0,134.1947,579095.8957395485,Ore / Raw
2504,Natural Graphite,2022,Nov,Brazil,544633,8.0,134.1947,405852.8391955867,Ore / Raw
2504,Natural Graphite,2022,Dec,Brazil,81707,8.0,134.1947,60886.90536958612,Ore / Raw
2504,Natural Graphite,2023,Jan,Brazil,116640,4.12,139.7235,83479.1570494584,Ore / Raw
2504,Natural Graphite,2023,Feb,Brazil,158731,4.12,139.7235,113603.65292882013,Ore / Raw
2504,Natural Graphite,2023,Mar,Brazil,417676,4.12,139.7235,298930.3875153428,Ore / Raw
2504,Natural Graphite,2023,Apr,Brazil,470881,4.12,139.7235,337009.16452851525,Ore / Raw
2504,Natural Graphite,2023,May,Brazil,319310,4.12,139.7235,228529.9180166543,Ore / Raw
2504,Natural Graphite,2023,Jun,Brazil,917943,4.12,139.7235,656971.0893299981,Ore / Raw
2504,Natural Graphite,2023,Jul,Brazil,531737,4.12,139.7235,380563.75627578754,Ore / Raw
2504,Natural Graphite,2023,Aug,Brazil,369087,4.12,139.7235,264155.2781028245,Ore / Raw
2504,Natural Graphite,2023,Sep,Brazil,211152,4.12,139.7235,151121.32175331993,Ore / Raw
2504,Natural Graphite,2023,Oct,Brazil,215582,4.12,139.7235,154291.8692990084,Ore / Raw
2504,Natural Graphite,2023,Nov,Brazil,526566,4.12,139.7235,376862.875607897,Ore / Raw
2504,Natural Graphite,2023,Dec,Brazil,546376,4.12,139.7235,391040.8771609643,Ore / Raw
2504,Natural Graphite,2024,Jan,Brazil,786069,2.9,143.7755,546733.6229051542,Ore / Raw
2504,Natural Graphite,2024,Feb,Brazil,23851,2.9,143.7755,16589.057245497323,Ore / Raw
2504,Natural Graphite,2024,Mar,Brazil,68733,2.9,143.7755,47805.7805397999,Ore / Raw
2504,Natural Graphite,2024,Apr,Brazil,794652,2.9,143.7755,552703.3465367883,Ore / Raw
2504,Natural Graphite,2024,May,Brazil,499231,2.9,143.7755,347229.53493467247,Ore / Raw
2504,Natural Graphite,2024,Jun,Brazil,237479,2.9,143.7755,165173.48226923225,Ore / Raw
2504,Natural Graphite,2024,Aug,Brazil,468637,2.9,143.7755,325950.527036943,Ore / Raw
2504,Natural Graphite,2024,Sep,Brazil,553050,2.9,143.7755,384662.19905338535,Ore / Raw
2504,Natural Graphite,2024,Oct,Brazil,291869,2.9,143.7755,203003.2933288356,Ore / Raw
2504,Natural Graphite,2024,Nov,Brazil,217142,2.9,143.7755,151028.51320287533,Ore / Raw
2504,Natural Graphite,2024,Dec,Brazil,533623,2.9,143.7755,371150.16118879785,Ore / Raw
2504,Natural Graphite,2025,Jan,Brazil,225545,2.8,147.8012,152600.2495243611,Ore / Raw
2504,Natural Graphite,2025,Feb,Brazil,216756,2.8,147.8012,146653.74841340937,Ore / Raw
2504,Natural Graphite,2025,Mar,Brazil,1144757,2.8,147.8012,774524.8347104084,Ore / Raw
2504,Natural Graphite,2025,Apr,Brazil,269382,2.8,147.8012,182259.68395385152,Ore / Raw
2504,Natural Graphite,2025,May,Brazil,786215,2.8,147.8012,531940.877340644,Ore / Raw
2504,Natural Graphite,2025,Jun,Brazil,1156243,2.8,147.8012,782296.084199587,Ore / Raw
2504,Natural Graphite,2025,Jul,Brazil,258928,2.8,147.8012,175186.6696616807,Ore / Raw
2504,Natural Graphite,2025,Aug,Brazil,345456,2.8,147.8012,233730.17269142607,Ore / Raw
2504,Natural Graphite,2025,Sep,Brazil,55720,2.8,147.8012,37699.287962479335,Ore / Raw
2504,Natural Graphite,2025,Oct,Brazil,294995,2.8,147.8012,199589.04257881534,Ore / Raw
2504,Natural Graphite,2025,Nov,Brazil,145722,2.8,147.8012,98593.24552168725,Ore / Raw
2504,Natural Graphite,2025,Dec,Brazil,813574,2.8,147.8012,550451.5524907782,Ore / Raw
2504,Natural Graphite,2023,Jun,Colombia,14875,4.12,139.7235,10646.02590115478,Ore / Raw
2504,Natural Graphite,2024,Jan,Colombia,14876,2.9,143.7755,10346.68632694722,Ore / Raw
2504,Natural Graphite,2025,Jan,Colombia,14858,2.8,147.8012,10052.692400332338,Ore / Raw
2504,Natural Graphite,2025,May,Colombia,16693,2.8,147.8012,11294.224945399632,Ore / Raw
2504,Natural Graphite,2025,Jul,Colombia,14858,2.8,147.8012,10052.692400332338,Ore / Raw
2504,Natural Graphite,2025,Oct,Colombia,14858,2.8,147.8012,10052.692400332338,Ore / Raw
2504,Natural Graphite,2012,Aug,Peru,2256,2.07,105.2954,2142.5437388527894,Ore / Raw
2603,Copper Ores And Concentrates,2014,Nov,Chile,12000,1.62,108.5634,11053.448952409375,Ore / Raw
2603,Copper Ores And Concentrates,2025,Mar,Chile,30000,2.8,147.8012,20297.53479674049,Ore / Raw
2603,Copper Ores And Concentrates,2019,Oct,Colombia,125000,1.81,117.2345,106623.90337315381,Ore / Raw
2603,Copper Ores And Concentrates,2019,Dec,Peru,4150,1.81,117.2345,3539.9135919887067,Ore / Raw
2603,Copper Ores And Concentrates,2021,Jan,Peru,5268578,4.7,124.2543,4240157.483483469,Ore / Raw
2603,Copper Ores And Concentrates,2025,Aug,Peru,5340,2.8,147.8012,3612.961193819807,Ore / Raw
2603,Copper Ores And Concentrates,2025,Oct,Peru,9800,2.8,147.8012,6630.528033601892,Ore / Raw
7401,Copper Mattes; Cement Copper (precipitated Copper),2010,Jan,Brazil,3040,1.64,100.0,3040.0,Compound
7401,Copper Mattes; Cement Copper (precipitated Copper),2019,Dec,Brazil,69775,1.81,117.2345,59517.462862894456,Compound
7402,Unrefnd Cppr; Cppr Anods F Elctroltc Refining,2022,Sep,Brazil,8240,8.0,134.1947,6140.331920709237,Compound
7402,Unrefnd Cppr; Cppr Anods F Elctroltc Refining,2013,Mar,Peru,1955164,1.46,106.8327,1830117.5576391874,Compound
7402,Unrefnd Cppr; Cppr Anods F Elctroltc Refining,2013,May,Peru,1831046,1.46,106.8327,1713937.7737340722,Compound
7403,"Refined Copper & Alloys (no Mast Alloy), Unwrought",2011,Mar,Bolivia,3641496,3.16,103.16,3529949.592865452,Refined / Articles
7403,"Refined Copper & Alloys (no Mast Alloy), Unwrought",2013,Nov,Bolivia,1361349,1.46,106.8327,1274281.1891864568,Refined / Articles
7403,"Refined Copper & Alloys (no Mast Alloy), Unwrought",2014,May,Bolivia,214797,1.62,108.5634,197853.97288588973,Refined / Articles
7403,"Refined Copper & Alloys (no Mast Alloy), Unwrought",2014,Jun,Bolivia,1933186,1.62,108.5634,1780697.7305427059,Refined / Articles
7403,"Refined Copper & Alloys (no Mast Alloy), Unwrought",2014,Aug,Bolivia,1109988,1.62,108.5634,1022432.9746489148,Refined / Articles
7403,"Refined Copper & Alloys (no Mast Alloy), Unwrought",2014,Oct,Bolivia,2999136,1.62,108.5634,2762566.3897777703,Refined / Articles
7403,"Refined Copper & Alloys (no Mast Alloy), Unwrought",2014,Nov,Bolivia,2375866,1.62,108.5634,2188459.462397088,Refined / Articles
7403,"Refined Copper & Alloys (no Mast Alloy), Unwrought",2015,Mar,Bolivia,1156623,0.12,108.6937,1064112.2714563953,Refined / Articles
7403,"Refined Copper & Alloys (no Mast Alloy), Unwrought",2015,Jun,Bolivia,2481969,0.12,108.6937,2283452.4908067347,Refined / Articles
7403,"Refined Copper & Alloys (no Mast Alloy), Unwrought",2015,Aug,Bolivia,1628052,0.12,108.6937,1497834.7411119503,Refined / Articles
7403,"Refined Copper & Alloys (no Mast Alloy), Unwrought",2015,Oct,Bolivia,1630025,0.12,108.6937,1499649.9337128093,Refined / Articles
7403,"Refined Copper & Alloys (no Mast Alloy), Unwrought",2015,Nov,Bolivia,1762898,0.12,108.6937,1621895.2892393947,Refined / Articles
7403,"Refined Copper & Alloys (no Mast Alloy), Unwrought",2016,Jan,Bolivia,1280254,1.26,110.0632,1163198.9620508945,Refined / Articles
7403,"Refined Copper & Alloys (no Mast Alloy), Unwrought",2016,Mar,Bolivia,1199418,1.26,110.0632,1089753.8868577327,Refined / Articles
7403,"Refined Copper & Alloys (no Mast Alloy), Unwrought",2016,Jun,Bolivia,1391822,1.26,110.0632,1264566.1765240335,Refined / Articles
7403,"Refined Copper & Alloys (no Mast Alloy), Unwrought",2016,Aug,Bolivia,1136319,1.26,110.0632,1032424.0981545148,Refined / Articles
7403,"Refined Copper & Alloys (no Mast Alloy), Unwrought",2016,Nov,Bolivia,1305631,1.26,110.0632,1186255.7148983493,Refined / Articles
7403,"Refined Copper & Alloys (no Mast Alloy), Unwrought",2016,Dec,Bolivia,2371350,1.26,110.0632,2154534.849068535,Refined / Articles
7403,"Refined Copper & Alloys (no Mast Alloy), Unwrought",2017,Feb,Bolivia,1824756,2.13,112.4076,1623338.6354659293,Refined / Articles
7403,"Refined Copper & Alloys (no Mast Alloy), Unwrought",2017,May,Bolivia,1896096,2.13,112.4076,1686804.0950967725,Refined / Articles
7403,"Refined Copper & Alloys (no Mast Alloy), Unwrought",2017,Aug,Bolivia,1622196,2.13,112.4076,1443137.2967664108,Refined / Articles
7403,"Refined Copper & Alloys (no Mast Alloy), Unwrought",2017,Oct,Bolivia,4136518,2.13,112.4076,3679927.3358740867,Refined / Articles
7403,"Refined Copper & Alloys (no Mast Alloy), Unwrought",2018,Feb,Bolivia,2206996,2.44,115.1503,1916622.0148796835,Refined / Articles
7403,"Refined Copper & Alloys (no Mast Alloy), Unwrought",2018,May,Bolivia,849335,2.44,115.1503,737588.178233144,Refined / Articles
7403,"Refined Copper & Alloys (no Mast Alloy), Unwrought",2018,Aug,Bolivia,2804164,2.44,115.1503,2435220.7506189737,Refined / Articles
7403,"Refined Copper & Alloys (no Mast Alloy), Unwrought",2018,Oct,Bolivia,3777951,2.44,115.1503,3280886.8062002445,Refined / Articles
7403,"Refined Copper & Alloys (no Mast Alloy), Unwrought",2019,Jan,Bolivia,6212972,1.81,117.2345,5299610.609504881,Refined / Articles
7403,"Refined Copper & Alloys (no Mast Alloy), Unwrought",2019,Mar,Bolivia,991054,1.81,117.2345,845360.3674686207,Refined / Articles
7403,"Refined Copper & Alloys (no Mast Alloy), Unwrought",2019,Apr,Bolivia,1250000,1.81,117.2345,1066239.033731538,Refined / Articles
7403,"Refined Copper & Alloys (no Mast Alloy), Unwrought",2019,Oct,Bolivia,654147,1.81,117.2345,557981.6521587076,Refined / Articles
7403,"Refined Copper & Alloys (no Mast Alloy), Unwrought",2020,Feb,Bolivia,1604201,1.23,118.6765,1351742.7628890302,Refined / Articles
7403,"Refined Copper & Alloys (no Mast Alloy), Unwrought",2020,Nov,Bolivia,1259769,1.23,118.6765,1061515.1272577131,Refined / Articles
7403,"Refined Copper & Alloys (no Mast Alloy), Unwrought",2020,Dec,Bolivia,3911750,1.23,118.6765,3296145.4036814366,Refined / Articles
7403,"Refined Copper & Alloys (no Mast Alloy), Unwrought",2021,Jan,Bolivia,1476721,4.7,124.2543,1188466.7170472168,Refined / Articles
7403,"Refined Copper & Alloys (no Mast Alloy), Unwrought",2021,Apr,Bolivia,1544894,4.7,124.2543,1243332.423908066,Refined / Articles
7403,"Refined Copper & Alloys (no Mast Alloy), Unwrought",2021,May,Bolivia,1698259,4.7,124.2543,1366760.7479177783,Refined / Articles
7403,"Refined Copper & Alloys (no Mast Alloy), Unwrought",2021,Jun,Bolivia,1823985,4.7,124.2543,1467945.173728394,Refined / Articles
7403,"Refined Copper & Alloys (no Mast Alloy), Unwrought",2024,Oct,Bolivia,2019146,2.9,143.7755,1404374.1805801406,Refined / Articles
7403,"Refined Copper & Alloys (no Mast Alloy), Unwrought",2025,Jun,Bolivia,1821782,2.8,147.8012,1232589.4512358492,Refined / Articles
7403,"Refined Copper & Alloys (no Mast Alloy), Unwrought",2025,Aug,Bolivia,1820860,2.8,147.8012,1231965.640333096,Refined / Articles
7403,"Refined Copper & Alloys (no Mast Alloy), Unwrought",2010,Jan,Brazil,13962670,1.64,100.0,13962670.000000002,Refined / Articles
7403,"Refined Copper & Alloys (no Mast Alloy), Unwrought",2013,Mar,Brazil,16548012,1.46,106.8327,15489650.640674625,Refined / Articles
7403,"Refined Copper & Alloys (no Mast Alloy), Unwrought",2013,Apr,Brazil,7985111,1.46,106.8327,7474407.180572989,Refined / Articles
7403,"Refined Copper & Alloys (no Mast Alloy), Unwrought",2013,May,Brazil,7183084,1.46,106.8327,6723675.428965101,Refined / Articles
7403,"Refined Copper & Alloys (no Mast Alloy), Unwrought",2016,Jan,Brazil,7188,1.26,110.0632,6530.793216988059,Refined / Articles
7403,"Refined Copper & Alloys (no Mast Alloy), Unwrought",2016,Jul,Brazil,657615,1.26,110.0632,597488.5338605456,Refined / Articles
7403,"Refined Copper & Alloys (no Mast Alloy), Unwrought",2016,Aug,Brazil,6669,1.26,110.0632,6059.245960502693,Refined / Articles
7403,"Refined Copper & Alloys (no Mast Alloy), Unwrought",2016,Sep,Brazil,707802,1.26,110.0632,643086.8809920119,Refined / Articles
7403,"Refined Copper & Alloys (no Mast Alloy), Unwrought",2016,Oct,Brazil,901080,1.26,110.0632,818693.2598725096,Refined / Articles
7403,"Refined Copper & Alloys (no Mast Alloy), Unwrought",2016,Nov,Brazil,933055,1.26,110.0632,847744.750288925,Refined / Articles
7403,"Refined Copper & Alloys (no Mast Alloy), Unwrought",2016,Dec,Brazil,962180,1.26,110.0632,874206.8193546981,Refined / Articles
7403,"Refined Copper & Alloys (no Mast Alloy), Unwrought",2017,Jan,Brazil,1126466,2.13,112.4076,1002126.1907557851,Refined / Articles
7403,"Refined Copper & Alloys (no Mast Alloy), Unwrought",2017,Mar,Brazil,1685198,2.13,112.4076,1499185.1084802095,Refined / Articles
7403,"Refined Copper & Alloys (no Mast Alloy), Unwrought",2017,Apr,Brazil,1603268,2.13,112.4076,1426298.5776762425,Refined / Articles
7403,"Refined Copper & Alloys (no Mast Alloy), Unwrought",2017,May,Brazil,4106246,2.13,112.4076,3652996.7724602246,Refined / Articles
7403,"Refined Copper & Alloys (no Mast Alloy), Unwrought",2017,Jun,Brazil,1798864,2.13,112.4076,1600304.6057384019,Refined / Articles
7403,"Refined Copper & Alloys (no Mast Alloy), Unwrought",2017,Jul,Brazil,1561844,2.13,112.4076,1389446.9768948008,Refined / Articles
7403,"Refined Copper & Alloys (no Mast Alloy), Unwrought",2017,Aug,Brazil,1673376,2.13,112.4076,1488668.0260053591,Refined / Articles
7403,"Refined Copper & Alloys (no Mast Alloy), Unwrought",2017,Sep,Brazil,1876395,2.13,112.4076,1669277.7000843359,Refined / Articles
7403,"Refined Copper & Alloys (no Mast Alloy), Unwrought",2017,Oct,Brazil,1861643,2.13,112.4076,1656154.0322896314,Refined / Articles
7403,"Refined Copper & Alloys (no Mast Alloy), Unwrought",2017,Nov,Brazil,1899286,2.13,112.4076,1689641.9815030303,Refined / Articles
7403,"Refined Copper & Alloys (no Mast Alloy), Unwrought",2017,Dec,Brazil,1921847,2.13,112.4076,1709712.6884659042,Refined / Articles
7403,"Refined Copper & Alloys (no Mast Alloy), Unwrought",2018,Jan,Brazil,1881044,2.44,115.1503,1633555.448835131,Refined / Articles
7403,"Refined Copper & Alloys (no Mast Alloy), Unwrought",2018,Feb,Brazil,292311,2.44,115.1503,253851.70511930928,Refined / Articles
7403,"Refined Copper & Alloys (no Mast Alloy), Unwrought",2018,Aug,Brazil,127968,2.44,115.1503,111131.27799059144,Refined / Articles
7403,"Refined Copper & Alloys (no Mast Alloy), Unwrought",2018,Sep,Brazil,468063,2.44,115.1503,406480.0525921339,Refined / Articles
7403,"Refined Copper & Alloys (no Mast Alloy), Unwrought",2018,Dec,Brazil,46152,2.44,115.1503,40079.7913683247,Refined / Articles
7403,"Refined Copper & Alloys (no Mast Alloy), Unwrought",2019,Jan,Brazil,80020,1.81,117.2345,68256.35798335815,Refined / Articles
7403,"Refined Copper & Alloys (no Mast Alloy), Unwrought",2019,Mar,Brazil,137101,1.81,117.2345,116945.95021090208,Refined / Articles
7403,"Refined Copper & Alloys (no Mast Alloy), Unwrought",2019,May,Brazil,104707,1.81,117.2345,89314.15240394253,Refined / Articles
7403,"Refined Copper & Alloys (no Mast Alloy), Unwrought",2019,Jun,Brazil,20953,1.81,117.2345,17872.725179021534,Refined / Articles
7403,"Refined Copper & Alloys (no Mast Alloy), Unwrought",2019,Aug,Brazil,12266,1.81,117.2345,10462.790390200837,Refined / Articles
7403,"Refined Copper & Alloys (no Mast Alloy), Unwrought",2019,Oct,Brazil,2594,1.81,117.2345,2212.659242799688,Refined / Articles
7403,"Refined Copper & Alloys (no Mast Alloy), Unwrought",2019,Dec,Brazil,5729,1.81,117.2345,4886.786739398386,Refined / Articles
7403,"Refined Copper & Alloys (no Mast Alloy), Unwrought",2020,Feb,Brazil,3631,1.23,118.6765,3059.577928233475,Refined / Articles
7403,"Refined Copper & Alloys (no Mast Alloy), Unwrought",2020,Jun,Brazil,13768,1.23,118.6765,11601.285848504127,Refined / Articles
7403,"Refined Copper & Alloys (no Mast Alloy), Unwrought",2020,Oct,Brazil,5332,1.23,118.6765,4492.886123200465,Refined / Articles
7403,"Refined Copper & Alloys (no Mast Alloy), Unwrought",2020,Nov,Brazil,17486,1.23,118.6765,14734.172308755313,Refined / Articles
7403,"Refined Copper & Alloys (no Mast Alloy), Unwrought",2021,Jan,Brazil,5041346,4.7,124.2543,4057280.9150266834,Refined / Articles
7403,"Refined Copper & Alloys (no Mast Alloy), Unwrought",2021,Feb,Brazil,36169042,4.7,124.2543,29108885.56774293,Refined / Articles
7403,"Refined Copper & Alloys (no Mast Alloy), Unwrought",2021,Mar,Brazil,4725,4.7,124.2543,3802.685299422233,Refined / Articles
7403,"Refined Copper & Alloys (no Mast Alloy), Unwrought",2021,Sep,Brazil,3930715,4.7,124.2543,3163443.840575336,Refined / Articles
7403,"Refined Copper & Alloys (no Mast Alloy), Unwrought",2021,Oct,Brazil,3892583,4.7,124.2543,3132755.164207597,Refined / Articles
7403,"Refined Copper & Alloys (no Mast Alloy), Unwrought",2021,Dec,Brazil,3222,4.7,124.2543,2593.0692137012566,Refined / Articles
7403,"Refined Copper & Alloys (no Mast Alloy), Unwrought",2022,Feb,Brazil,39932,8.0,134.1947,29756.763866233166,Refined / Articles
7403,"Refined Copper & Alloys (no Mast Alloy), Unwrought",2022,Mar,Brazil,2358,8.0,134.1947,1757.148382164124,Refined / Articles
7403,"Refined Copper & Alloys (no Mast Alloy), Unwrought",2022,May,Brazil,28125,8.0,134.1947,20958.35379489652,Refined / Articles
7403,"Refined Copper & Alloys (no Mast Alloy), Unwrought",2022,Jun,Brazil,27267,8.0,134.1947,20318.984281793542,Refined / Articles
7403,"Refined Copper & Alloys (no Mast Alloy), Unwrought",2022,Jul,Brazil,23181,8.0,134.1947,17274.154642470974,Refined / Articles
7403,"Refined Copper & Alloys (no Mast Alloy), Unwrought",2022,Aug,Brazil,180804,8.0,134.1947,134732.5937611545,Refined / Articles
7403,"Refined Copper & Alloys (no Mast Alloy), Unwrought",2022,Oct,Brazil,4179,8.0,134.1947,3114.131929204357,Refined / Articles
7403,"Refined Copper & Alloys (no Mast Alloy), Unwrought",2022,Dec,Brazil,13134,8.0,134.1947,9787.271777499409,Refined / Articles
7403,"Refined Copper & Alloys (no Mast Alloy), Unwrought",2023,Jan,Brazil,2585,4.12,139.7235,1850.0824843351331,Refined / Articles
7403,"Refined Copper & Alloys (no Mast Alloy), Unwrought",2023,Jul,Brazil,3222,4.12,139.7235,2305.9828876316437,Refined / Articles
7403,"Refined Copper & Alloys (no Mast Alloy), Unwrought",2023,Oct,Brazil,2404,4.12,139.7235,1720.5409254706617,Refined / Articles
7403,"Refined Copper & Alloys (no Mast Alloy), Unwrought",2023,Dec,Brazil,65736,4.12,139.7235,47047.203942071304,Refined / Articles
7403,"Refined Copper & Alloys (no Mast Alloy), Unwrought",2024,Feb,Brazil,2688,2.9,143.7755,1869.5813959958407,Refined / Articles
7403,"Refined Copper & Alloys (no Mast Alloy), Unwrought",2024,Apr,Brazil,42624,2.9,143.7755,29646.219279362616,Refined / Articles
7403,"Refined Copper & Alloys (no Mast Alloy), Unwrought",2025,Aug,Brazil,8278,2.8,147.8012,5600.766434913926,Refined / Articles
7403,"Refined Copper & Alloys (no Mast Alloy), Unwrought",2025,Sep,Brazil,41739,2.8,147.8012,28239.96016270504,Refined / Articles
7403,"Refined Copper & Alloys (no Mast Alloy), Unwrought",2025,Oct,Brazil,10310,2.8,147.8012,6975.586125146481,Refined / Articles
7403,"Refined Copper & Alloys (no Mast Alloy), Unwrought",2025,Nov,Brazil,21652,2.8,147.8012,14649.407447300833,Refined / Articles
7403,"Refined Copper & Alloys (no Mast Alloy), Unwrought",2025,Dec,Brazil,9100,2.8,147.8012,6156.918888344615,Refined / Articles
7403,"Refined Copper & Alloys (no Mast Alloy), Unwrought",2010,Jan,Chile,302650361,1.64,100.0,302650361.0,Refined / Articles
7403,"Refined Copper & Alloys (no Mast Alloy), Unwrought",2010,Feb,Chile,224500025,1.64,100.0,224500025.0,Refined / Articles
7403,"Refined Copper & Alloys (no Mast Alloy), Unwrought",2010,Mar,Chile,89161267,1.64,100.0,89161267.0,Refined / Articles
7403,"Refined Copper & Alloys (no Mast Alloy), Unwrought",2010,Apr,Chile,116394503,1.64,100.0,116394503.0,Refined / Articles
7403,"Refined Copper & Alloys (no Mast Alloy), Unwrought",2010,May,Chile,172896311,1.64,100.0,172896311.0,Refined / Articles
7403,"Refined Copper & Alloys (no Mast Alloy), Unwrought",2010,Jun,Chile,231895209,1.64,100.0,231895209.0,Refined / Articles
7403,"Refined Copper & Alloys (no Mast Alloy), Unwrought",2010,Jul,Chile,241510773,1.64,100.0,241510773.0,Refined / Articles
7403,"Refined Copper & Alloys (no Mast Alloy), Unwrought",2010,Aug,Chile,99961964,1.64,100.0,99961964.0,Refined / Articles
7403,"Refined Copper & Alloys (no Mast Alloy), Unwrought",2010,Sep,Chile,96057728,1.64,100.0,96057728.0,Refined / Articles
7403,"Refined Copper & Alloys (no Mast Alloy), Unwrought",2010,Oct,Chile,187561875,1.64,100.0,187561875.0,Refined / Articles
7403,"Refined Copper & Alloys (no Mast Alloy), Unwrought",2010,Nov,Chile,128941859,1.64,100.0,128941859.00000001,Refined / Articles
7403,"Refined Copper & Alloys (no Mast Alloy), Unwrought",2010,Dec,Chile,304079405,1.64,100.0,304079405.0,Refined / Articles
7403,"Refined Copper & Alloys (no Mast Alloy), Unwrought",2011,Jan,Chile,261074169,3.16,103.16,253076937.76657617,Refined / Articles
7403,"Refined Copper & Alloys (no Mast Alloy), Unwrought",2011,Feb,Chile,241305399,3.16,103.16,233913725.28111672,Refined / Articles
7403,"Refined Copper & Alloys (no Mast Alloy), Unwrought",2011,Mar,Chile,405875703,3.16,103.16,393442907.1345483,Refined / Articles
7403,"Refined Copper & Alloys (no Mast Alloy), Unwrought",2011,Apr,Chile,438858941,3.16,103.16,425415801.6673129,Refined / Articles
7403,"Refined Copper & Alloys (no Mast Alloy), Unwrought",2011,May,Chile,368819952,3.16,103.16,357522248.93369526,Refined / Articles
7403,"Refined Copper & Alloys (no Mast Alloy), Unwrought",2011,Jun,Chile,222219526,3.16,103.16,215412491.27568826,Refined / Articles
7403,"Refined Copper & Alloys (no Mast Alloy), Unwrought",2011,Jul,Chile,363410854,3.16,103.16,352278842.57464135,Refined / Articles
7403,"Refined Copper & Alloys (no Mast Alloy), Unwrought",2011,Aug,Chile,126602441,3.16,103.16,122724351.49282669,Refined / Articles
7403,"Refined Copper & Alloys (no Mast Alloy), Unwrought",2011,Sep,Chile,313771659,3.16,103.16,304160196.78169835,Refined / Articles
7403,"Refined Copper & Alloys (no Mast Alloy), Unwrought",2011,Oct,Chile,162431087,3.16,103.16,157455493.4082978,Refined / Articles
7403,"Refined Copper & Alloys (no Mast Alloy), Unwrought",2011,Nov,Chile,156324319,3.16,103.16,151535788.0961613,Refined / Articles
7403,"Refined Copper & Alloys (no Mast Alloy), Unwrought",2011,Dec,Chile,170720298,3.16,103.16,165490789.0655293,Refined / Articles
7403,"Refined Copper & Alloys (no Mast Alloy), Unwrought",2012,Jan,Chile,134473467,2.07,105.2954,127710675.86998102,Refined / Articles
7403,"Refined Copper & Alloys (no Mast Alloy), Unwrought",2012,Feb,Chile,233785543,2.07,105.2954,222028258.5943925,Refined / Articles
7403,"Refined Copper & Alloys (no Mast Alloy), Unwrought",2012,Mar,Chile,182501226,2.07,105.2954,173323075.84186962,Refined / Articles
7403,"Refined Copper & Alloys (no Mast Alloy), Unwrought",2012,Apr,Chile,266184718,2.07,105.2954,252798050.05726746,Refined / Articles
7403,"Refined Copper & Alloys (no Mast Alloy), Unwrought",2012,May,Chile,284236543,2.07,105.2954,269942032.60541296,Refined / Articles
7403,"Refined Copper & Alloys (no Mast Alloy), Unwrought",2012,Jun,Chile,296769199,2.07,105.2954,281844410.1071842,Refined / Articles
7403,"Refined Copper & Alloys (no Mast Alloy), Unwrought",2012,Jul,Chile,279961806,2.07,105.2954,265882275.9588738,Refined / Articles
7403,"Refined Copper & Alloys (no Mast Alloy), Unwrought",2012,Aug,Chile,227484006,2.07,105.2954,216043631.53566062,Refined / Articles
7403,"Refined Copper & Alloys (no Mast Alloy), Unwrought",2012,Sep,Chile,235065100,2.07,105.2954,223243465.52650923,Refined / Articles
7403,"Refined Copper & Alloys (no Mast Alloy), Unwrought",2012,Oct,Chile,289144218,2.07,105.2954,274602896.2328839,Refined / Articles
7403,"Refined Copper & Alloys (no Mast Alloy), Unwrought",2012,Nov,Chile,364352817,2.07,105.2954,346029187.4098964,Refined / Articles
7403,"Refined Copper & Alloys (no Mast Alloy), Unwrought",2012,Dec,Chile,365394820,2.07,105.2954,347018787.1454973,Refined / Articles
7403,"Refined Copper & Alloys (no Mast Alloy), Unwrought",2013,Jan,Chile,483415936,1.46,106.8327,452498098.4286646,Refined / Articles
7403,"Refined Copper & Alloys (no Mast Alloy), Unwrought",2013,Feb,Chile,363962013,1.46,106.8327,340684091.10693634,Refined / Articles
7403,"Refined Copper & Alloys (no Mast Alloy), Unwrought",2013,Mar,Chile,499395067,1.46,106.8327,467455251.9968137,Refined / Articles
7403,"Refined Copper & Alloys (no Mast Alloy), Unwrought",2013,Apr,Chile,235869743,1.46,106.8327,220784219.62563893,Refined / Articles
7403,"Refined Copper & Alloys (no Mast Alloy), Unwrought",2013,May,Chile,438309642,1.46,106.8327,410276668.0988124,Refined / Articles
7403,"Refined Copper & Alloys (no Mast Alloy), Unwrought",2013,Jun,Chile,311907638,1.46,106.8327,291958958.2590349,Refined / Articles
7403,"Refined Copper & Alloys (no Mast Alloy), Unwrought",2013,Jul,Chile,329087349,1.46,106.8327,308039906.3208175,Refined / Articles
7403,"Refined Copper & Alloys (no Mast Alloy), Unwrought",2013,Aug,Chile,189562464,1.46,106.8327,177438615.70474207,Refined / Articles
7403,"Refined Copper & Alloys (no Mast Alloy), Unwrought",2013,Sep,Chile,146136037,1.46,106.8327,136789613.1053507,Refined / Articles
7403,"Refined Copper & Alloys (no Mast Alloy), Unwrought",2013,Oct,Chile,137777996,1.46,106.8327,128966127.41229978,Refined / Articles
7403,"Refined Copper & Alloys (no Mast Alloy), Unwrought",2013,Nov,Chile,111368373,1.46,106.8327,104245584.91922417,Refined / Articles
7403,"Refined Copper & Alloys (no Mast Alloy), Unwrought",2013,Dec,Chile,232931574,1.46,106.8327,218033967.12804228,Refined / Articles
7403,"Refined Copper & Alloys (no Mast Alloy), Unwrought",2014,Jan,Chile,164794045,1.62,108.5634,151795213.67237946,Refined / Articles
7403,"Refined Copper & Alloys (no Mast Alloy), Unwrought",2014,Feb,Chile,118085599,1.62,108.5634,108771095.04676528,Refined / Articles
7403,"Refined Copper & Alloys (no Mast Alloy), Unwrought",2014,Mar,Chile,207659788,1.62,108.5634,191279738.84384608,Refined / Articles
7403,"Refined Copper & Alloys (no Mast Alloy), Unwrought",2014,Apr,Chile,209127730,1.62,108.5634,192631890.6740209,Refined / Articles
7403,"Refined Copper & Alloys (no Mast Alloy), Unwrought",2014,May,Chile,218651372,1.62,108.5634,201404314.89802274,Refined / Articles
7403,"Refined Copper & Alloys (no Mast Alloy), Unwrought",2014,Jun,Chile,210299703,1.62,108.5634,193711419.31811273,Refined / Articles
7403,"Refined Copper & Alloys (no Mast Alloy), Unwrought",2014,Jul,Chile,197048575,1.62,108.5634,181505530.40895918,Refined / Articles
7403,"Refined Copper & Alloys (no Mast Alloy), Unwrought",2014,Aug,Chile,151312490,1.62,108.5634,139377073.67307952,Refined / Articles
7403,"Refined Copper & Alloys (no Mast Alloy), Unwrought",2014,Sep,Chile,196175263,1.62,108.5634,180701104.60799864,Refined / Articles
7403,"Refined Copper & Alloys (no Mast Alloy), Unwrought",2014,Oct,Chile,224339102,1.62,108.5634,206643400.99886334,Refined / Articles
7403,"Refined Copper & Alloys (no Mast Alloy), Unwrought",2014,Nov,Chile,97701514,1.62,108.5634,89994891.46434249,Refined / Articles
7403,"Refined Copper & Alloys (no Mast Alloy), Unwrought",2014,Dec,Chile,182389558,1.62,108.5634,168002805.73379242,Refined / Articles
7403,"Refined Copper & Alloys (no Mast Alloy), Unwrought",2015,Jan,Chile,223447959,0.12,108.6937,205575814.42162699,Refined / Articles
7403,"Refined Copper & Alloys (no Mast Alloy), Unwrought",2015,Feb,Chile,161140434,0.12,108.6937,148251861.88343942,Refined / Articles
7403,"Refined Copper & Alloys (no Mast Alloy), Unwrought",2015,Mar,Chile,177526220,0.12,108.6937,163327055.75392133,Refined / Articles
7403,"Refined Copper & Alloys (no Mast Alloy), Unwrought",2015,Apr,Chile,176659938,0.12,108.6937,162530061.9999135,Refined / Articles
7403,"Refined Copper & Alloys (no Mast Alloy), Unwrought",2015,May,Chile,134072014,0.12,108.6937,123348468.2184892,Refined / Articles
7403,"Refined Copper & Alloys (no Mast Alloy), Unwrought",2015,Jun,Chile,144415204,0.12,108.6937,132864373.92415567,Refined / Articles
7403,"Refined Copper & Alloys (no Mast Alloy), Unwrought",2015,Jul,Chile,290502483,0.12,108.6937,267267084.4768372,Refined / Articles
7403,"Refined Copper & Alloys (no Mast Alloy), Unwrought",2015,Aug,Chile,126982420,0.12,108.6937,116825924.59360568,Refined / Articles
7403,"Refined Copper & Alloys (no Mast Alloy), Unwrought",2015,Sep,Chile,129913796,0.12,108.6937,119522838.95018753,Refined / Articles
7403,"Refined Copper & Alloys (no Mast Alloy), Unwrought",2015,Oct,Chile,136455183,0.12,108.6937,125541023.07677446,Refined / Articles
7403,"Refined Copper & Alloys (no Mast Alloy), Unwrought",2015,Nov,Chile,118863697,0.12,108.6937,109356565.2839125,Refined / Articles
7403,"Refined Copper & Alloys (no Mast Alloy), Unwrought",2015,Dec,Chile,95696600,0.12,108.6937,88042453.24246024,Refined / Articles
7403,"Refined Copper & Alloys (no Mast Alloy), Unwrought",2016,Jan,Chile,114682146,1.26,110.0632,104196630.66310993,Refined / Articles
7403,"Refined Copper & Alloys (no Mast Alloy), Unwrought",2016,Feb,Chile,90792311,1.26,110.0632,82491069.67633142,Refined / Articles
7403,"Refined Copper & Alloys (no Mast Alloy), Unwrought",2016,Mar,Chile,91900974,1.26,110.0632,83498366.39312686,Refined / Articles
7403,"Refined Copper & Alloys (no Mast Alloy), Unwrought",2016,Apr,Chile,105555342,1.26,110.0632,95904300.43829364,Refined / Articles
7403,"Refined Copper & Alloys (no Mast Alloy), Unwrought",2016,May,Chile,96796569,1.26,110.0632,87946351.73245917,Refined / Articles
7403,"Refined Copper & Alloys (no Mast Alloy), Unwrought",2016,Jun,Chile,159747048,1.26,110.0632,145141198.87482828,Refined / Articles
7403,"Refined Copper & Alloys (no Mast Alloy), Unwrought",2016,Jul,Chile,206162362,1.26,110.0632,187312709.4251303,Refined / Articles
7403,"Refined Copper & Alloys (no Mast Alloy), Unwrought",2016,Aug,Chile,141777056,1.26,110.0632,128814223.10090931,Refined / Articles
7403,"Refined Copper & Alloys (no Mast Alloy), Unwrought",2016,Sep,Chile,175272359,1.26,110.0632,159247013.53404227,Refined / Articles
7403,"Refined Copper & Alloys (no Mast Alloy), Unwrought",2016,Oct,Chile,158556324,1.26,110.0632,144059344.08594334,Refined / Articles
7403,"Refined Copper & Alloys (no Mast Alloy), Unwrought",2016,Nov,Chile,187316218,1.26,110.0632,170189689.19675243,Refined / Articles
7403,"Refined Copper & Alloys (no Mast Alloy), Unwrought",2016,Dec,Chile,140080026,1.26,110.0632,127272354.42909165,Refined / Articles
7403,"Refined Copper & Alloys (no Mast Alloy), Unwrought",2017,Jan,Chile,239307852,2.13,112.4076,212892946.74025598,Refined / Articles
7403,"Refined Copper & Alloys (no Mast Alloy), Unwrought",2017,Feb,Chile,179837999,2.13,112.4076,159987402.09736708,Refined / Articles
7403,"Refined Copper & Alloys (no Mast Alloy), Unwrought",2017,Mar,Chile,287130943,2.13,112.4076,255437304.06129122,Refined / Articles
7403,"Refined Copper & Alloys (no Mast Alloy), Unwrought",2017,Apr,Chile,190628835,2.13,112.4076,169587140.90506336,Refined / Articles
7403,"Refined Copper & Alloys (no Mast Alloy), Unwrought",2017,May,Chile,221133224,2.13,112.4076,196724442.11957198,Refined / Articles
7403,"Refined Copper & Alloys (no Mast Alloy), Unwrought",2017,Jun,Chile,310700379,2.13,112.4076,276405135.4178899,Refined / Articles
7403,"Refined Copper & Alloys (no Mast Alloy), Unwrought",2017,Jul,Chile,320719351,2.13,112.4076,285318208.9111412,Refined / Articles
7403,"Refined Copper & Alloys (no Mast Alloy), Unwrought",2017,Aug,Chile,175404761,2.13,112.4076,156043506.8447329,Refined / Articles
7403,"Refined Copper & Alloys (no Mast Alloy), Unwrought",2017,Sep,Chile,363127566,2.13,112.4076,323045386.61086977,Refined / Articles
7403,"Refined Copper & Alloys (no Mast Alloy), Unwrought",2017,Oct,Chile,246053629,2.13,112.4076,218894121.92769885,Refined / Articles
7403,"Refined Copper & Alloys (no Mast Alloy), Unwrought",2017,Nov,Chile,253357608,2.13,112.4076,225391884.53449765,Refined / Articles
7403,"Refined Copper & Alloys (no Mast Alloy), Unwrought",2017,Dec,Chile,215326399,2.13,112.4076,191558577.00013167,Refined / Articles
7403,"Refined Copper & Alloys (no Mast Alloy), Unwrought",2018,Jan,Chile,387284259,2.44,115.1503,336329353.02817273,Refined / Articles
7403,"Refined Copper & Alloys (no Mast Alloy), Unwrought",2018,Feb,Chile,291039317,2.44,115.1503,252747337.17584753,Refined / Articles
7403,"Refined Copper & Alloys (no Mast Alloy), Unwrought",2018,Mar,Chile,364373358,2.44,115.1503,316432834.3043831,Refined / Articles
7403,"Refined Copper & Alloys (no Mast Alloy), Unwrought",2018,Apr,Chile,257182289,2.44,115.1503,223344871.00771773,Refined / Articles
7403,"Refined Copper & Alloys (no Mast Alloy), Unwrought",2018,May,Chile,277294688,2.44,115.1503,240811086.0327763,Refined / Articles
7403,"Refined Copper & Alloys (no Mast Alloy), Unwrought",2018,Jun,Chile,275474802,2.44,115.1503,239230642.03914362,Refined / Articles
7403,"Refined Copper & Alloys (no Mast Alloy), Unwrought",2018,Jul,Chile,231640226,2.44,115.1503,201163371.69768554,Refined / Articles
7403,"Refined Copper & Alloys (no Mast Alloy), Unwrought",2018,Aug,Chile,159837593,2.44,115.1503,138807795.55068463,Refined / Articles
7403,"Refined Copper & Alloys (no Mast Alloy), Unwrought",2018,Sep,Chile,247826751,2.44,115.1503,215220239.1135759,Refined / Articles
7403,"Refined Copper & Alloys (no Mast Alloy), Unwrought",2018,Oct,Chile,192730154,2.44,115.1503,167372689.43285426,Refined / Articles
7403,"Refined Copper & Alloys (no Mast Alloy), Unwrought",2018,Nov,Chile,173925991,2.44,115.1503,151042586.0809742,Refined / Articles
7403,"Refined Copper & Alloys (no Mast Alloy), Unwrought",2018,Dec,Chile,134170827,2.44,115.1503,116518000.38731988,Refined / Articles
7403,"Refined Copper & Alloys (no Mast Alloy), Unwrought",2019,Jan,Chile,227272032,1.81,117.2345,193861049.43510658,Refined / Articles
7403,"Refined Copper & Alloys (no Mast Alloy), Unwrought",2019,Feb,Chile,140598491,1.81,117.2345,119929279.35036188,Refined / Articles
7403,"Refined Copper & Alloys (no Mast Alloy), Unwrought",2019,Mar,Chile,160055227,1.81,117.2345,136525704.4641296,Refined / Articles
7403,"Refined Copper & Alloys (no Mast Alloy), Unwrought",2019,Apr,Chile,290165958,1.81,117.2345,247509016.54376486,Refined / Articles
7403,"Refined Copper & Alloys (no Mast Alloy), Unwrought",2019,May,Chile,189842345,1.81,117.2345,161933854.79530343,Refined / Articles
7403,"Refined Copper & Alloys (no Mast Alloy), Unwrought",2019,Jun,Chile,211388948,1.81,117.2345,180312918.12563708,Refined / Articles
7403,"Refined Copper & Alloys (no Mast Alloy), Unwrought",2019,Jul,Chile,290782447,1.81,117.2345,248034876.25229773,Refined / Articles
7403,"Refined Copper & Alloys (no Mast Alloy), Unwrought",2019,Aug,Chile,162996911,1.81,117.2345,139034935.1086924,Refined / Articles
7403,"Refined Copper & Alloys (no Mast Alloy), Unwrought",2019,Sep,Chile,228016158,1.81,117.2345,194495782.3848782,Refined / Articles
7403,"Refined Copper & Alloys (no Mast Alloy), Unwrought",2019,Oct,Chile,254906782,1.81,117.2345,217433248.7450367,Refined / Articles
7403,"Refined Copper & Alloys (no Mast Alloy), Unwrought",2019,Nov,Chile,179028988,1.81,117.2345,152710156.1400441,Refined / Articles
7403,"Refined Copper & Alloys (no Mast Alloy), Unwrought",2019,Dec,Chile,223348586,1.81,117.2345,190514384.4175563,Refined / Articles
7403,"Refined Copper & Alloys (no Mast Alloy), Unwrought",2020,Jan,Chile,253040734,1.23,118.6765,213218905.1749925,Refined / Articles
7403,"Refined Copper & Alloys (no Mast Alloy), Unwrought",2020,Feb,Chile,64209173,1.23,118.6765,54104370.2839231,Refined / Articles
7403,"Refined Copper & Alloys (no Mast Alloy), Unwrought",2020,Mar,Chile,247368470,1.23,118.6765,208439303.48468313,Refined / Articles
7403,"Refined Copper & Alloys (no Mast Alloy), Unwrought",2020,Apr,Chile,249645162,1.23,118.6765,210357705.1901598,Refined / Articles
7403,"Refined Copper & Alloys (no Mast Alloy), Unwrought",2020,May,Chile,152776056,1.23,118.6765,128733199.91742256,Refined / Articles
7403,"Refined Copper & Alloys (no Mast Alloy), Unwrought",2020,Jun,Chile,205598022,1.23,118.6765,173242404.35132483,Refined / Articles
7403,"Refined Copper & Alloys (no Mast Alloy), Unwrought",2020,Jul,Chile,111682752,1.23,118.6765,94106880.46917461,Refined / Articles
7403,"Refined Copper & Alloys (no Mast Alloy), Unwrought",2020,Aug,Chile,295494954,1.23,118.6765,248991968.92392343,Refined / Articles
7403,"Refined Copper & Alloys (no Mast Alloy), Unwrought",2020,Sep,Chile,155482025,1.23,118.6765,131013321.92978391,Refined / Articles
7403,"Refined Copper & Alloys (no Mast Alloy), Unwrought",2020,Oct,Chile,244315215,1.23,118.6765,205866548.97978958,Refined / Articles
7403,"Refined Copper & Alloys (no Mast Alloy), Unwrought",2020,Nov,Chile,251647604,1.23,118.6765,212045016.4944197,Refined / Articles
7403,"Refined Copper & Alloys (no Mast Alloy), Unwrought",2020,Dec,Chile,272483260,1.23,118.6765,229601698.73563847,Refined / Articles
7403,"Refined Copper & Alloys (no Mast Alloy), Unwrought",2021,Jan,Chile,148217976,4.7,124.2543,119285993.3217603,Refined / Articles
7403,"Refined Copper & Alloys (no Mast Alloy), Unwrought",2021,Feb,Chile,346365324,4.7,124.2543,278755201.22844845,Refined / Articles
7403,"Refined Copper & Alloys (no Mast Alloy), Unwrought",2021,Mar,Chile,676959854,4.7,124.2543,544818049.7576342,Refined / Articles
7403,"Refined Copper & Alloys (no Mast Alloy), Unwrought",2021,Apr,Chile,571113641,4.7,124.2543,459632898.82120776,Refined / Articles
7403,"Refined Copper & Alloys (no Mast Alloy), Unwrought",2021,May,Chile,412354683,4.7,124.2543,331863511.36338943,Refined / Articles
7403,"Refined Copper & Alloys (no Mast Alloy), Unwrought",2021,Jun,Chile,439260128,4.7,124.2543,353517043.6757521,Refined / Articles
7403,"Refined Copper & Alloys (no Mast Alloy), Unwrought",2021,Jul,Chile,373069709,4.7,124.2543,300246920.22730803,Refined / Articles
7403,"Refined Copper & Alloys (no Mast Alloy), Unwrought",2021,Aug,Chile,671067837,4.7,124.2543,540076147.8677197,Refined / Articles
7403,"Refined Copper & Alloys (no Mast Alloy), Unwrought",2021,Sep,Chile,615892248,4.7,124.2543,495670771.95718783,Refined / Articles
7403,"Refined Copper & Alloys (no Mast Alloy), Unwrought",2021,Oct,Chile,675040392,4.7,124.2543,543273264.5872215,Refined / Articles
7403,"Refined Copper & Alloys (no Mast Alloy), Unwrought",2021,Nov,Chile,282100656,4.7,124.2543,227034924.3446706,Refined / Articles
7403,"Refined Copper & Alloys (no Mast Alloy), Unwrought",2021,Dec,Chile,440014207,4.7,124.2543,354123927.3007051,Refined / Articles
7403,"Refined Copper & Alloys (no Mast Alloy), Unwrought",2022,Jan,Chile,1128053227,8.0,134.1947,840609373.5445586,Refined / Articles
7403,"Refined Copper & Alloys (no Mast Alloy), Unwrought",2022,Feb,Chile,206425085,8.0,134.1947,153825065.37143418,Refined / Articles
7403,"Refined Copper & Alloys (no Mast Alloy), Unwrought",2022,Mar,Chile,204083367,8.0,134.1947,152080050.10630077,Refined / Articles
7403,"Refined Copper & Alloys (no Mast Alloy), Unwrought",2022,Apr,Chile,357419665,8.0,134.1947,266344099.2826095,Refined / Articles
7403,"Refined Copper & Alloys (no Mast Alloy), Unwrought",2022,May,Chile,468206282,8.0,134.1947,348900725.58752316,Refined / Articles
7403,"Refined Copper & Alloys (no Mast Alloy), Unwrought",2022,Jun,Chile,428013436,8.0,134.1947,318949582.95670396,Refined / Articles
7403,"Refined Copper & Alloys (no Mast Alloy), Unwrought",2022,Jul,Chile,484462302,8.0,134.1947,361014482.6882134,Refined / Articles
7403,"Refined Copper & Alloys (no Mast Alloy), Unwrought",2022,Aug,Chile,161807238,8.0,134.1947,120576474.33169864,Refined / Articles
7403,"Refined Copper & Alloys (no Mast Alloy), Unwrought",2022,Sep,Chile,269916380,8.0,134.1947,201137883.98498598,Refined / Articles
7403,"Refined Copper & Alloys (no Mast Alloy), Unwrought",2022,Oct,Chile,211858365,8.0,134.1947,157873869.0872292,Refined / Articles
7403,"Refined Copper & Alloys (no Mast Alloy), Unwrought",2022,Nov,Chile,176084538,8.0,134.1947,131215717.16319644,Refined / Articles
7403,"Refined Copper & Alloys (no Mast Alloy), Unwrought",2022,Dec,Chile,129801824,8.0,134.1947,96726490.68852943,Refined / Articles
7403,"Refined Copper & Alloys (no Mast Alloy), Unwrought",2023,Jan,Chile,173772306,4.12,139.7235,124368703.90449709,Refined / Articles
7403,"Refined Copper & Alloys (no Mast Alloy), Unwrought",2023,Feb,Chile,298659619,4.12,139.7235,213750456.43717772,Refined / Articles
7403,"Refined Copper & Alloys (no Mast Alloy), Unwrought",2023,Mar,Chile,878869474,4.12,139.7235,629006197.2395481,Refined / Articles
7403,"Refined Copper & Alloys (no Mast Alloy), Unwrought",2023,Apr,Chile,650906401,4.12,139.7235,465853203.6486346,Refined / Articles
7403,"Refined Copper & Alloys (no Mast Alloy), Unwrought",2023,May,Chile,504657849,4.12,139.7235,361183229.020172,Refined / Articles
7403,"Refined Copper & Alloys (no Mast Alloy), Unwrought",2023,Jun,Chile,610976402,4.12,139.7235,437275334.49992305,Refined / Articles
7403,"Refined Copper & Alloys (no Mast Alloy), Unwrought",2023,Jul,Chile,377387500,4.12,139.7235,270095939.48047394,Refined / Articles
7403,"Refined Copper & Alloys (no Mast Alloy), Unwrought",2023,Aug,Chile,274595650,4.12,139.7235,196527892.58786103,Refined / Articles
7403,"Refined Copper & Alloys (no Mast Alloy), Unwrought",2023,Sep,Chile,332982666,4.12,139.7235,238315434.4115342,Refined / Articles
7403,"Refined Copper & Alloys (no Mast Alloy), Unwrought",2023,Oct,Chile,212136799,4.12,139.7235,151826141.6297187,Refined / Articles
7403,"Refined Copper & Alloys (no Mast Alloy), Unwrought",2023,Nov,Chile,129701410,4.12,139.7235,92827198.00176777,Refined / Articles
7403,"Refined Copper & Alloys (no Mast Alloy), Unwrought",2023,Dec,Chile,139667553,4.12,139.7235,99959958.77572492,Refined / Articles
7403,"Refined Copper & Alloys (no Mast Alloy), Unwrought",2024,Jan,Chile,588014918,2.9,143.7755,408981306.27262646,Refined / Articles
7403,"Refined Copper & Alloys (no Mast Alloy), Unwrought",2024,Feb,Chile,226871360,2.9,143.7755,157795563.2218285,Refined / Articles
7403,"Refined Copper & Alloys (no Mast Alloy), Unwrought",2024,Mar,Chile,262899934,2.9,143.7755,182854473.81507978,Refined / Articles
7403,"Refined Copper & Alloys (no Mast Alloy), Unwrought",2024,Apr,Chile,247761757,2.9,143.7755,172325435.83573002,Refined / Articles
7403,"Refined Copper & Alloys (no Mast Alloy), Unwrought",2024,May,Chile,505169197,2.9,143.7755,351359721.9275885,Refined / Articles
7403,"Refined Copper & Alloys (no Mast Alloy), Unwrought",2024,Jun,Chile,349676561,2.9,143.7755,243210116.4662964,Refined / Articles
7403,"Refined Copper & Alloys (no Mast Alloy), Unwrought",2024,Jul,Chile,762684816,2.9,143.7755,530469249.62876153,Refined / Articles
7403,"Refined Copper & Alloys (no Mast Alloy), Unwrought",2024,Aug,Chile,848752501,2.9,143.7755,590331802.7063025,Refined / Articles
7403,"Refined Copper & Alloys (no Mast Alloy), Unwrought",2024,Sep,Chile,895749575,2.9,143.7755,623019620.8672549,Refined / Articles
7403,"Refined Copper & Alloys (no Mast Alloy), Unwrought",2024,Oct,Chile,397161848,2.9,143.7755,276237500.82594043,Refined / Articles
7403,"Refined Copper & Alloys (no Mast Alloy), Unwrought",2024,Nov,Chile,414190534,2.9,143.7755,288081442.2485055,Refined / Articles
7403,"Refined Copper & Alloys (no Mast Alloy), Unwrought",2024,Dec,Chile,545312095,2.9,143.7755,379280263.32720107,Refined / Articles
7403,"Refined Copper & Alloys (no Mast Alloy), Unwrought",2025,Jan,Chile,412597361,2.8,147.8012,279156976.3980266,Refined / Articles
7403,"Refined Copper & Alloys (no Mast Alloy), Unwrought",2025,Feb,Chile,368445916,2.8,147.8012,249284793.3575641,Refined / Articles
7403,"Refined Copper & Alloys (no Mast Alloy), Unwrought",2025,Mar,Chile,715897592,2.8,147.8012,484365209.48409086,Refined / Articles
7403,"Refined Copper & Alloys (no Mast Alloy), Unwrought",2025,Apr,Chile,1521739255,2.8,147.8012,1029585182.6642815,Refined / Articles
7403,"Refined Copper & Alloys (no Mast Alloy), Unwrought",2025,May,Chile,965602072,2.8,147.8012,653311388.5408237,Refined / Articles
7403,"Refined Copper & Alloys (no Mast Alloy), Unwrought",2025,Jun,Chile,916741231,2.8,147.8012,620252901.194307,Refined / Articles
7403,"Refined Copper & Alloys (no Mast Alloy), Unwrought",2025,Jul,Chile,1089163587,2.8,147.8012,736911193.5491729,Refined / Articles
7403,"Refined Copper & Alloys (no Mast Alloy), Unwrought",2025,Aug,Chile,532674836,2.8,147.8012,360399533.9686011,Refined / Articles
7403,"Refined Copper & Alloys (no Mast Alloy), Unwrought",2025,Sep,Chile,451693964,2.8,147.8012,305609131.72558814,Refined / Articles
7403,"Refined Copper & Alloys (no Mast Alloy), Unwrought",2025,Oct,Chile,710990623,2.8,147.8012,481045230.3499566,Refined / Articles
7403,"Refined Copper & Alloys (no Mast Alloy), Unwrought",2025,Nov,Chile,251698702,2.8,147.8012,170295438.73798048,Refined / Articles
7403,"Refined Copper & Alloys (no Mast Alloy), Unwrought",2025,Dec,Chile,946073520,2.8,147.8012,640098673.082492,Refined / Articles
7403,"Refined Copper & Alloys (no Mast Alloy), Unwrought",2010,Feb,Colombia,86513,1.64,100.0,86513.0,Refined / Articles
7403,"Refined Copper & Alloys (no Mast Alloy), Unwrought",2010,Apr,Colombia,47042,1.64,100.0,47042.0,Refined / Articles
7403,"Refined Copper & Alloys (no Mast Alloy), Unwrought",2010,Oct,Colombia,191848,1.64,100.0,191848.0,Refined / Articles
7403,"Refined Copper & Alloys (no Mast Alloy), Unwrought",2011,Jul,Colombia,108602,3.16,103.16,105275.30050407136,Refined / Articles
7403,"Refined Copper & Alloys (no Mast Alloy), Unwrought",2014,May,Colombia,3200,1.62,108.5634,2947.5863873091666,Refined / Articles
7403,"Refined Copper & Alloys (no Mast Alloy), Unwrought",2024,Aug,Colombia,3713,2.9,143.7755,2582.498408977886,Refined / Articles
7403,"Refined Copper & Alloys (no Mast Alloy), Unwrought",2024,Sep,Colombia,3200,2.9,143.7755,2225.692138090287,Refined / Articles
7403,"Refined Copper & Alloys (no Mast Alloy), Unwrought",2025,Aug,Colombia,2569,2.8,147.8012,1738.1455630942103,Refined / Articles
7403,"Refined Copper & Alloys (no Mast Alloy), Unwrought",2023,Sep,Ecuador,3710,4.12,139.7235,2655.2441071115454,Refined / Articles
7403,"Refined Copper & Alloys (no Mast Alloy), Unwrought",2010,Jan,Peru,60799903,1.64,100.0,60799903.0,Refined / Articles
7403,"Refined Copper & Alloys (no Mast Alloy), Unwrought",2010,Feb,Peru,50070540,1.64,100.0,50070540.0,Refined / Articles
7403,"Refined Copper & Alloys (no Mast Alloy), Unwrought",2010,Mar,Peru,54946308,1.64,100.0,54946307.99999999,Refined / Articles
7403,"Refined Copper & Alloys (no Mast Alloy), Unwrought",2010,Apr,Peru,50177179,1.64,100.0,50177179.0,Refined / Articles
7403,"Refined Copper & Alloys (no Mast Alloy), Unwrought",2010,May,Peru,29745079,1.64,100.0,29745078.999999996,Refined / Articles
7403,"Refined Copper & Alloys (no Mast Alloy), Unwrought",2010,Jun,Peru,68254248,1.64,100.0,68254248.0,Refined / Articles
7403,"Refined Copper & Alloys (no Mast Alloy), Unwrought",2010,Jul,Peru,63353347,1.64,100.0,63353347.0,Refined / Articles
7403,"Refined Copper & Alloys (no Mast Alloy), Unwrought",2010,Aug,Peru,65327414,1.64,100.0,65327414.0,Refined / Articles
7403,"Refined Copper & Alloys (no Mast Alloy), Unwrought",2010,Sep,Peru,40298081,1.64,100.0,40298081.0,Refined / Articles
7403,"Refined Copper & Alloys (no Mast Alloy), Unwrought",2010,Oct,Peru,24285061,1.64,100.0,24285061.0,Refined / Articles
7403,"Refined Copper & Alloys (no Mast Alloy), Unwrought",2010,Nov,Peru,31922348,1.64,100.0,31922348.0,Refined / Articles
7403,"Refined Copper & Alloys (no Mast Alloy), Unwrought",2010,Dec,Peru,73520003,1.64,100.0,73520003.0,Refined / Articles
7403,"Refined Copper & Alloys (no Mast Alloy), Unwrought",2011,Jan,Peru,47346229,3.16,103.16,45895917.99146956,Refined / Articles
7403,"Refined Copper & Alloys (no Mast Alloy), Unwrought",2011,Feb,Peru,29487821,3.16,103.16,28584549.243892986,Refined / Articles
7403,"Refined Copper & Alloys (no Mast Alloy), Unwrought",2011,Mar,Peru,55734192,3.16,103.16,54026940.674680114,Refined / Articles
7403,"Refined Copper & Alloys (no Mast Alloy), Unwrought",2011,Apr,Peru,25972559,3.16,103.16,25176966.847615354,Refined / Articles
7403,"Refined Copper & Alloys (no Mast Alloy), Unwrought",2011,May,Peru,25571521,3.16,103.16,24788213.454827454,Refined / Articles
7403,"Refined Copper & Alloys (no Mast Alloy), Unwrought",2011,Jun,Peru,44164944,3.16,103.16,42812082.20240403,Refined / Articles
7403,"Refined Copper & Alloys (no Mast Alloy), Unwrought",2011,Jul,Peru,64392469,3.16,103.16,62419997.09189609,Refined / Articles
7403,"Refined Copper & Alloys (no Mast Alloy), Unwrought",2011,Aug,Peru,17924698,3.16,103.16,17375628.15044591,Refined / Articles
7403,"Refined Copper & Alloys (no Mast Alloy), Unwrought",2011,Sep,Peru,35668404,3.16,103.16,34575808.45288872,Refined / Articles
7403,"Refined Copper & Alloys (no Mast Alloy), Unwrought",2011,Oct,Peru,11552396,3.16,103.16,11198522.683210548,Refined / Articles
7403,"Refined Copper & Alloys (no Mast Alloy), Unwrought",2011,Nov,Peru,34432340,3.16,103.16,33377607.5998449,Refined / Articles
7403,"Refined Copper & Alloys (no Mast Alloy), Unwrought",2011,Dec,Peru,11229907,3.16,103.16,10885912.17526173,Refined / Articles
7403,"Refined Copper & Alloys (no Mast Alloy), Unwrought",2012,Jan,Peru,13213964,2.07,105.2954,12549421.912068333,Refined / Articles
7403,"Refined Copper & Alloys (no Mast Alloy), Unwrought",2012,Feb,Peru,25522023,2.07,105.2954,24238497.598185677,Refined / Articles
7403,"Refined Copper & Alloys (no Mast Alloy), Unwrought",2012,Mar,Peru,9546982,2.07,105.2954,9066855.722092323,Refined / Articles
7403,"Refined Copper & Alloys (no Mast Alloy), Unwrought",2012,May,Peru,11193960,2.07,105.2954,10631005.722947061,Refined / Articles
7403,"Refined Copper & Alloys (no Mast Alloy), Unwrought",2012,Jun,Peru,10012244,2.07,105.2954,9508719.279284755,Refined / Articles
7403,"Refined Copper & Alloys (no Mast Alloy), Unwrought",2012,Jul,Peru,3133362,2.07,105.2954,2975782.417845414,Refined / Articles
7403,"Refined Copper & Alloys (no Mast Alloy), Unwrought",2012,Aug,Peru,18122500,2.07,105.2954,17211103.23907787,Refined / Articles
7403,"Refined Copper & Alloys (no Mast Alloy), Unwrought",2012,Sep,Peru,3703523,2.07,105.2954,3517269.5103489803,Refined / Articles
7403,"Refined Copper & Alloys (no Mast Alloy), Unwrought",2012,Oct,Peru,16170266,2.07,105.2954,15357048.83594155,Refined / Articles
7403,"Refined Copper & Alloys (no Mast Alloy), Unwrought",2012,Nov,Peru,13646816,2.07,105.2954,12960505.397196839,Refined / Articles
7403,"Refined Copper & Alloys (no Mast Alloy), Unwrought",2012,Dec,Peru,3649746,2.07,105.2954,3466197.003857719,Refined / Articles
7403,"Refined Copper & Alloys (no Mast Alloy), Unwrought",2013,Jan,Peru,41813413,1.46,106.8327,39139152.15097999,Refined / Articles
7403,"Refined Copper & Alloys (no Mast Alloy), Unwrought",2013,Feb,Peru,3752122,1.46,106.8327,3512147.4979102835,Refined / Articles
7403,"Refined Copper & Alloys (no Mast Alloy), Unwrought",2013,Mar,Peru,6488931,1.46,106.8327,6073918.378923307,Refined / Articles
7403,"Refined Copper & Alloys (no Mast Alloy), Unwrought",2013,Apr,Peru,1953886,1.46,106.8327,1828921.2946972228,Refined / Articles
7403,"Refined Copper & Alloys (no Mast Alloy), Unwrought",2013,May,Peru,1814543,1.46,106.8327,1698490.2562604893,Refined / Articles
7403,"Refined Copper & Alloys (no Mast Alloy), Unwrought",2013,Jun,Peru,7251380,1.46,106.8327,6787603.421049922,Refined / Articles
7403,"Refined Copper & Alloys (no Mast Alloy), Unwrought",2013,Jul,Peru,3779325,1.46,106.8327,3537610.675383099,Refined / Articles
7403,"Refined Copper & Alloys (no Mast Alloy), Unwrought",2013,Aug,Peru,7162997,1.46,106.8327,6704873.133413271,Refined / Articles
7403,"Refined Copper & Alloys (no Mast Alloy), Unwrought",2013,Sep,Peru,1266851,1.46,106.8327,1185826.9986623945,Refined / Articles
7403,"Refined Copper & Alloys (no Mast Alloy), Unwrought",2013,Oct,Peru,7478466,1.46,106.8327,7000165.679609333,Refined / Articles
7403,"Refined Copper & Alloys (no Mast Alloy), Unwrought",2013,Dec,Peru,694578,1.46,106.8327,650154.8683127918,Refined / Articles
7403,"Refined Copper & Alloys (no Mast Alloy), Unwrought",2014,Jan,Peru,373364,1.62,108.5634,343913.32622228115,Refined / Articles
7403,"Refined Copper & Alloys (no Mast Alloy), Unwrought",2014,Apr,Peru,3307079,1.62,108.5634,3046219.075673754,Refined / Articles
7403,"Refined Copper & Alloys (no Mast Alloy), Unwrought",2015,Jan,Peru,36519843,0.12,108.6937,33598858.99550756,Refined / Articles
7403,"Refined Copper & Alloys (no Mast Alloy), Unwrought",2015,Apr,Peru,15074305,0.12,108.6937,13868609.680229856,Refined / Articles
7403,"Refined Copper & Alloys (no Mast Alloy), Unwrought",2015,Jun,Peru,9307417,0.12,108.6937,8562977.43107466,Refined / Articles
7403,"Refined Copper & Alloys (no Mast Alloy), Unwrought",2015,Oct,Peru,10816323,0.12,108.6937,9951195.883478068,Refined / Articles
7403,"Refined Copper & Alloys (no Mast Alloy), Unwrought",2016,Apr,Peru,4873301,1.26,110.0632,4427729.704388024,Refined / Articles
7403,"Refined Copper & Alloys (no Mast Alloy), Unwrought",2016,May,Peru,21630817,1.26,110.0632,19653087.498818863,Refined / Articles
7403,"Refined Copper & Alloys (no Mast Alloy), Unwrought",2016,Jun,Peru,9691018,1.26,110.0632,8804957.515318472,Refined / Articles
7403,"Refined Copper & Alloys (no Mast Alloy), Unwrought",2016,Aug,Peru,27453593,1.26,110.0632,24943480.654751092,Refined / Articles
7403,"Refined Copper & Alloys (no Mast Alloy), Unwrought",2016,Sep,Peru,33057547,1.26,110.0632,30035058.94794991,Refined / Articles
7403,"Refined Copper & Alloys (no Mast Alloy), Unwrought",2016,Oct,Peru,9465806,1.26,110.0632,8600336.897346253,Refined / Articles
7403,"Refined Copper & Alloys (no Mast Alloy), Unwrought",2016,Nov,Peru,13634040,1.26,110.0632,12387464.656669987,Refined / Articles
7403,"Refined Copper & Alloys (no Mast Alloy), Unwrought",2016,Dec,Peru,22850292,1.26,110.0632,20761064.55200285,Refined / Articles
7403,"Refined Copper & Alloys (no Mast Alloy), Unwrought",2017,Jan,Peru,2876313,2.13,112.4076,2558824.314370203,Refined / Articles
7403,"Refined Copper & Alloys (no Mast Alloy), Unwrought",2017,Feb,Peru,1147840,2.13,112.4076,1021140.9192972716,Refined / Articles
7403,"Refined Copper & Alloys (no Mast Alloy), Unwrought",2017,Mar,Peru,8630498,2.13,112.4076,7677859.860009465,Refined / Articles
7403,"Refined Copper & Alloys (no Mast Alloy), Unwrought",2017,Jul,Peru,25232718,2.13,112.4076,22447519.56273419,Refined / Articles
7403,"Refined Copper & Alloys (no Mast Alloy), Unwrought",2017,Sep,Peru,11459741,2.13,112.4076,10194809.781545019,Refined / Articles
7403,"Refined Copper & Alloys (no Mast Alloy), Unwrought",2017,Oct,Peru,39135174,2.13,112.4076,34815416.3953327,Refined / Articles
7403,"Refined Copper & Alloys (no Mast Alloy), Unwrought",2017,Nov,Peru,15836837,2.13,112.4076,14088760.012668181,Refined / Articles
7403,"Refined Copper & Alloys (no Mast Alloy), Unwrought",2017,Dec,Peru,13713954,2.13,112.4076,12200201.765716908,Refined / Articles
7403,"Refined Copper & Alloys (no Mast Alloy), Unwrought",2018,Jan,Peru,7208373,2.44,115.1503,6259968.927566841,Refined / Articles
7403,"Refined Copper & Alloys (no Mast Alloy), Unwrought",2018,Mar,Peru,14279429,2.44,115.1503,12400687.623045705,Refined / Articles
7403,"Refined Copper & Alloys (no Mast Alloy), Unwrought",2018,May,Peru,13687646,2.44,115.1503,11886765.384024184,Refined / Articles
7403,"Refined Copper & Alloys (no Mast Alloy), Unwrought",2018,Jul,Peru,13718657,2.44,115.1503,11913696.273479097,Refined / Articles
7403,"Refined Copper & Alloys (no Mast Alloy), Unwrought",2018,Aug,Peru,6300972,2.44,115.1503,5471954.480361753,Refined / Articles
7403,"Refined Copper & Alloys (no Mast Alloy), Unwrought",2018,Sep,Peru,6954744,2.44,115.1503,6039709.840095944,Refined / Articles
7403,"Refined Copper & Alloys (no Mast Alloy), Unwrought",2018,Oct,Peru,11906683,2.44,115.1503,10340123.29972219,Refined / Articles
7403,"Refined Copper & Alloys (no Mast Alloy), Unwrought",2018,Nov,Peru,24141103,2.44,115.1503,20964863.313426018,Refined / Articles
7403,"Refined Copper & Alloys (no Mast Alloy), Unwrought",2018,Dec,Peru,24331741,2.44,115.1503,21130419.113106955,Refined / Articles
7403,"Refined Copper & Alloys (no Mast Alloy), Unwrought",2019,Jan,Peru,12309352,1.81,117.2345,10499769.2658731,Refined / Articles
7403,"Refined Copper & Alloys (no Mast Alloy), Unwrought",2019,Mar,Peru,3220786,1.81,117.2345,2747302.2019968526,Refined / Articles
7403,"Refined Copper & Alloys (no Mast Alloy), Unwrought",2019,Apr,Peru,3210841,1.81,117.2345,2738819.204244484,Refined / Articles
7403,"Refined Copper & Alloys (no Mast Alloy), Unwrought",2019,Aug,Peru,11910876,1.81,117.2345,10159872.733708933,Refined / Articles
7403,"Refined Copper & Alloys (no Mast Alloy), Unwrought",2019,Oct,Peru,17169009,1.81,117.2345,14645014.053030467,Refined / Articles
7403,"Refined Copper & Alloys (no Mast Alloy), Unwrought",2019,Dec,Peru,11650240,1.81,117.2345,9937552.51227241,Refined / Articles
7403,"Refined Copper & Alloys (no Mast Alloy), Unwrought",2020,Jan,Peru,11787689,1.23,118.6765,9932622.718061283,Refined / Articles
7403,"Refined Copper & Alloys (no Mast Alloy), Unwrought",2020,Feb,Peru,17353152,1.23,118.6765,14622231.02299107,Refined / Articles
7403,"Refined Copper & Alloys (no Mast Alloy), Unwrought",2020,May,Peru,15756294,1.23,118.6765,13276675.668729696,Refined / Articles
7403,"Refined Copper & Alloys (no Mast Alloy), Unwrought",2020,Jun,Peru,7957757,1.23,118.6765,6705419.354295079,Refined / Articles
7403,"Refined Copper & Alloys (no Mast Alloy), Unwrought",2020,Aug,Peru,12827314,1.23,118.6765,10808638.610002821,Refined / Articles
7403,"Refined Copper & Alloys (no Mast Alloy), Unwrought",2020,Sep,Peru,12953043,1.23,118.6765,10914581.235543683,Refined / Articles
7403,"Refined Copper & Alloys (no Mast Alloy), Unwrought",2020,Dec,Peru,21112282,1.23,118.6765,17789774.723723736,Refined / Articles
7403,"Refined Copper & Alloys (no Mast Alloy), Unwrought",2021,Jan,Peru,8468933,4.7,124.2543,6815806.776908324,Refined / Articles
7403,"Refined Copper & Alloys (no Mast Alloy), Unwrought",2021,Feb,Peru,25404839,4.7,124.2543,20445842.920526695,Refined / Articles
7403,"Refined Copper & Alloys (no Mast Alloy), Unwrought",2021,Mar,Peru,5751754,4.7,124.2543,4629018.070199583,Refined / Articles
7403,"Refined Copper & Alloys (no Mast Alloy), Unwrought",2021,Apr,Peru,7951751,4.7,124.2543,6399578.123252072,Refined / Articles
7403,"Refined Copper & Alloys (no Mast Alloy), Unwrought",2021,May,Peru,4702855,4.7,124.2543,3784862.9785850467,Refined / Articles
7403,"Refined Copper & Alloys (no Mast Alloy), Unwrought",2021,Jun,Peru,21895353,4.7,124.2543,17621404.651589524,Refined / Articles
7403,"Refined Copper & Alloys (no Mast Alloy), Unwrought",2021,Jul,Peru,13416559,4.7,124.2543,10797661.730821388,Refined / Articles
7403,"Refined Copper & Alloys (no Mast Alloy), Unwrought",2021,Aug,Peru,69546171,4.7,124.2543,55970836.42175763,Refined / Articles
7403,"Refined Copper & Alloys (no Mast Alloy), Unwrought",2021,Sep,Peru,11710696,4.7,124.2543,9424781.275175184,Refined / Articles
7403,"Refined Copper & Alloys (no Mast Alloy), Unwrought",2021,Oct,Peru,15135831,4.7,124.2543,12181333.764706735,Refined / Articles
7403,"Refined Copper & Alloys (no Mast Alloy), Unwrought",2021,Nov,Peru,19918033,4.7,124.2543,16030055.297885064,Refined / Articles
7403,"Refined Copper & Alloys (no Mast Alloy), Unwrought",2021,Dec,Peru,59812556,4.7,124.2543,48137212.15281886,Refined / Articles
7403,"Refined Copper & Alloys (no Mast Alloy), Unwrought",2022,Jan,Peru,29072428,8.0,134.1947,21664363.793801095,Refined / Articles
7403,"Refined Copper & Alloys (no Mast Alloy), Unwrought",2022,Feb,Peru,46390072,8.0,134.1947,34569228.143883474,Refined / Articles
7403,"Refined Copper & Alloys (no Mast Alloy), Unwrought",2022,Mar,Peru,38785219,8.0,134.1947,28902198.82007262,Refined / Articles
7403,"Refined Copper & Alloys (no Mast Alloy), Unwrought",2022,Apr,Peru,17538677,8.0,134.1947,13069575.027925842,Refined / Articles
7403,"Refined Copper & Alloys (no Mast Alloy), Unwrought",2022,May,Peru,59364175,8.0,134.1947,44237346.9294987,Refined / Articles
7403,"Refined Copper & Alloys (no Mast Alloy), Unwrought",2022,Jun,Peru,70063422,8.0,134.1947,52210275.07047596,Refined / Articles
7403,"Refined Copper & Alloys (no Mast Alloy), Unwrought",2022,Jul,Peru,23386038,8.0,134.1947,17426946.07164068,Refined / Articles
7403,"Refined Copper & Alloys (no Mast Alloy), Unwrought",2022,Aug,Peru,33342340,8.0,134.1947,24846242.06470151,Refined / Articles
7403,"Refined Copper & Alloys (no Mast Alloy), Unwrought",2022,Sep,Peru,19677391,8.0,134.1947,14663314.572036004,Refined / Articles
7403,"Refined Copper & Alloys (no Mast Alloy), Unwrought",2022,Oct,Peru,36153799,8.0,134.1947,26941301.705656033,Refined / Articles
7403,"Refined Copper & Alloys (no Mast Alloy), Unwrought",2022,Nov,Peru,19243320,8.0,134.1947,14339850.977721175,Refined / Articles
7403,"Refined Copper & Alloys (no Mast Alloy), Unwrought",2022,Dec,Peru,73935652,8.0,134.1947,55095806.31723905,Refined / Articles
7403,"Refined Copper & Alloys (no Mast Alloy), Unwrought",2023,Jan,Peru,1697529,4.12,139.7235,1214920.1816444623,Refined / Articles
7403,"Refined Copper & Alloys (no Mast Alloy), Unwrought",2023,Feb,Peru,36633827,4.12,139.7235,26218801.418515854,Refined / Articles
7403,"Refined Copper & Alloys (no Mast Alloy), Unwrought",2023,Mar,Peru,86995140,4.12,139.7235,62262353.86316547,Refined / Articles
7403,"Refined Copper & Alloys (no Mast Alloy), Unwrought",2023,Apr,Peru,108836046,4.12,139.7235,77893873.25682509,Refined / Articles
7403,"Refined Copper & Alloys (no Mast Alloy), Unwrought",2023,May,Peru,109989608,4.12,139.7235,78719476.68073015,Refined / Articles
7403,"Refined Copper & Alloys (no Mast Alloy), Unwrought",2023,Jun,Peru,60397270,4.12,139.7235,43226279.04396898,Refined / Articles
7403,"Refined Copper & Alloys (no Mast Alloy), Unwrought",2023,Jul,Peru,34167135,4.12,139.7235,24453391.87752955,Refined / Articles
7403,"Refined Copper & Alloys (no Mast Alloy), Unwrought",2023,Aug,Peru,61510794,4.12,139.7235,44023227.302493855,Refined / Articles
7403,"Refined Copper & Alloys (no Mast Alloy), Unwrought",2023,Sep,Peru,72541880,4.12,139.7235,51918166.95115711,Refined / Articles
7403,"Refined Copper & Alloys (no Mast Alloy), Unwrought",2023,Oct,Peru,75244173,4.12,139.7235,53852195.944132514,Refined / Articles
7403,"Refined Copper & Alloys (no Mast Alloy), Unwrought",2023,Nov,Peru,17078223,4.12,139.7235,12222870.884282172,Refined / Articles
7403,"Refined Copper & Alloys (no Mast Alloy), Unwrought",2023,Dec,Peru,7687044,4.12,139.7235,5501611.396794383,Refined / Articles
7403,"Refined Copper & Alloys (no Mast Alloy), Unwrought",2024,Jan,Peru,77360284,2.9,143.7755,53806304.96850994,Refined / Articles
7403,"Refined Copper & Alloys (no Mast Alloy), Unwrought",2024,Feb,Peru,31866549,2.9,143.7755,22164102.36792778,Refined / Articles
7403,"Refined Copper & Alloys (no Mast Alloy), Unwrought",2024,Mar,Peru,30880573,2.9,143.7755,21478327.670569744,Refined / Articles
7403,"Refined Copper & Alloys (no Mast Alloy), Unwrought",2024,Apr,Peru,63952250,2.9,143.7755,44480631.26193267,Refined / Articles
7403,"Refined Copper & Alloys (no Mast Alloy), Unwrought",2024,May,Peru,46570814,2.9,143.7755,32391342.05758283,Refined / Articles
7403,"Refined Copper & Alloys (no Mast Alloy), Unwrought",2024,Jun,Peru,28499382,2.9,143.7755,19822140.76807245,Refined / Articles
7403,"Refined Copper & Alloys (no Mast Alloy), Unwrought",2024,Jul,Peru,54871410,2.9,143.7755,38164645.57591523,Refined / Articles
7403,"Refined Copper & Alloys (no Mast Alloy), Unwrought",2024,Aug,Peru,69717389,2.9,143.7755,48490451.4329632,Refined / Articles
7403,"Refined Copper & Alloys (no Mast Alloy), Unwrought",2024,Sep,Peru,63699327,2.9,143.7755,44304716.03298198,Refined / Articles
7403,"Refined Copper & Alloys (no Mast Alloy), Unwrought",2024,Oct,Peru,34464394,2.9,143.7755,23970978.36557689,Refined / Articles
7403,"Refined Copper & Alloys (no Mast Alloy), Unwrought",2024,Nov,Peru,39138471,2.9,143.7755,27221933.50049209,Refined / Articles
7403,"Refined Copper & Alloys (no Mast Alloy), Unwrought",2024,Dec,Peru,37248286,2.9,143.7755,25907255.40860578,Refined / Articles
7403,"Refined Copper & Alloys (no Mast Alloy), Unwrought",2025,Jan,Peru,65420425,2.8,147.8012,44262445.095168374,Refined / Articles
7403,"Refined Copper & Alloys (no Mast Alloy), Unwrought",2025,Feb,Peru,37232837,2.8,147.8012,25191160.152962223,Refined / Articles
7403,"Refined Copper & Alloys (no Mast Alloy), Unwrought",2025,Mar,Peru,50596495,2.8,147.8012,34232803.9285202,Refined / Articles
7403,"Refined Copper & Alloys (no Mast Alloy), Unwrought",2025,Apr,Peru,104120033,2.8,147.8012,70445999.76184227,Refined / Articles
7403,"Refined Copper & Alloys (no Mast Alloy), Unwrought",2025,May,Peru,141249678,2.8,147.8012,95567341.80777964,Refined / Articles
7403,"Refined Copper & Alloys (no Mast Alloy), Unwrought",2025,Jun,Peru,67373683,2.8,147.8012,45583989.16923544,Refined / Articles
7403,"Refined Copper & Alloys (no Mast Alloy), Unwrought",2025,Jul,Peru,61920935,2.8,147.8012,41894744.42697353,Refined / Articles
7403,"Refined Copper & Alloys (no Mast Alloy), Unwrought",2025,Aug,Peru,14313904,2.8,147.8012,9684565.483906763,Refined / Articles
7403,"Refined Copper & Alloys (no Mast Alloy), Unwrought",2025,Sep,Peru,53400333,2.8,147.8012,36129837.24083431,Refined / Articles
7403,"Refined Copper & Alloys (no Mast Alloy), Unwrought",2025,Oct,Peru,44418265,2.8,147.8012,30052709.31494467,Refined / Articles
7403,"Refined Copper & Alloys (no Mast Alloy), Unwrought",2025,Nov,Peru,37906474,2.8,147.8012,25646932.50122462,Refined / Articles
7403,"Refined Copper & Alloys (no Mast Alloy), Unwrought",2025,Dec,Peru,205715597,2.8,147.8012,139183982.9446581,Refined / Articles
7403,"Refined Copper & Alloys (no Mast Alloy), Unwrought",2015,Sep,Venezuela,283387,0.12,108.6937,260720.7225441769,Refined / Articles
7403,"Refined Copper & Alloys (no Mast Alloy), Unwrought",2015,Nov,Venezuela,409268,0.12,108.6937,376533.32253847277,Refined / Articles
7403,"Refined Copper & Alloys (no Mast Alloy), Unwrought",2016,Jan,Venezuela,157130,1.26,110.0632,142763.43046540534,Refined / Articles
7403,"Refined Copper & Alloys (no Mast Alloy), Unwrought",2016,May,Venezuela,273055,1.26,110.0632,248089.27961389459,Refined / Articles
7403,"Refined Copper & Alloys (no Mast Alloy), Unwrought",2016,Dec,Venezuela,213754,1.26,110.0632,194210.2355737431,Refined / Articles
7403,"Refined Copper & Alloys (no Mast Alloy), Unwrought",2017,Mar,Venezuela,25193,2.13,112.4076,22412.185652927383,Refined / Articles
7403,"Refined Copper & Alloys (no Mast Alloy), Unwrought",2017,Jul,Venezuela,96247,2.13,112.4076,85623.2140887271,Refined / Articles
7403,"Refined Copper & Alloys (no Mast Alloy), Unwrought",2017,Sep,Venezuela,68780,2.13,112.4076,61188.03354933296,Refined / Articles
7404,Copper Waste And Scrap,2010,Jun,Argentina,45260,1.64,100.0,45260.0,Refined / Articles
7404,Copper Waste And Scrap,2024,Mar,Argentina,2957,2.9,143.7755,2056.6786413540553,Refined / Articles
7404,Copper Waste And Scrap,2013,Feb,Bolivia,116600,1.46,106.8327,109142.61270191616,Refined / Articles
7404,Copper Waste And Scrap,2016,Feb,Bolivia,45292,1.26,110.0632,41150.90239062648,Refined / Articles
7404,Copper Waste And Scrap,2016,May,Bolivia,60979,1.26,110.0632,55403.622645897995,Refined / Articles
7404,Copper Waste And Scrap,2016,Sep,Bolivia,56242,1.26,110.0632,51099.73179046221,Refined / Articles
7404,Copper Waste And Scrap,2016,Nov,Bolivia,71881,1.26,110.0632,65308.84073877554,Refined / Articles
7404,Copper Waste And Scrap,2017,Jan,Bolivia,36711,2.13,112.4076,32658.823780598465,Refined / Articles
7404,Copper Waste And Scrap,2017,Mar,Bolivia,23193,2.13,112.4076,20632.946526747302,Refined / Articles
7404,Copper Waste And Scrap,2017,May,Bolivia,64946,2.13,112.4076,57777.23214444575,Refined / Articles
7404,Copper Waste And Scrap,2017,Sep,Bolivia,6113,2.13,112.4076,5438.244389169415,Refined / Articles
7404,Copper Waste And Scrap,2017,Oct,Bolivia,7808,2.13,112.4076,6946.1495486070335,Refined / Articles
7404,Copper Waste And Scrap,2018,Jan,Bolivia,21050,2.44,115.1503,18280.456064812683,Refined / Articles
7404,Copper Waste And Scrap,2018,Aug,Bolivia,162234,2.44,115.1503,140888.90780136918,Refined / Articles
7404,Copper Waste And Scrap,2018,Sep,Bolivia,75124,2.44,115.1503,65239.95161106832,Refined / Articles
7404,Copper Waste And Scrap,2018,Oct,Bolivia,74961,2.44,115.1503,65098.39748572084,Refined / Articles
7404,Copper Waste And Scrap,2019,Jan,Bolivia,91978,1.81,117.2345,78456.42707564753,Refined / Articles
7404,Copper Waste And Scrap,2019,Feb,Bolivia,222634,1.81,117.2345,189904.8488286298,Refined / Articles
7404,Copper Waste And Scrap,2019,Mar,Bolivia,164107,1.81,117.2345,139981.8312868652,Refined / Articles
7404,Copper Waste And Scrap,2019,Apr,Bolivia,23185,1.81,117.2345,19776.60159765257,Refined / Articles
7404,Copper Waste And Scrap,2019,May,Bolivia,66353,1.81,117.2345,56598.526884151,Refined / Articles
7404,Copper Waste And Scrap,2019,Jun,Bolivia,73056,1.81,117.2345,62316.127078633,Refined / Articles
7404,Copper Waste And Scrap,2019,Jul,Bolivia,74070,1.81,117.2345,63181.06018279602,Refined / Articles
7404,Copper Waste And Scrap,2019,Aug,Bolivia,156611,1.81,117.2345,133587.80904938394,Refined / Articles
7404,Copper Waste And Scrap,2019,Oct,Bolivia,64303,1.81,117.2345,54849.89486883128,Refined / Articles
7404,Copper Waste And Scrap,2019,Nov,Bolivia,61921,1.81,117.2345,52818.06976615246,Refined / Articles
7404,Copper Waste And Scrap,2020,Jan,Bolivia,61991,1.23,118.6765,52235.27825643662,Refined / Articles
7404,Copper Waste And Scrap,2020,Mar,Bolivia,60994,1.23,118.6765,51395.17933204972,Refined / Articles
7404,Copper Waste And Scrap,2020,Aug,Bolivia,61398,1.23,118.6765,51735.60056118945,Refined / Articles
7404,Copper Waste And Scrap,2020,Oct,Bolivia,133211,1.23,118.6765,112247.1592943843,Refined / Articles
7404,Copper Waste And Scrap,2021,Jan,Bolivia,163602,4.7,124.2543,131667.07309123306,Refined / Articles
7404,Copper Waste And Scrap,2021,Mar,Bolivia,75214,4.7,124.2543,60532.31155782938,Refined / Articles
7404,Copper Waste And Scrap,2021,Apr,Bolivia,219996,4.7,124.2543,177053.02754109917,Refined / Articles
7404,Copper Waste And Scrap,2021,Jun,Bolivia,139823,4.7,124.2543,112529.70722139999,Refined / Articles
7404,Copper Waste And Scrap,2021,Jul,Bolivia,149900,4.7,124.2543,120639.68812346936,Refined / Articles
7404,Copper Waste And Scrap,2021,Aug,Bolivia,285105,4.7,124.2543,229452.8237654552,Refined / Articles
7404,Copper Waste And Scrap,2021,Sep,Bolivia,378295,4.7,124.2543,304452.24028464203,Refined / Articles
7404,Copper Waste And Scrap,2021,Oct,Bolivia,101209,4.7,124.2543,81453.11671306344,Refined / Articles
7404,Copper Waste And Scrap,2021,Nov,Bolivia,693772,4.7,124.2543,558348.4837144469,Refined / Articles
7404,Copper Waste And Scrap,2021,Dec,Bolivia,225109,4.7,124.2543,181167.9756756909,Refined / Articles
7404,Copper Waste And Scrap,2022,Mar,Bolivia,199354,8.0,134.1947,148555.79244187733,Refined / Articles
7404,Copper Waste And Scrap,2022,Apr,Bolivia,104641,8.0,134.1947,77976.99909161837,Refined / Articles
7404,Copper Waste And Scrap,2022,Jun,Bolivia,139686,8.0,134.1947,104092.03940245032,Refined / Articles
7404,Copper Waste And Scrap,2022,Aug,Bolivia,101026,8.0,134.1947,75283.152017181,Refined / Articles
7404,Copper Waste And Scrap,2022,Sep,Bolivia,148856,8.0,134.1947,110925.39422197746,Refined / Articles
7404,Copper Waste And Scrap,2022,Dec,Bolivia,65399,8.0,134.1947,48734.41350515333,Refined / Articles
7404,Copper Waste And Scrap,2023,May,Bolivia,203738,4.12,139.7235,145815.12773441835,Refined / Articles
7404,Copper Waste And Scrap,2023,Aug,Bolivia,101296,4.12,139.7235,72497.46821400838,Refined / Articles
7404,Copper Waste And Scrap,2023,Sep,Bolivia,101294,4.12,139.7235,72496.03681556789,Refined / Articles
7404,Copper Waste And Scrap,2023,Oct,Bolivia,103100,4.12,139.7235,73788.58960733163,Refined / Articles
7404,Copper Waste And Scrap,2024,Mar,Bolivia,114297,2.9,143.7755,79496.85447103296,Refined / Articles
7404,Copper Waste And Scrap,2024,Apr,Bolivia,102130,2.9,143.7755,71034.3556447378,Refined / Articles
7404,Copper Waste And Scrap,2024,May,Bolivia,267579,2.9,143.7755,186108.898943144,Refined / Articles
7404,Copper Waste And Scrap,2024,Jun,Bolivia,276571,2.9,143.7755,192363.09385117772,Refined / Articles
7404,Copper Waste And Scrap,2024,Jul,Bolivia,2011885,2.9,143.7755,1399323.946013055,Refined / Articles
7404,Copper Waste And Scrap,2024,Aug,Bolivia,1556880,2.9,143.7755,1082854.8674843768,Refined / Articles
7404,Copper Waste And Scrap,2024,Sep,Bolivia,260289,2.9,143.7755,181038.49404105707,Refined / Articles
7404,Copper Waste And Scrap,2024,Oct,Bolivia,509821,2.9,143.7755,354595.184854165,Refined / Articles
7404,Copper Waste And Scrap,2024,Nov,Bolivia,193163,2.9,143.7755,134350.42827185438,Refined / Articles
7404,Copper Waste And Scrap,2024,Dec,Bolivia,167213,2.9,143.7755,116301.45608952847,Refined / Articles
7404,Copper Waste And Scrap,2025,Feb,Bolivia,169291,2.8,147.8012,114539.6654424998,Refined / Articles
7404,Copper Waste And Scrap,2025,Mar,Bolivia,161112,2.8,147.8012,109005.8808724151,Refined / Articles
7404,Copper Waste And Scrap,2025,Apr,Bolivia,113266,2.8,147.8012,76634.01920958694,Refined / Articles
7404,Copper Waste And Scrap,2025,Aug,Bolivia,104975,2.8,147.8012,71024.45717626109,Refined / Articles
7404,Copper Waste And Scrap,2010,Jan,Brazil,36189,1.64,100.0,36189.0,Refined / Articles
7404,Copper Waste And Scrap,2010,Feb,Brazil,146679,1.64,100.0,146679.0,Refined / Articles
7404,Copper Waste And Scrap,2010,Mar,Brazil,105641,1.64,100.0,105641.00000000001,Refined / Articles
7404,Copper Waste And Scrap,2011,Apr,Brazil,134697,3.16,103.16,130570.95773555643,Refined / Articles
7404,Copper Waste And Scrap,2011,May,Brazil,179931,3.16,103.16,174419.3485847228,Refined / Articles
7404,Copper Waste And Scrap,2011,Jul,Brazil,268302,3.16,103.16,260083.3656455991,Refined / Articles
7404,Copper Waste And Scrap,2011,Oct,Brazil,138748,3.16,103.16,134497.8673904614,Refined / Articles
7404,Copper Waste And Scrap,2011,Nov,Brazil,265011,3.16,103.16,256893.17564947656,Refined / Articles
7404,Copper Waste And Scrap,2012,Apr,Brazil,175063,2.07,105.2954,166258.9248913058,Refined / Articles
7404,Copper Waste And Scrap,2012,May,Brazil,378602,2.07,105.2954,359561.76623100345,Refined / Articles
7404,Copper Waste And Scrap,2012,Jun,Brazil,632034,2.07,105.2954,600248.4439016329,Refined / Articles
7404,Copper Waste And Scrap,2012,Jul,Brazil,86219,2.07,105.2954,81882.96924651979,Refined / Articles
7404,Copper Waste And Scrap,2012,Aug,Brazil,149958,2.07,105.2954,142416.4778328398,Refined / Articles
7404,Copper Waste And Scrap,2012,Sep,Brazil,33951,2.07,105.2954,32243.5737933471,Refined / Articles
7404,Copper Waste And Scrap,2012,Oct,Brazil,335418,2.07,105.2954,318549.528279488,Refined / Articles
7404,Copper Waste And Scrap,2012,Nov,Brazil,203233,2.07,105.2954,193012.2303538426,Refined / Articles
7404,Copper Waste And Scrap,2012,Dec,Brazil,122340,2.07,105.2954,116187.41179576695,Refined / Articles
7404,Copper Waste And Scrap,2013,Jan,Brazil,384437,1.46,106.8327,359849.5591705536,Refined / Articles
7404,Copper Waste And Scrap,2013,Feb,Brazil,96724,1.46,106.8327,90537.82222109896,Refined / Articles
7404,Copper Waste And Scrap,2013,Mar,Brazil,46726,1.46,106.8327,43737.54477795656,Refined / Articles
7404,Copper Waste And Scrap,2013,Apr,Brazil,46909,1.46,106.8327,43908.840645233155,Refined / Articles
7404,Copper Waste And Scrap,2013,Jun,Brazil,45720,1.46,106.8327,42795.88552943059,Refined / Articles
7404,Copper Waste And Scrap,2013,Aug,Brazil,203299,1.46,106.8327,190296.60394242586,Refined / Articles
7404,Copper Waste And Scrap,2013,Sep,Brazil,106990,1.46,106.8327,100147.23956241862,Refined / Articles
7404,Copper Waste And Scrap,2013,Oct,Brazil,376313,1.46,106.8327,352245.1459150616,Refined / Articles
7404,Copper Waste And Scrap,2014,May,Brazil,179693,1.62,108.5634,165518.95021710815,Refined / Articles
7404,Copper Waste And Scrap,2014,Jun,Brazil,135798,1.62,108.5634,125086.35506994069,Refined / Articles
7404,Copper Waste And Scrap,2014,Oct,Brazil,97004,1.62,108.5634,89352.39684829325,Refined / Articles
7404,Copper Waste And Scrap,2014,Nov,Brazil,8400,1.62,108.5634,7737.414266686563,Refined / Articles
7404,Copper Waste And Scrap,2014,Dec,Brazil,109819,1.62,108.5634,101156.55920872043,Refined / Articles
7404,Copper Waste And Scrap,2015,Jan,Brazil,327745,0.12,108.6937,301530.81549344625,Refined / Articles
7404,Copper Waste And Scrap,2015,Feb,Brazil,156319,0.12,108.6937,143816.06293649034,Refined / Articles
7404,Copper Waste And Scrap,2015,Mar,Brazil,121567,0.12,108.6937,111843.64871193086,Refined / Articles
7404,Copper Waste And Scrap,2015,Apr,Brazil,147025,0.12,108.6937,135265.4293671114,Refined / Articles
7404,Copper Waste And Scrap,2015,May,Brazil,158698,0.12,108.6937,146004.78224588913,Refined / Articles
7404,Copper Waste And Scrap,2015,Jun,Brazil,441813,0.12,108.6937,406475.2602956749,Refined / Articles
7404,Copper Waste And Scrap,2015,Jul,Brazil,154410,0.12,108.6937,142059.751393135,Refined / Articles
7404,Copper Waste And Scrap,2015,Aug,Brazil,248483,0.12,108.6937,228608.4658080459,Refined / Articles
7404,Copper Waste And Scrap,2015,Sep,Brazil,246905,0.12,108.6937,227156.679733968,Refined / Articles
7404,Copper Waste And Scrap,2015,Oct,Brazil,292768,0.12,108.6937,269351.3975511,Refined / Articles
7404,Copper Waste And Scrap,2015,Nov,Brazil,500631,0.12,108.6937,460588.7921747074,Refined / Articles
7404,Copper Waste And Scrap,2015,Dec,Brazil,147115,0.12,108.6937,135348.23085422613,Refined / Articles
7404,Copper Waste And Scrap,2016,Jan,Brazil,364046,1.26,110.0632,330760.87193539715,Refined / Articles
7404,Copper Waste And Scrap,2016,Feb,Brazil,261526,1.26,110.0632,237614.38882387575,Refined / Articles
7404,Copper Waste And Scrap,2016,Mar,Brazil,86727,1.26,110.0632,78797.45455338387,Refined / Articles
7404,Copper Waste And Scrap,2016,May,Brazil,44294,1.26,110.0632,40244.150633454236,Refined / Articles
7404,Copper Waste And Scrap,2016,Jun,Brazil,237610,1.26,110.0632,215885.05513196054,Refined / Articles
7404,Copper Waste And Scrap,2016,Jul,Brazil,78563,1.26,110.0632,71379.89809491274,Refined / Articles
7404,Copper Waste And Scrap,2016,Aug,Brazil,20400,1.26,110.0632,18534.805457228213,Refined / Articles
7404,Copper Waste And Scrap,2016,Oct,Brazil,61347,1.26,110.0632,55737.975999244074,Refined / Articles
7404,Copper Waste And Scrap,2016,Dec,Brazil,22893,1.26,110.0632,20799.867712368894,Refined / Articles
7404,Copper Waste And Scrap,2017,Jan,Brazil,87361,2.13,112.4076,77718.054651109,Refined / Articles
7404,Copper Waste And Scrap,2017,Feb,Brazil,6280,2.13,112.4076,5586.810856205452,Refined / Articles
7404,Copper Waste And Scrap,2017,Mar,Brazil,3954,2.13,112.4076,3517.5557524580186,Refined / Articles
7404,Copper Waste And Scrap,2017,May,Brazil,107736,2.13,112.4076,95844.05324906856,Refined / Articles
7404,Copper Waste And Scrap,2017,Aug,Brazil,72872,2.13,112.4076,64828.35680149741,Refined / Articles
7404,Copper Waste And Scrap,2017,Sep,Brazil,142771,2.13,112.4076,127011.87464192812,Refined / Articles
7404,Copper Waste And Scrap,2017,Oct,Brazil,152645,2.13,112.4076,135795.97820787918,Refined / Articles
7404,Copper Waste And Scrap,2017,Nov,Brazil,163714,2.13,112.4076,145643.17715172283,Refined / Articles
7404,Copper Waste And Scrap,2018,Jan,Brazil,47545,2.44,115.1503,41289.514660404704,Refined / Articles
7404,Copper Waste And Scrap,2018,Feb,Brazil,54387,2.44,115.1503,47231.31420413147,Refined / Articles
7404,Copper Waste And Scrap,2018,Mar,Brazil,82018,2.44,115.1503,71226.90952607157,Refined / Articles
7404,Copper Waste And Scrap,2018,Apr,Brazil,5000,2.44,115.1503,4342.151084278547,Refined / Articles
7404,Copper Waste And Scrap,2018,May,Brazil,192150,2.44,115.1503,166868.86616882458,Refined / Articles
7404,Copper Waste And Scrap,2018,Jul,Brazil,335053,2.44,115.1503,290970.149448156,Refined / Articles
7404,Copper Waste And Scrap,2018,Aug,Brazil,44989,2.44,115.1503,39069.80702612151,Refined / Articles
7404,Copper Waste And Scrap,2018,Sep,Brazil,101670,2.44,115.1503,88293.30014771999,Refined / Articles
7404,Copper Waste And Scrap,2018,Oct,Brazil,224455,2.44,115.1503,194923.50432434827,Refined / Articles
7404,Copper Waste And Scrap,2018,Nov,Brazil,339640,2.44,115.1503,294953.6388528732,Refined / Articles
7404,Copper Waste And Scrap,2018,Dec,Brazil,634465,2.44,115.1503,550988.5775373577,Refined / Articles
7404,Copper Waste And Scrap,2019,Jan,Brazil,376776,1.81,117.2345,321386.6225385872,Refined / Articles
7404,Copper Waste And Scrap,2019,Feb,Brazil,129578,1.81,117.2345,110528.89721029218,Refined / Articles
7404,Copper Waste And Scrap,2019,Mar,Brazil,249176,1.81,117.2345,212544.9419752718,Refined / Articles
7404,Copper Waste And Scrap,2019,Apr,Brazil,64946,1.81,117.2345,55398.36822778278,Refined / Articles
7404,Copper Waste And Scrap,2019,May,Brazil,44791,1.81,117.2345,38206.33004789546,Refined / Articles
7404,Copper Waste And Scrap,2019,Jun,Brazil,511056,1.81,117.2345,435926.2844981639,Refined / Articles
7404,Copper Waste And Scrap,2019,Aug,Brazil,9139,1.81,117.2345,7795.486823418021,Refined / Articles
7404,Copper Waste And Scrap,2019,Sep,Brazil,36618,1.81,117.2345,31234.83274974517,Refined / Articles
7404,Copper Waste And Scrap,2019,Oct,Brazil,23606,1.81,117.2345,20135.710904213352,Refined / Articles
7404,Copper Waste And Scrap,2019,Nov,Brazil,25000,1.81,117.2345,21324.78067463076,Refined / Articles
7404,Copper Waste And Scrap,2019,Dec,Brazil,6694,1.81,117.2345,5709.923273439133,Refined / Articles
7404,Copper Waste And Scrap,2020,Feb,Brazil,15020,1.23,118.6765,12656.254608115338,Refined / Articles
7404,Copper Waste And Scrap,2020,Mar,Brazil,100013,1.23,118.6765,84273.63462859116,Refined / Articles
7404,Copper Waste And Scrap,2020,Apr,Brazil,10000,1.23,118.6765,8426.268048012875,Refined / Articles
7404,Copper Waste And Scrap,2020,Jun,Brazil,64737,1.23,118.6765,54549.13146242095,Refined / Articles
7404,Copper Waste And Scrap,2020,Jul,Brazil,178584,1.23,118.6765,150479.66530863312,Refined / Articles
7404,Copper Waste And Scrap,2020,Aug,Brazil,79396,1.23,118.6765,66901.19779400302,Refined / Articles
7404,Copper Waste And Scrap,2020,Oct,Brazil,5000,1.23,118.6765,4213.134024006437,Refined / Articles
7404,Copper Waste And Scrap,2020,Nov,Brazil,39201,1.23,118.6765,33031.81337501527,Refined / Articles
7404,Copper Waste And Scrap,2021,Jan,Brazil,76939,4.7,124.2543,61920.59349253909,Refined / Articles
7404,Copper Waste And Scrap,2021,Feb,Brazil,6705,4.7,124.2543,5396.191520132503,Refined / Articles
7404,Copper Waste And Scrap,2021,Apr,Brazil,15148,4.7,124.2543,12191.127389555131,Refined / Articles
7404,Copper Waste And Scrap,2021,May,Brazil,179612,4.7,124.2543,144551.93904758224,Refined / Articles
7404,Copper Waste And Scrap,2021,Aug,Brazil,69178,4.7,124.2543,55674.531988027775,Refined / Articles
7404,Copper Waste And Scrap,2021,Nov,Brazil,106454,4.7,124.2543,85674.29859570252,Refined / Articles
7404,Copper Waste And Scrap,2021,Dec,Brazil,29950,4.7,124.2543,24103.79359104675,Refined / Articles
7404,Copper Waste And Scrap,2022,Jan,Brazil,650656,8.0,134.1947,484859.68521856674,Refined / Articles
7404,Copper Waste And Scrap,2022,Feb,Brazil,34992,8.0,134.1947,26075.54545745845,Refined / Articles
7404,Copper Waste And Scrap,2022,May,Brazil,112008,8.0,134.1947,83466.78371053401,Refined / Articles
7404,Copper Waste And Scrap,2022,Jun,Brazil,34844,8.0,134.1947,25965.257942377753,Refined / Articles
7404,Copper Waste And Scrap,2022,Sep,Brazil,20000,8.0,134.1947,14903.718254148635,Refined / Articles
7404,Copper Waste And Scrap,2022,Nov,Brazil,40000,8.0,134.1947,29807.43650829727,Refined / Articles
7404,Copper Waste And Scrap,2023,Feb,Brazil,567191,4.12,139.7235,405938.15643037856,Refined / Articles
7404,Copper Waste And Scrap,2023,Apr,Brazil,499095,4.12,139.7235,357201.9023285274,Refined / Articles
7404,Copper Waste And Scrap,2023,May,Brazil,40000,4.12,139.7235,28627.96880982798,Refined / Articles
7404,Copper Waste And Scrap,2023,Jun,Brazil,711121,4.12,139.7235,508948.7452003421,Refined / Articles
7404,Copper Waste And Scrap,2023,Aug,Brazil,40000,4.12,139.7235,28627.96880982798,Refined / Articles
7404,Copper Waste And Scrap,2023,Nov,Brazil,20000,4.12,139.7235,14313.98440491399,Refined / Articles
7404,Copper Waste And Scrap,2024,Feb,Brazil,16226,2.9,143.7755,11285.650197704059,Refined / Articles
7404,Copper Waste And Scrap,2024,May,Brazil,105364,2.9,143.7755,73283.6957617953,Refined / Articles
7404,Copper Waste And Scrap,2024,Jun,Brazil,20000,2.9,143.7755,13910.575863064292,Refined / Articles
7404,Copper Waste And Scrap,2024,Jul,Brazil,87859,2.9,143.7755,61108.46423764829,Refined / Articles
7404,Copper Waste And Scrap,2024,Aug,Brazil,24990,2.9,143.7755,17381.264540898832,Refined / Articles
7404,Copper Waste And Scrap,2024,Nov,Brazil,15000,2.9,143.7755,10432.93189729822,Refined / Articles
7404,Copper Waste And Scrap,2025,Feb,Brazil,20000,2.8,147.8012,13531.689864493657,Refined / Articles
7404,Copper Waste And Scrap,2025,Apr,Brazil,28978,2.8,147.8012,19606.065444664862,Refined / Articles
7404,Copper Waste And Scrap,2025,Jun,Brazil,19748,2.8,147.8012,13361.19057220104,Refined / Articles
7404,Copper Waste And Scrap,2010,Apr,Chile,19496,1.64,100.0,19496.0,Refined / Articles
7404,Copper Waste And Scrap,2010,Jun,Chile,19668,1.64,100.0,19668.0,Refined / Articles
7404,Copper Waste And Scrap,2010,Jul,Chile,53334,1.64,100.0,53334.0,Refined / Articles
7404,Copper Waste And Scrap,2010,Aug,Chile,51110,1.64,100.0,51110.0,Refined / Articles
7404,Copper Waste And Scrap,2010,Sep,Chile,52735,1.64,100.0,52735.0,Refined / Articles
7404,Copper Waste And Scrap,2010,Nov,Chile,31592,1.64,100.0,31592.0,Refined / Articles
7404,Copper Waste And Scrap,2010,Dec,Chile,63017,1.64,100.0,63016.99999999999,Refined / Articles
7404,Copper Waste And Scrap,2011,Feb,Chile,1424535,3.16,103.16,1380898.6041101203,Refined / Articles
7404,Copper Waste And Scrap,2011,Mar,Chile,28657,3.16,103.16,27779.177975959676,Refined / Articles
7404,Copper Waste And Scrap,2011,Apr,Chile,33909,3.16,103.16,32870.2985653354,Refined / Articles
7404,Copper Waste And Scrap,2011,May,Chile,32162,3.16,103.16,31176.812718107794,Refined / Articles
7404,Copper Waste And Scrap,2011,Jun,Chile,377430,3.16,103.16,365868.5537029857,Refined / Articles
7404,Copper Waste And Scrap,2011,Jul,Chile,30875,3.16,103.16,29929.236138038,Refined / Articles
7404,Copper Waste And Scrap,2011,Sep,Chile,28426,3.16,103.16,27555.253974408686,Refined / Articles
7404,Copper Waste And Scrap,2011,Oct,Chile,129984,3.16,103.16,126002.32648313299,Refined / Articles
7404,Copper Waste And Scrap,2011,Nov,Chile,75112,3.16,103.16,72811.16711903838,Refined / Articles
7404,Copper Waste And Scrap,2011,Dec,Chile,34958,3.16,103.16,33887.16556804963,Refined / Articles
7404,Copper Waste And Scrap,2012,Jan,Chile,66698,2.07,105.2954,63343.697825356096,Refined / Articles
7404,Copper Waste And Scrap,2012,Feb,Chile,38350,2.07,105.2954,36421.34414228922,Refined / Articles
7404,Copper Waste And Scrap,2012,Mar,Chile,147583,2.07,105.2954,140160.91871059893,Refined / Articles
7404,Copper Waste And Scrap,2012,Apr,Chile,39816,2.07,105.2954,37813.61768890189,Refined / Articles
7404,Copper Waste And Scrap,2012,May,Chile,184353,2.07,105.2954,175081.72246840794,Refined / Articles
7404,Copper Waste And Scrap,2012,Jun,Chile,193336,2.07,105.2954,183612.95935055093,Refined / Articles
7404,Copper Waste And Scrap,2012,Jul,Chile,156285,2.07,105.2954,148425.28733448943,Refined / Articles
7404,Copper Waste And Scrap,2012,Aug,Chile,306846,2.07,105.2954,291414.4397571024,Refined / Articles
7404,Copper Waste And Scrap,2012,Nov,Chile,46074,2.07,105.2954,43756.89726236853,Refined / Articles
7404,Copper Waste And Scrap,2013,Feb,Chile,113778,1.46,106.8327,106501.09938249242,Refined / Articles
7404,Copper Waste And Scrap,2013,Jun,Chile,57192,1.46,106.8327,53534.170717392706,Refined / Articles
7404,Copper Waste And Scrap,2013,Jul,Chile,37453,1.46,106.8327,35057.618126285306,Refined / Articles
7404,Copper Waste And Scrap,2013,Oct,Chile,16020,1.46,106.8327,14995.408709131192,Refined / Articles
7404,Copper Waste And Scrap,2013,Nov,Chile,115541,1.46,106.8327,108151.34317488932,Refined / Articles
7404,Copper Waste And Scrap,2014,Apr,Chile,75316,1.62,108.5634,69375.13010830538,Refined / Articles
7404,Copper Waste And Scrap,2014,Oct,Chile,35421,1.62,108.5634,32627.017945274372,Refined / Articles
7404,Copper Waste And Scrap,2014,Nov,Chile,57258,1.62,108.5634,52741.531676421335,Refined / Articles
7404,Copper Waste And Scrap,2014,Dec,Chile,154638,1.62,108.5634,142440.26992522343,Refined / Articles
7404,Copper Waste And Scrap,2015,Jan,Chile,66893,0.12,108.6937,61542.66530626889,Refined / Articles
7404,Copper Waste And Scrap,2015,Mar,Chile,10410,0.12,108.6937,9577.372009601293,Refined / Articles
7404,Copper Waste And Scrap,2015,May,Chile,659382,0.12,108.6937,606642.3352963418,Refined / Articles
7404,Copper Waste And Scrap,2015,Jun,Chile,586506,0.12,108.6937,539595.2111299918,Refined / Articles
7404,Copper Waste And Scrap,2015,Jul,Chile,118905,0.12,108.6937,109394.5647263825,Refined / Articles
7404,Copper Waste And Scrap,2015,Aug,Chile,34692,0.12,108.6937,31917.213233149665,Refined / Articles
7404,Copper Waste And Scrap,2015,Nov,Chile,141347,0.12,108.6937,130041.5755466968,Refined / Articles
7404,Copper Waste And Scrap,2015,Dec,Chile,41884,0.12,108.6937,38533.97207013838,Refined / Articles
7404,Copper Waste And Scrap,2016,Jan,Chile,50963,1.26,110.0632,46303.396593956924,Refined / Articles
7404,Copper Waste And Scrap,2016,Apr,Chile,36970,1.26,110.0632,33589.792046751325,Refined / Articles
7404,Copper Waste And Scrap,2016,May,Chile,45856,1.26,110.0632,41663.33524738514,Refined / Articles
7404,Copper Waste And Scrap,2016,Jun,Chile,27538,1.26,110.0632,25020.17022946816,Refined / Articles
7404,Copper Waste And Scrap,2016,Jul,Chile,32886,1.26,110.0632,29879.196679725836,Refined / Articles
7404,Copper Waste And Scrap,2016,Aug,Chile,75182,1.26,110.0632,68308.02666104566,Refined / Articles
7404,Copper Waste And Scrap,2016,Sep,Chile,126262,1.26,110.0632,114717.72581571316,Refined / Articles
7404,Copper Waste And Scrap,2016,Oct,Chile,47489,1.26,110.0632,43147.02825285836,Refined / Articles
7404,Copper Waste And Scrap,2016,Dec,Chile,42404,1.26,110.0632,38526.955421975734,Refined / Articles
7404,Copper Waste And Scrap,2017,Jan,Chile,30559,2.13,112.4076,27185.884228468534,Refined / Articles
7404,Copper Waste And Scrap,2017,Feb,Chile,51449,2.13,112.4076,45770.03690141947,Refined / Articles
7404,Copper Waste And Scrap,2017,Mar,Chile,106430,2.13,112.4076,94682.21009967297,Refined / Articles
7404,Copper Waste And Scrap,2017,Apr,Chile,176528,2.13,112.4076,157042.7622331586,Refined / Articles
7404,Copper Waste And Scrap,2017,May,Chile,29816,2.13,112.4076,26524.896893092635,Refined / Articles
7404,Copper Waste And Scrap,2017,Jun,Chile,116972,2.13,112.4076,104060.57953376816,Refined / Articles
7404,Copper Waste And Scrap,2017,Jul,Chile,75861,2.13,112.4076,67487.42967557354,Refined / Articles
7404,Copper Waste And Scrap,2017,Aug,Chile,110953,2.13,112.4076,98705.95938352923,Refined / Articles
7404,Copper Waste And Scrap,2017,Sep,Chile,226147,2.13,112.4076,201184.7953341233,Refined / Articles
7404,Copper Waste And Scrap,2017,Nov,Chile,106692,2.13,112.4076,94915.29042520256,Refined / Articles
7404,Copper Waste And Scrap,2017,Dec,Chile,20294,2.13,112.4076,18053.939413349275,Refined / Articles
7404,Copper Waste And Scrap,2018,Jan,Chile,26259,2.44,115.1503,22804.109064414075,Refined / Articles
7404,Copper Waste And Scrap,2018,Mar,Chile,168744,2.44,115.1503,146542.38851309984,Refined / Articles
7404,Copper Waste And Scrap,2018,Apr,Chile,136147,2.44,115.1503,118234.16873425426,Refined / Articles
7404,Copper Waste And Scrap,2018,May,Chile,221822,2.44,115.1503,192636.92756336718,Refined / Articles
7404,Copper Waste And Scrap,2018,Jun,Chile,106730,2.44,115.1503,92687.55704500987,Refined / Articles
7404,Copper Waste And Scrap,2018,Jul,Chile,366705,2.44,115.1503,318457.7026720729,Refined / Articles
7404,Copper Waste And Scrap,2018,Aug,Chile,416088,2.44,115.1503,361343.39207105845,Refined / Articles
7404,Copper Waste And Scrap,2018,Sep,Chile,22641,2.44,115.1503,19662.12853983012,Refined / Articles
7404,Copper Waste And Scrap,2018,Oct,Chile,66534,2.44,115.1503,57780.13604827777,Refined / Articles
7404,Copper Waste And Scrap,2018,Nov,Chile,111611,2.44,115.1503,96926.36493348259,Refined / Articles
7404,Copper Waste And Scrap,2019,Jan,Chile,12732,1.81,117.2345,10860.284301975955,Refined / Articles
7404,Copper Waste And Scrap,2019,Feb,Chile,11781,1.81,117.2345,10049.089645113,Refined / Articles
7404,Copper Waste And Scrap,2019,Mar,Chile,3252716,1.81,117.2345,2774538.211874491,Refined / Articles
7404,Copper Waste And Scrap,2019,Apr,Chile,3533537,1.81,117.2345,3014076.0612277105,Refined / Articles
7404,Copper Waste And Scrap,2019,May,Chile,163400,1.81,117.2345,139378.76648938665,Refined / Articles
7404,Copper Waste And Scrap,2019,Jun,Chile,107348,1.81,117.2345,91566.90223441052,Refined / Articles
7404,Copper Waste And Scrap,2019,Aug,Chile,127703,1.81,117.2345,108929.5386596949,Refined / Articles
7404,Copper Waste And Scrap,2019,Sep,Chile,86426,1.81,117.2345,73720.61978342553,Refined / Articles
7404,Copper Waste And Scrap,2020,Apr,Chile,61645,1.23,118.6765,51943.72938197537,Refined / Articles
7404,Copper Waste And Scrap,2020,May,Chile,59329,1.23,118.6765,49992.20570205559,Refined / Articles
7404,Copper Waste And Scrap,2020,Oct,Chile,134081,1.23,118.6765,112980.24461456144,Refined / Articles
7404,Copper Waste And Scrap,2020,Dec,Chile,502515,1.23,118.6765,423432.60881471896,Refined / Articles
7404,Copper Waste And Scrap,2021,Jul,Chile,410627,4.7,124.2543,330473.07014727057,Refined / Articles
7404,Copper Waste And Scrap,2021,Dec,Chile,294260,4.7,124.2543,236820.77803343628,Refined / Articles
7404,Copper Waste And Scrap,2022,Feb,Chile,104763,8.0,134.1947,78067.91177296867,Refined / Articles
7404,Copper Waste And Scrap,2022,Sep,Chile,180670,8.0,134.1947,134632.7388488517,Refined / Articles
7404,Copper Waste And Scrap,2023,Jul,Chile,123800,4.12,139.7235,88603.5634664176,Refined / Articles
7404,Copper Waste And Scrap,2024,Jul,Chile,75920,2.9,143.7755,52804.54597619205,Refined / Articles
7404,Copper Waste And Scrap,2024,Aug,Chile,200823,2.9,143.7755,139678.178827408,Refined / Articles
7404,Copper Waste And Scrap,2024,Nov,Chile,502493,2.9,143.7755,349498.3498579383,Refined / Articles
7404,Copper Waste And Scrap,2025,Jan,Chile,106330,2.8,147.8012,71941.22916458054,Refined / Articles
7404,Copper Waste And Scrap,2025,Apr,Chile,92450,2.8,147.8012,62550.23639862194,Refined / Articles
7404,Copper Waste And Scrap,2025,Oct,Chile,40543,2.8,147.8012,27430.765108808322,Refined / Articles
7404,Copper Waste And Scrap,2025,Dec,Chile,14577,2.8,147.8012,9862.572157736204,Refined / Articles
7404,Copper Waste And Scrap,2010,Jan,Colombia,127448,1.64,100.0,127448.0,Refined / Articles
7404,Copper Waste And Scrap,2010,May,Colombia,208517,1.64,100.0,208517.0,Refined / Articles
7404,Copper Waste And Scrap,2010,Jun,Colombia,258446,1.64,100.0,258446.0,Refined / Articles
7404,Copper Waste And Scrap,2010,Jul,Colombia,253777,1.64,100.0,253777.0,Refined / Articles
7404,Copper Waste And Scrap,2010,Aug,Colombia,284315,1.64,100.0,284315.0,Refined / Articles
7404,Copper Waste And Scrap,2010,Sep,Colombia,351232,1.64,100.0,351232.0,Refined / Articles
7404,Copper Waste And Scrap,2010,Oct,Colombia,282813,1.64,100.0,282813.0,Refined / Articles
7404,Copper Waste And Scrap,2010,Nov,Colombia,339385,1.64,100.0,339385.0,Refined / Articles
7404,Copper Waste And Scrap,2010,Dec,Colombia,152118,1.64,100.0,152118.0,Refined / Articles
7404,Copper Waste And Scrap,2011,Jan,Colombia,384696,3.16,103.16,372911.98138813494,Refined / Articles
7404,Copper Waste And Scrap,2011,Feb,Colombia,335224,3.16,103.16,324955.40907328425,Refined / Articles
7404,Copper Waste And Scrap,2011,Mar,Colombia,164976,3.16,103.16,159922.45056223343,Refined / Articles
7404,Copper Waste And Scrap,2011,Apr,Colombia,155114,3.16,103.16,150362.54362155875,Refined / Articles
7404,Copper Waste And Scrap,2011,Jun,Colombia,203245,3.16,103.16,197019.19348584724,Refined / Articles
7404,Copper Waste And Scrap,2011,Jul,Colombia,183493,3.16,103.16,177872.2373012796,Refined / Articles
7404,Copper Waste And Scrap,2011,Aug,Colombia,328546,3.16,103.16,318481.9697557193,Refined / Articles
7404,Copper Waste And Scrap,2011,Sep,Colombia,290573,3.16,103.16,281672.1597518418,Refined / Articles
7404,Copper Waste And Scrap,2011,Oct,Colombia,191242,3.16,103.16,185383.86971694455,Refined / Articles
7404,Copper Waste And Scrap,2011,Nov,Colombia,191133,3.16,103.16,185278.20860798762,Refined / Articles
7404,Copper Waste And Scrap,2011,Dec,Colombia,299172,3.16,103.16,290007.75494377664,Refined / Articles
7404,Copper Waste And Scrap,2012,Feb,Colombia,953644,2.07,105.2954,905684.3888716886,Refined / Articles
7404,Copper Waste And Scrap,2012,Mar,Colombia,680949,2.07,105.2954,646703.4647287535,Refined / Articles
7404,Copper Waste And Scrap,2012,Apr,Colombia,397768,2.07,105.2954,377763.89092021115,Refined / Articles
7404,Copper Waste And Scrap,2012,Jun,Colombia,644176,2.07,105.2954,611779.8118436323,Refined / Articles
7404,Copper Waste And Scrap,2012,Jul,Colombia,491692,2.07,105.2954,466964.36881383235,Refined / Articles
7404,Copper Waste And Scrap,2012,Sep,Colombia,380942,2.07,105.2954,361784.0855346008,Refined / Articles
7404,Copper Waste And Scrap,2012,Oct,Colombia,596814,2.07,105.2954,566799.6892551811,Refined / Articles
7404,Copper Waste And Scrap,2012,Nov,Colombia,626222,2.07,105.2954,594728.7345885955,Refined / Articles
7404,Copper Waste And Scrap,2012,Dec,Colombia,252702,2.07,105.2954,239993.39002463545,Refined / Articles
7404,Copper Waste And Scrap,2013,Jan,Colombia,228158,1.46,106.8327,213565.69664531553,Refined / Articles
7404,Copper Waste And Scrap,2013,Feb,Colombia,226963,1.46,106.8327,212447.12527156947,Refined / Articles
7404,Copper Waste And Scrap,2013,Mar,Colombia,801706,1.46,106.8327,750431.2818079108,Refined / Articles
7404,Copper Waste And Scrap,2013,Apr,Colombia,475889,1.46,106.8327,445452.56274530175,Refined / Articles
7404,Copper Waste And Scrap,2013,May,Colombia,173204,1.46,106.8327,162126.3901408464,Refined / Articles
7404,Copper Waste And Scrap,2013,Jun,Colombia,183850,1.46,106.8327,172091.50381858737,Refined / Articles
7404,Copper Waste And Scrap,2013,Jul,Colombia,70015,1.46,106.8327,65537.04998563173,Refined / Articles
7404,Copper Waste And Scrap,2013,Oct,Colombia,421886,1.46,106.8327,394903.4331248765,Refined / Articles
7404,Copper Waste And Scrap,2013,Nov,Colombia,374578,1.46,106.8327,350621.111326401,Refined / Articles
7404,Copper Waste And Scrap,2013,Dec,Colombia,335824,1.46,106.8327,314345.7012693679,Refined / Articles
7404,Copper Waste And Scrap,2014,Jan,Colombia,74543,1.62,108.5634,68663.103771621,Refined / Articles
7404,Copper Waste And Scrap,2014,Mar,Colombia,151925,1.62,108.5634,139941.26934123287,Refined / Articles
7404,Copper Waste And Scrap,2014,Apr,Colombia,173485,1.62,108.5634,159800.63262572838,Refined / Articles
7404,Copper Waste And Scrap,2014,May,Colombia,309376,1.62,108.5634,284972.65192505025,Refined / Articles
7404,Copper Waste And Scrap,2014,Jun,Colombia,462928,1.62,108.5634,426412.5847200806,Refined / Articles
7404,Copper Waste And Scrap,2014,Jul,Colombia,273017,1.62,108.5634,251481.62271999585,Refined / Articles
7404,Copper Waste And Scrap,2014,Aug,Colombia,508434,1.62,108.5634,468329.105389109,Refined / Articles
7404,Copper Waste And Scrap,2014,Sep,Colombia,661482,1.62,108.5634,609304.7933281382,Refined / Articles
7404,Copper Waste And Scrap,2014,Oct,Colombia,447478,1.62,108.5634,412181.2691938535,Refined / Articles
7404,Copper Waste And Scrap,2014,Nov,Colombia,408145,1.62,108.5634,375950.82689009374,Refined / Articles
7404,Copper Waste And Scrap,2014,Dec,Colombia,102160,1.62,108.5634,94101.69541484515,Refined / Articles
7404,Copper Waste And Scrap,2015,Jan,Colombia,359459,0.12,108.6937,330708.21951962257,Refined / Articles
7404,Copper Waste And Scrap,2015,Feb,Colombia,514865,0.12,108.6937,473684.30737016036,Refined / Articles
7404,Copper Waste And Scrap,2015,Mar,Colombia,345452,0.12,108.6937,317821.54807500343,Refined / Articles
7404,Copper Waste And Scrap,2015,Apr,Colombia,574983,0.12,108.6937,528993.8607297386,Refined / Articles
7404,Copper Waste And Scrap,2015,May,Colombia,372817,0.12,108.6937,342997.8002404923,Refined / Articles
7404,Copper Waste And Scrap,2015,Jun,Colombia,906518,0.12,108.6937,834011.5388472377,Refined / Articles
7404,Copper Waste And Scrap,2015,Jul,Colombia,579203,0.12,108.6937,532876.330458895,Refined / Articles
7404,Copper Waste And Scrap,2015,Aug,Colombia,493685,0.12,108.6937,454198.3574024989,Refined / Articles
7404,Copper Waste And Scrap,2015,Sep,Colombia,545517,0.12,108.6937,501884.6538483831,Refined / Articles
7404,Copper Waste And Scrap,2015,Oct,Colombia,218707,0.12,108.6937,201214.0538044063,Refined / Articles
7404,Copper Waste And Scrap,2015,Nov,Colombia,613759,0.12,108.6937,564668.4214448491,Refined / Articles
7404,Copper Waste And Scrap,2015,Dec,Colombia,395472,0.12,108.6937,363840.77458031144,Refined / Articles
7404,Copper Waste And Scrap,2016,Jan,Colombia,369783,1.26,110.0632,335973.3316857951,Refined / Articles
7404,Copper Waste And Scrap,2016,Feb,Colombia,223363,1.26,110.0632,202940.67408543456,Refined / Articles
7404,Copper Waste And Scrap,2016,Mar,Colombia,401312,1.26,110.0632,364619.60037505726,Refined / Articles
7404,Copper Waste And Scrap,2016,Apr,Colombia,390341,1.26,110.0632,354651.69102842733,Refined / Articles
7404,Copper Waste And Scrap,2016,May,Colombia,272822,1.26,110.0632,247877.58306136838,Refined / Articles
7404,Copper Waste And Scrap,2016,Jun,Colombia,508179,1.26,110.0632,461715.6324729792,Refined / Articles
7404,Copper Waste And Scrap,2016,Jul,Colombia,468338,1.26,110.0632,425517.3391287915,Refined / Articles
7404,Copper Waste And Scrap,2016,Aug,Colombia,360920,1.26,110.0632,327920.68556974543,Refined / Articles
7404,Copper Waste And Scrap,2016,Sep,Colombia,519572,1.26,110.0632,472066.95789328316,Refined / Articles
7404,Copper Waste And Scrap,2016,Oct,Colombia,376898,1.26,110.0632,342437.79937345086,Refined / Articles
7404,Copper Waste And Scrap,2016,Nov,Colombia,631509,1.26,110.0632,573769.4342886632,Refined / Articles
7404,Copper Waste And Scrap,2016,Dec,Colombia,227440,1.26,110.0632,206644.9094701953,Refined / Articles
7404,Copper Waste And Scrap,2017,Jan,Colombia,360649,2.13,112.4076,320840.4058088599,Refined / Articles
7404,Copper Waste And Scrap,2017,Feb,Colombia,312776,2.13,112.4076,278251.6484650504,Refined / Articles
7404,Copper Waste And Scrap,2017,Mar,Colombia,1046244,2.13,112.4076,930759.130165576,Refined / Articles
7404,Copper Waste And Scrap,2017,Apr,Colombia,874269,2.13,112.4076,777766.8058031664,Refined / Articles
7404,Copper Waste And Scrap,2017,May,Colombia,470035,2.13,112.4076,418152.331337027,Refined / Articles
7404,Copper Waste And Scrap,2017,Jun,Colombia,544559,2.13,112.4076,484450.3396567492,Refined / Articles
7404,Copper Waste And Scrap,2017,Jul,Colombia,576150,2.13,112.4076,512554.31127432664,Refined / Articles
7404,Copper Waste And Scrap,2017,Aug,Colombia,386283,2.13,112.4076,343644.91368910996,Refined / Articles
7404,Copper Waste And Scrap,2017,Sep,Colombia,625006,2.13,112.4076,556017.5646486536,Refined / Articles
7404,Copper Waste And Scrap,2017,Oct,Colombia,1070564,2.13,112.4076,952394.6779399257,Refined / Articles
7404,Copper Waste And Scrap,2017,Nov,Colombia,849998,2.13,112.4076,756174.849387408,Refined / Articles
7404,Copper Waste And Scrap,2017,Dec,Colombia,404609,2.13,112.4076,359948.0818022981,Refined / Articles
7404,Copper Waste And Scrap,2018,Jan,Colombia,431075,2.44,115.1503,374358.55573107494,Refined / Articles
7404,Copper Waste And Scrap,2018,Feb,Colombia,409275,2.44,115.1503,355426.77700362046,Refined / Articles
7404,Copper Waste And Scrap,2018,Mar,Colombia,479885,2.44,115.1503,416746.63461580215,Refined / Articles
7404,Copper Waste And Scrap,2018,Apr,Colombia,1035940,2.44,115.1503,899641.5988495037,Refined / Articles
7404,Copper Waste And Scrap,2018,May,Colombia,429893,2.44,115.1503,373332.07121475146,Refined / Articles
7404,Copper Waste And Scrap,2018,Jun,Colombia,512999,2.44,115.1503,445503.83281676203,Refined / Articles
7404,Copper Waste And Scrap,2018,Jul,Colombia,794155,2.44,115.1503,689668.1988670459,Refined / Articles
7404,Copper Waste And Scrap,2018,Aug,Colombia,790854,2.44,115.1503,686801.5107212053,Refined / Articles
7404,Copper Waste And Scrap,2018,Sep,Colombia,169788,2.44,115.1503,147449.0296594972,Refined / Articles
7404,Copper Waste And Scrap,2018,Oct,Colombia,93476,2.44,115.1503,81177.3829508043,Refined / Articles
7404,Copper Waste And Scrap,2018,Nov,Colombia,470723,2.44,115.1503,408790.0769689701,Refined / Articles
7404,Copper Waste And Scrap,2018,Dec,Colombia,235247,2.44,115.1503,204295.6032246551,Refined / Articles
7404,Copper Waste And Scrap,2019,Jan,Colombia,951650,1.81,117.2345,811749.1011604946,Refined / Articles
7404,Copper Waste And Scrap,2019,Feb,Colombia,203082,1.81,117.2345,173227.16435861457,Refined / Articles
7404,Copper Waste And Scrap,2019,Mar,Colombia,646640,1.81,117.2345,551578.2470177294,Refined / Articles
7404,Copper Waste And Scrap,2019,Apr,Colombia,423347,1.81,117.2345,361111.27697051637,Refined / Articles
7404,Copper Waste And Scrap,2019,May,Colombia,569276,1.81,117.2345,485587.4337332441,Refined / Articles
7404,Copper Waste And Scrap,2019,Jun,Colombia,415668,1.81,117.2345,354561.15733849676,Refined / Articles
7404,Copper Waste And Scrap,2019,Jul,Colombia,602372,1.81,117.2345,513818.0313815473,Refined / Articles
7404,Copper Waste And Scrap,2019,Aug,Colombia,649888,1.81,117.2345,554348.7625229774,Refined / Articles
7404,Copper Waste And Scrap,2019,Sep,Colombia,372277,1.81,117.2345,317549.01500838064,Refined / Articles
7404,Copper Waste And Scrap,2019,Oct,Colombia,366454,1.81,117.2345,312582.0470936456,Refined / Articles
7404,Copper Waste And Scrap,2019,Nov,Colombia,263630,1.81,117.2345,224874.0771701163,Refined / Articles
7404,Copper Waste And Scrap,2019,Dec,Colombia,664863,1.81,117.2345,567122.3061470813,Refined / Articles
7404,Copper Waste And Scrap,2020,Jan,Colombia,396965,1.23,118.6765,334493.3495679431,Refined / Articles
7404,Copper Waste And Scrap,2020,Feb,Colombia,220066,1.23,118.6765,185433.51042540013,Refined / Articles
7404,Copper Waste And Scrap,2020,Mar,Colombia,409277,1.23,118.6765,344867.77078865655,Refined / Articles
7404,Copper Waste And Scrap,2020,Apr,Colombia,379916,1.23,118.6765,320127.4051728859,Refined / Articles
7404,Copper Waste And Scrap,2020,May,Colombia,135503,1.23,118.6765,114178.45993098886,Refined / Articles
7404,Copper Waste And Scrap,2020,Jun,Colombia,329616,1.23,118.6765,277743.2768913812,Refined / Articles
7404,Copper Waste And Scrap,2020,Jul,Colombia,146695,1.23,118.6765,123609.13913032487,Refined / Articles
7404,Copper Waste And Scrap,2020,Aug,Colombia,591023,1.23,118.6765,498011.8220540713,Refined / Articles
7404,Copper Waste And Scrap,2020,Sep,Colombia,140996,1.23,118.6765,118807.00896976235,Refined / Articles
7404,Copper Waste And Scrap,2020,Oct,Colombia,333305,1.23,118.6765,280851.72717429313,Refined / Articles
7404,Copper Waste And Scrap,2020,Nov,Colombia,217197,1.23,118.6765,183016.01412242523,Refined / Articles
7404,Copper Waste And Scrap,2020,Dec,Colombia,437017,1.23,118.6765,368242.23835384427,Refined / Articles
7404,Copper Waste And Scrap,2021,Jan,Colombia,231445,4.7,124.2543,186267.19558196375,Refined / Articles
7404,Copper Waste And Scrap,2021,Feb,Colombia,240057,4.7,124.2543,193198.14284093186,Refined / Articles
7404,Copper Waste And Scrap,2021,Mar,Colombia,109838,4.7,124.2543,88397.74559109825,Refined / Articles
7404,Copper Waste And Scrap,2021,Apr,Colombia,572246,4.7,124.2543,460544.2226144286,Refined / Articles
7404,Copper Waste And Scrap,2021,May,Colombia,190991,4.7,124.2543,153709.7710099369,Refined / Articles
7404,Copper Waste And Scrap,2021,Jun,Colombia,476144,4.7,124.2543,383201.22522922745,Refined / Articles
7404,Copper Waste And Scrap,2021,Jul,Colombia,171066,4.7,124.2543,137674.10866263782,Refined / Articles
7404,Copper Waste And Scrap,2021,Aug,Colombia,546204,4.7,124.2543,439585.5918064807,Refined / Articles
7404,Copper Waste And Scrap,2021,Sep,Colombia,550520,4.7,124.2543,443059.11344718054,Refined / Articles
7404,Copper Waste And Scrap,2021,Oct,Colombia,358695,4.7,124.2543,288678.13830185356,Refined / Articles
7404,Copper Waste And Scrap,2021,Nov,Colombia,221042,4.7,124.2543,177894.84951426229,Refined / Articles
7404,Copper Waste And Scrap,2021,Dec,Colombia,138145,4.7,124.2543,111179.25093940413,Refined / Articles
7404,Copper Waste And Scrap,2022,Jan,Colombia,255764,8.0,134.1947,190591.72977770356,Refined / Articles
7404,Copper Waste And Scrap,2022,Feb,Colombia,104344,8.0,134.1947,77755.67887554425,Refined / Articles
7404,Copper Waste And Scrap,2022,Mar,Colombia,24740,8.0,134.1947,18435.89948038186,Refined / Articles
7404,Copper Waste And Scrap,2022,Apr,Colombia,379377,8.0,134.1947,282706.3960052073,Refined / Articles
7404,Copper Waste And Scrap,2022,May,Colombia,156360,8.0,134.1947,116517.26931093403,Refined / Articles
7404,Copper Waste And Scrap,2022,Jun,Colombia,122116,8.0,134.1947,90999.12291618074,Refined / Articles
7404,Copper Waste And Scrap,2022,Aug,Colombia,210680,8.0,134.1947,156995.7680892017,Refined / Articles
7404,Copper Waste And Scrap,2022,Oct,Colombia,106180,8.0,134.1947,79123.8402112751,Refined / Articles
7404,Copper Waste And Scrap,2022,Nov,Colombia,77242,8.0,134.1947,57559.65026934745,Refined / Articles
7404,Copper Waste And Scrap,2022,Dec,Colombia,208067,8.0,134.1947,155048.5972992972,Refined / Articles
7404,Copper Waste And Scrap,2023,Jan,Colombia,97602,4.12,139.7235,69853.67529442077,Refined / Articles
7404,Copper Waste And Scrap,2023,Mar,Colombia,140400,4.12,139.7235,100484.17052249622,Refined / Articles
7404,Copper Waste And Scrap,2023,Apr,Colombia,301355,4.12,139.7235,215679.5385171428,Refined / Articles
7404,Copper Waste And Scrap,2023,May,Colombia,120577,4.12,139.7235,86296.86487956572,Refined / Articles
7404,Copper Waste And Scrap,2023,Jun,Colombia,100590,4.12,139.7235,71992.18456451492,Refined / Articles
7404,Copper Waste And Scrap,2023,Jul,Colombia,96984,4.12,139.7235,69411.37317630893,Refined / Articles
7404,Copper Waste And Scrap,2023,Aug,Colombia,203258,4.12,139.7235,145471.5921087004,Refined / Articles
7404,Copper Waste And Scrap,2023,Sep,Colombia,74106,4.12,139.7235,53037.60641552781,Refined / Articles
7404,Copper Waste And Scrap,2023,Oct,Colombia,118722,4.12,139.7235,84969.24282600994,Refined / Articles
7404,Copper Waste And Scrap,2023,Dec,Colombia,215157,4.12,139.7235,153987.69713040398,Refined / Articles
7404,Copper Waste And Scrap,2024,Jan,Colombia,127475,2.9,143.7755,88662.53290720603,Refined / Articles
7404,Copper Waste And Scrap,2024,Feb,Colombia,126781,2.9,143.7755,88179.8359247577,Refined / Articles
7404,Copper Waste And Scrap,2024,Mar,Colombia,338987,2.9,143.7755,235775.21900462874,Refined / Articles
7404,Copper Waste And Scrap,2024,Apr,Colombia,307711,2.9,143.7755,214021.86046996881,Refined / Articles
7404,Copper Waste And Scrap,2024,May,Colombia,209666,2.9,143.7755,145828.73994526188,Refined / Articles
7404,Copper Waste And Scrap,2024,Jun,Colombia,327052,2.9,143.7755,227474.08285834512,Refined / Articles
7404,Copper Waste And Scrap,2024,Jul,Colombia,100901,2.9,143.7755,70179.5507579525,Refined / Articles
7404,Copper Waste And Scrap,2024,Aug,Colombia,216061,2.9,143.7755,150276.6465774767,Refined / Articles
7404,Copper Waste And Scrap,2024,Sep,Colombia,372958,2.9,143.7755,259403.02763683663,Refined / Articles
7404,Copper Waste And Scrap,2024,Oct,Colombia,114132,2.9,143.7755,79382.0922201627,Refined / Articles
7404,Copper Waste And Scrap,2024,Dec,Colombia,236744,2.9,143.7755,164662.26860626464,Refined / Articles
7404,Copper Waste And Scrap,2025,Jan,Colombia,19709,2.8,147.8012,13334.803776965276,Refined / Articles
7404,Copper Waste And Scrap,2025,Mar,Colombia,135534,2.8,147.8012,91700.20270471417,Refined / Articles
7404,Copper Waste And Scrap,2025,Apr,Colombia,141279,2.8,147.8012,95587.18061828997,Refined / Articles
7404,Copper Waste And Scrap,2025,May,Colombia,276568,2.8,147.8012,187121.6201221641,Refined / Articles
7404,Copper Waste And Scrap,2025,Jun,Colombia,136232,2.8,147.8012,92172.458680985,Refined / Articles
7404,Copper Waste And Scrap,2025,Jul,Colombia,375302,2.8,147.8012,253923.51347620992,Refined / Articles
7404,Copper Waste And Scrap,2025,Aug,Colombia,72196,2.8,147.8012,48846.69407284921,Refined / Articles
7404,Copper Waste And Scrap,2025,Sep,Colombia,118517,2.8,147.8012,80186.76438350974,Refined / Articles
7404,Copper Waste And Scrap,2025,Oct,Colombia,86540,2.8,147.8012,58551.62204366405,Refined / Articles
7404,Copper Waste And Scrap,2025,Nov,Colombia,37293,2.8,147.8012,25231.8655058281,Refined / Articles
7404,Copper Waste And Scrap,2025,Dec,Colombia,327800,2.8,147.8012,221784.39687905106,Refined / Articles
7404,Copper Waste And Scrap,2010,Jan,Ecuador,41697,1.64,100.0,41697.0,Refined / Articles
7404,Copper Waste And Scrap,2010,Feb,Ecuador,20907,1.64,100.0,20907.0,Refined / Articles
7404,Copper Waste And Scrap,2010,May,Ecuador,91377,1.64,100.0,91377.0,Refined / Articles
7404,Copper Waste And Scrap,2010,Sep,Ecuador,69448,1.64,100.0,69448.0,Refined / Articles
7404,Copper Waste And Scrap,2010,Oct,Ecuador,109097,1.64,100.0,109097.0,Refined / Articles
7404,Copper Waste And Scrap,2010,Nov,Ecuador,257061,1.64,100.0,257061.0,Refined / Articles
7404,Copper Waste And Scrap,2010,Dec,Ecuador,110113,1.64,100.0,110113.00000000001,Refined / Articles
7404,Copper Waste And Scrap,2011,Jan,Ecuador,21442,3.16,103.16,20785.188057386586,Refined / Articles
7404,Copper Waste And Scrap,2011,Feb,Ecuador,47413,3.16,103.16,45960.643660333466,Refined / Articles
7404,Copper Waste And Scrap,2011,Mar,Ecuador,10894,3.16,103.16,10560.294687863514,Refined / Articles
7404,Copper Waste And Scrap,2011,Apr,Ecuador,130268,3.16,103.16,126277.62698720435,Refined / Articles
7404,Copper Waste And Scrap,2011,May,Ecuador,1068653,3.16,103.16,1035917.9914695618,Refined / Articles
7404,Copper Waste And Scrap,2011,Jun,Ecuador,222786,3.16,103.16,215961.61302830555,Refined / Articles
7404,Copper Waste And Scrap,2011,Jul,Ecuador,82410,3.16,103.16,79885.6145792943,Refined / Articles
7404,Copper Waste And Scrap,2011,Aug,Ecuador,478328,3.16,103.16,463675.8433501357,Refined / Articles
7404,Copper Waste And Scrap,2011,Sep,Ecuador,44315,3.16,103.16,42957.541682822804,Refined / Articles
7404,Copper Waste And Scrap,2011,Oct,Ecuador,56267,3.16,103.16,54543.42768514929,Refined / Articles
7404,Copper Waste And Scrap,2011,Nov,Ecuador,63355,3.16,103.16,61414.307871267934,Refined / Articles
7404,Copper Waste And Scrap,2012,Jan,Ecuador,117666,2.07,105.2954,111748.47144319695,Refined / Articles
7404,Copper Waste And Scrap,2012,Feb,Ecuador,20756,2.07,105.2954,19712.162164728943,Refined / Articles
7404,Copper Waste And Scrap,2012,Mar,Ecuador,7433,2.07,105.2954,7059.187770785809,Refined / Articles
7404,Copper Waste And Scrap,2012,Apr,Ecuador,122925,2.07,105.2954,116742.99162166628,Refined / Articles
7404,Copper Waste And Scrap,2012,May,Ecuador,98911,2.07,105.2954,93936.67719577493,Refined / Articles
7404,Copper Waste And Scrap,2012,Jun,Ecuador,31229,2.07,105.2954,29658.465611983047,Refined / Articles
7404,Copper Waste And Scrap,2012,Aug,Ecuador,18125,2.07,105.2954,17213.477511838126,Refined / Articles
7404,Copper Waste And Scrap,2012,Sep,Ecuador,107642,2.07,105.2954,102228.58738368437,Refined / Articles
7404,Copper Waste And Scrap,2012,Oct,Ecuador,226203,2.07,105.2954,214827.0484750521,Refined / Articles
7404,Copper Waste And Scrap,2012,Nov,Ecuador,106040,2.07,105.2954,100707.15339891391,Refined / Articles
7404,Copper Waste And Scrap,2012,Dec,Ecuador,155544,2.07,105.2954,147721.5528883503,Refined / Articles
7404,Copper Waste And Scrap,2013,Jan,Ecuador,23077,1.46,106.8327,21601.06409367169,Refined / Articles
7404,Copper Waste And Scrap,2013,Feb,Ecuador,23617,1.46,106.8327,22106.527308586228,Refined / Articles
7404,Copper Waste And Scrap,2013,Mar,Ecuador,817476,1.46,106.8327,765192.6797693964,Refined / Articles
7404,Copper Waste And Scrap,2013,Apr,Ecuador,157611,1.46,106.8327,147530.67178869393,Refined / Articles
7404,Copper Waste And Scrap,2013,May,Ecuador,151517,1.46,106.8327,141826.42580408434,Refined / Articles
7404,Copper Waste And Scrap,2013,Jul,Ecuador,246327,1.46,106.8327,230572.66174120846,Refined / Articles
7404,Copper Waste And Scrap,2013,Aug,Ecuador,62729,1.46,106.8327,58717.04075624786,Refined / Articles
7404,Copper Waste And Scrap,2013,Sep,Ecuador,6225,1.46,106.8327,5826.867616375885,Refined / Articles
7404,Copper Waste And Scrap,2013,Oct,Ecuador,432800,1.46,106.8327,405119.40632409364,Refined / Articles
7404,Copper Waste And Scrap,2013,Nov,Ecuador,220288,1.46,106.8327,206199.0383094315,Refined / Articles
7404,Copper Waste And Scrap,2013,Dec,Ecuador,143500,1.46,106.8327,134322.16914858465,Refined / Articles
7404,Copper Waste And Scrap,2014,Jan,Ecuador,136733,1.62,108.5634,125947.60296748258,Refined / Articles
7404,Copper Waste And Scrap,2014,Feb,Ecuador,126454,1.62,108.5634,116479.40281899794,Refined / Articles
7404,Copper Waste And Scrap,2014,Mar,Ecuador,216030,1.62,108.5634,198989.71476574978,Refined / Articles
7404,Copper Waste And Scrap,2014,Apr,Ecuador,272502,1.62,108.5634,251007.2455357883,Refined / Articles
7404,Copper Waste And Scrap,2014,May,Ecuador,245799,1.62,108.5634,226410.55825443933,Refined / Articles
7404,Copper Waste And Scrap,2014,Jun,Ecuador,17662,1.62,108.5634,16268.834616454533,Refined / Articles
7404,Copper Waste And Scrap,2014,Jul,Ecuador,17662,1.62,108.5634,16268.834616454533,Refined / Articles
7404,Copper Waste And Scrap,2014,Aug,Ecuador,151413,1.62,108.5634,139469.65551926338,Refined / Articles
7404,Copper Waste And Scrap,2014,Sep,Ecuador,457158,1.62,108.5634,421097.7180154638,Refined / Articles
7404,Copper Waste And Scrap,2014,Oct,Ecuador,340834,1.62,108.5634,313949.26835379144,Refined / Articles
7404,Copper Waste And Scrap,2014,Nov,Ecuador,114003,1.62,108.5634,105010.52841012718,Refined / Articles
7404,Copper Waste And Scrap,2014,Dec,Ecuador,375732,1.62,108.5634,346094.54014889,Refined / Articles
7404,Copper Waste And Scrap,2015,Mar,Ecuador,312866,0.12,108.6937,287841.8896403379,Refined / Articles
7404,Copper Waste And Scrap,2015,Apr,Ecuador,103651,0.12,108.6937,95360.63267696286,Refined / Articles
7404,Copper Waste And Scrap,2015,May,Ecuador,18088,0.12,108.6937,16641.25887700943,Refined / Articles
7404,Copper Waste And Scrap,2015,Jun,Ecuador,48885,0.12,108.6937,44975.00775113921,Refined / Articles
7404,Copper Waste And Scrap,2015,Jul,Ecuador,76977,0.12,108.6937,70820.11192921025,Refined / Articles
7404,Copper Waste And Scrap,2015,Aug,Ecuador,140692,0.12,108.6937,129438.96472380644,Refined / Articles
7404,Copper Waste And Scrap,2015,Sep,Ecuador,67039,0.12,108.6937,61676.98771869942,Refined / Articles
7404,Copper Waste And Scrap,2015,Oct,Ecuador,207539,0.12,108.6937,190939.3092699945,Refined / Articles
7404,Copper Waste And Scrap,2015,Nov,Ecuador,74766,0.12,108.6937,68785.95539575891,Refined / Articles
7404,Copper Waste And Scrap,2015,Dec,Ecuador,53802,0.12,108.6937,49498.72899717279,Refined / Articles
7404,Copper Waste And Scrap,2016,Mar,Ecuador,49922,1.26,110.0632,45357.57637430131,Refined / Articles
7404,Copper Waste And Scrap,2016,Aug,Ecuador,285225,1.26,110.0632,259146.56306558414,Refined / Articles
7404,Copper Waste And Scrap,2016,Sep,Ecuador,71179,1.26,110.0632,64671.0253745121,Refined / Articles
7404,Copper Waste And Scrap,2016,Oct,Ecuador,106123,1.26,110.0632,96420.05684007007,Refined / Articles
7404,Copper Waste And Scrap,2016,Nov,Ecuador,169488,1.26,110.0632,153991.52486934778,Refined / Articles
7404,Copper Waste And Scrap,2016,Dec,Ecuador,96375,1.26,110.0632,87563.32725197886,Refined / Articles
7404,Copper Waste And Scrap,2017,Jan,Ecuador,80764,2.13,112.4076,71849.23439340401,Refined / Articles
7404,Copper Waste And Scrap,2017,Feb,Ecuador,64019,2.13,112.4076,56952.554809461275,Refined / Articles
7404,Copper Waste And Scrap,2017,Apr,Ecuador,71940,2.13,112.4076,63999.23136869749,Refined / Articles
7404,Copper Waste And Scrap,2017,May,Ecuador,151676,2.13,112.4076,134933.93685124491,Refined / Articles
7404,Copper Waste And Scrap,2017,Jun,Ecuador,57899,2.13,112.4076,51508.08308335023,Refined / Articles
7404,Copper Waste And Scrap,2017,Jul,Ecuador,75110,2.13,112.4076,66819.32538369292,Refined / Articles
7404,Copper Waste And Scrap,2017,Aug,Ecuador,193602,2.13,112.4076,172232.12665335796,Refined / Articles
7404,Copper Waste And Scrap,2017,Sep,Ecuador,88916,2.13,112.4076,79101.413071714,Refined / Articles
7404,Copper Waste And Scrap,2017,Dec,Ecuador,370254,2.13,112.4076,329385.2017123397,Refined / Articles
7404,Copper Waste And Scrap,2018,Jan,Ecuador,213438,2.44,115.1503,185356.0086252489,Refined / Articles
7404,Copper Waste And Scrap,2018,Mar,Ecuador,103969,2.44,115.1503,90289.82121627126,Refined / Articles
7404,Copper Waste And Scrap,2018,Apr,Ecuador,85422,2.44,115.1503,74183.04598424841,Refined / Articles
7404,Copper Waste And Scrap,2018,May,Ecuador,99315,2.44,115.1503,86248.14698702478,Refined / Articles
7404,Copper Waste And Scrap,2018,Jun,Ecuador,88766,2.44,115.1503,77087.0766294139,Refined / Articles
7404,Copper Waste And Scrap,2018,Jul,Ecuador,41178,2.44,115.1503,35760.2194696844,Refined / Articles
7404,Copper Waste And Scrap,2018,Sep,Ecuador,30000,2.44,115.1503,26052.906505671286,Refined / Articles
7404,Copper Waste And Scrap,2018,Oct,Ecuador,25000,2.44,115.1503,21710.755421392736,Refined / Articles
7404,Copper Waste And Scrap,2018,Dec,Ecuador,316450,2.44,115.1503,274814.7421239893,Refined / Articles
7404,Copper Waste And Scrap,2019,Jan,Ecuador,18000,1.81,117.2345,15353.84208573415,Refined / Articles
7404,Copper Waste And Scrap,2019,Feb,Ecuador,60057,1.81,117.2345,51228.09411905199,Refined / Articles
7404,Copper Waste And Scrap,2019,Mar,Ecuador,241994,1.81,117.2345,206418.75898306383,Refined / Articles
7404,Copper Waste And Scrap,2019,Apr,Ecuador,174858,1.81,117.2345,149152.33996818343,Refined / Articles
7404,Copper Waste And Scrap,2019,May,Ecuador,242030,1.81,117.2345,206449.4666672353,Refined / Articles
7404,Copper Waste And Scrap,2019,Jun,Ecuador,209389,1.81,117.2345,178606.98002721043,Refined / Articles
7404,Copper Waste And Scrap,2019,Jul,Ecuador,146223,1.81,117.2345,124726.93618346137,Refined / Articles
7404,Copper Waste And Scrap,2019,Aug,Ecuador,78645,1.81,117.2345,67083.49504625345,Refined / Articles
7404,Copper Waste And Scrap,2019,Sep,Ecuador,61112,1.81,117.2345,52127.99986352141,Refined / Articles
7404,Copper Waste And Scrap,2019,Oct,Ecuador,10000,1.81,117.2345,8529.912269852304,Refined / Articles
7404,Copper Waste And Scrap,2019,Nov,Ecuador,66678,1.81,117.2345,56875.7490329212,Refined / Articles
7404,Copper Waste And Scrap,2019,Dec,Ecuador,13571,1.81,117.2345,11575.943941416563,Refined / Articles
7404,Copper Waste And Scrap,2020,Jun,Ecuador,20853,1.23,118.6765,17571.296760521247,Refined / Articles
7404,Copper Waste And Scrap,2020,Aug,Ecuador,70626,1.23,118.6765,59511.36071589573,Refined / Articles
7404,Copper Waste And Scrap,2020,Sep,Ecuador,84389,1.23,118.6765,71108.43343037585,Refined / Articles
7404,Copper Waste And Scrap,2020,Oct,Ecuador,80815,1.23,118.6765,68096.88523001605,Refined / Articles
7404,Copper Waste And Scrap,2020,Nov,Ecuador,77942,1.23,118.6765,65676.01841982195,Refined / Articles
7404,Copper Waste And Scrap,2020,Dec,Ecuador,162724,1.23,118.6765,137115.60418448472,Refined / Articles
7404,Copper Waste And Scrap,2021,Jan,Ecuador,102119,4.7,124.2543,82185.48573369291,Refined / Articles
7404,Copper Waste And Scrap,2021,Mar,Ecuador,89419,4.7,124.2543,71964.5114897432,Refined / Articles
7404,Copper Waste And Scrap,2021,Apr,Ecuador,277343,4.7,124.2543,223205.95745982233,Refined / Articles
7404,Copper Waste And Scrap,2021,May,Ecuador,207578,4.7,124.2543,167059.00721343246,Refined / Articles
7404,Copper Waste And Scrap,2021,Jun,Ecuador,320387,4.7,124.2543,257847.81693671766,Refined / Articles
7404,Copper Waste And Scrap,2021,Jul,Ecuador,116192,4.7,124.2543,93511.45191755939,Refined / Articles
7404,Copper Waste And Scrap,2021,Aug,Ecuador,161841,4.7,124.2543,130249.8183161468,Refined / Articles
7404,Copper Waste And Scrap,2021,Sep,Ecuador,316060,4.7,124.2543,254365.44248368064,Refined / Articles
7404,Copper Waste And Scrap,2021,Oct,Ecuador,63615,4.7,124.2543,51197.42334872918,Refined / Articles
7404,Copper Waste And Scrap,2021,Nov,Ecuador,121943,4.7,124.2543,98139.86316771331,Refined / Articles
7404,Copper Waste And Scrap,2021,Dec,Ecuador,148030,4.7,124.2543,119134.7100261319,Refined / Articles
7404,Copper Waste And Scrap,2022,Jan,Ecuador,124726,8.0,134.1947,92944.05814834713,Refined / Articles
7404,Copper Waste And Scrap,2022,Feb,Ecuador,137215,8.0,134.1947,102250.68501215025,Refined / Articles
7404,Copper Waste And Scrap,2022,Mar,Ecuador,97653,8.0,134.1947,72769.63993361883,Refined / Articles
7404,Copper Waste And Scrap,2022,Jun,Ecuador,83725,8.0,134.1947,62390.69054142973,Refined / Articles
7404,Copper Waste And Scrap,2022,Jul,Ecuador,92196,8.0,134.1947,68703.16040797438,Refined / Articles
7404,Copper Waste And Scrap,2023,Apr,Ecuador,106179,4.12,139.7235,75992.22750646813,Refined / Articles
7404,Copper Waste And Scrap,2023,Jul,Ecuador,451409,4.12,139.7235,323073.069311891,Refined / Articles
7404,Copper Waste And Scrap,2023,Aug,Ecuador,165574,4.12,139.7235,118501.18269296145,Refined / Articles
7404,Copper Waste And Scrap,2023,Oct,Ecuador,6405,4.12,139.7235,4584.053505673705,Refined / Articles
7404,Copper Waste And Scrap,2023,Nov,Ecuador,11604,4.12,139.7235,8304.973751731097,Refined / Articles
7404,Copper Waste And Scrap,2024,Mar,Ecuador,268702,2.9,143.7755,186889.97777785506,Refined / Articles
7404,Copper Waste And Scrap,2024,Apr,Ecuador,89699,2.9,143.7755,62388.2372170502,Refined / Articles
7404,Copper Waste And Scrap,2024,May,Ecuador,1013853,2.9,143.7755,705163.9535247661,Refined / Articles
7404,Copper Waste And Scrap,2024,Jun,Ecuador,94097,2.9,143.7755,65447.17284933803,Refined / Articles
7404,Copper Waste And Scrap,2024,Jul,Ecuador,1071352,2.9,143.7755,745156.1636022828,Refined / Articles
7404,Copper Waste And Scrap,2024,Aug,Ecuador,354441,2.9,143.7755,246523.92097401852,Refined / Articles
7404,Copper Waste And Scrap,2024,Sep,Ecuador,208433,2.9,143.7755,144971.15294330398,Refined / Articles
7404,Copper Waste And Scrap,2024,Oct,Ecuador,60727,2.9,143.7755,42237.377021815264,Refined / Articles
7404,Copper Waste And Scrap,2024,Nov,Ecuador,20992,2.9,143.7755,14600.540425872281,Refined / Articles
7404,Copper Waste And Scrap,2024,Dec,Ecuador,159471,2.9,143.7755,110916.67217293628,Refined / Articles
7404,Copper Waste And Scrap,2025,Feb,Ecuador,135381,2.8,147.8012,91596.6852772508,Refined / Articles
7404,Copper Waste And Scrap,2025,Apr,Ecuador,249562,2.8,147.8012,168849.7792981383,Refined / Articles
7404,Copper Waste And Scrap,2025,May,Ecuador,126600,2.8,147.8012,85655.59684224486,Refined / Articles
7404,Copper Waste And Scrap,2025,Jun,Ecuador,465196,2.8,147.8012,314744.39991014963,Refined / Articles
7404,Copper Waste And Scrap,2025,Jul,Ecuador,6770,2.8,147.8012,4580.477019131104,Refined / Articles
7404,Copper Waste And Scrap,2025,Aug,Ecuador,79969,2.8,147.8012,54105.78533868467,Refined / Articles
7404,Copper Waste And Scrap,2025,Sep,Ecuador,33768,2.8,147.8012,22846.905167211095,Refined / Articles
7404,Copper Waste And Scrap,2025,Oct,Ecuador,11778,2.8,147.8012,7968.812161200316,Refined / Articles
7404,Copper Waste And Scrap,2025,Nov,Ecuador,261712,2.8,147.8012,177070.28089081822,Refined / Articles
7404,Copper Waste And Scrap,2025,Dec,Ecuador,30821,2.8,147.8012,20853.01066567795,Refined / Articles
7404,Copper Waste And Scrap,2010,Oct,Guyana,189500,1.64,100.0,189500.0,Refined / Articles
7404,Copper Waste And Scrap,2012,Jan,Guyana,73000,2.07,105.2954,69328.7645994032,Refined / Articles
7404,Copper Waste And Scrap,2012,Mar,Guyana,31500,2.07,105.2954,29915.836779194535,Refined / Articles
7404,Copper Waste And Scrap,2012,Nov,Guyana,150000,2.07,105.2954,142456.36561521207,Refined / Articles
7404,Copper Waste And Scrap,2013,Feb,Guyana,58750,1.46,106.8327,54992.5256967202,Refined / Articles
7404,Copper Waste And Scrap,2013,Apr,Guyana,110786,1.46,106.8327,103700.45875466967,Refined / Articles
7404,Copper Waste And Scrap,2013,May,Guyana,102817,1.46,106.8327,96241.13216271796,Refined / Articles
7404,Copper Waste And Scrap,2013,Jun,Guyana,227824,1.46,106.8327,213253.05828646096,Refined / Articles
7404,Copper Waste And Scrap,2013,Jul,Guyana,227666,1.46,106.8327,213105.16349394893,Refined / Articles
7404,Copper Waste And Scrap,2013,Aug,Guyana,20000,1.46,106.8327,18720.85981164943,Refined / Articles
7404,Copper Waste And Scrap,2013,Nov,Guyana,50000,1.46,106.8327,46802.14952912358,Refined / Articles
7404,Copper Waste And Scrap,2014,Jan,Guyana,32700,1.62,108.5634,30120.64839531555,Refined / Articles
7404,Copper Waste And Scrap,2014,Feb,Guyana,65471,1.62,108.5634,60306.69636359952,Refined / Articles
7404,Copper Waste And Scrap,2014,Mar,Guyana,25850,1.62,108.5634,23810.971284981864,Refined / Articles
7404,Copper Waste And Scrap,2014,Apr,Guyana,195850,1.62,108.5634,180401.49811078137,Refined / Articles
7404,Copper Waste And Scrap,2014,May,Guyana,25850,1.62,108.5634,23810.971284981864,Refined / Articles
7404,Copper Waste And Scrap,2014,Jun,Guyana,25850,1.62,108.5634,23810.971284981864,Refined / Articles
7404,Copper Waste And Scrap,2014,Jul,Guyana,225826,1.62,108.5634,208013.01359389996,Refined / Articles
7404,Copper Waste And Scrap,2014,Aug,Guyana,46018,1.62,108.5634,42388.13449099789,Refined / Articles
7404,Copper Waste And Scrap,2014,Sep,Guyana,38460,1.62,108.5634,35426.303892472046,Refined / Articles
7404,Copper Waste And Scrap,2014,Nov,Guyana,25743,1.62,108.5634,23712.41136515621,Refined / Articles
7404,Copper Waste And Scrap,2015,Jan,Guyana,12415,0.12,108.6937,11422.0051392123,Refined / Articles
7404,Copper Waste And Scrap,2015,Apr,Guyana,15262,0.12,108.6937,14041.29218160758,Refined / Articles
7404,Copper Waste And Scrap,2015,May,Guyana,3771,0.12,108.6937,3469.382310106289,Refined / Articles
7404,Copper Waste And Scrap,2015,Jun,Guyana,3789,0.12,108.6937,3485.9426075292313,Refined / Articles
7404,Copper Waste And Scrap,2015,Nov,Guyana,2100,0.12,108.6937,1932.0346993432001,Refined / Articles
7404,Copper Waste And Scrap,2016,Apr,Guyana,15329,1.26,110.0632,13927.45259087506,Refined / Articles
7404,Copper Waste And Scrap,2016,May,Guyana,14729,1.26,110.0632,13382.311253897762,Refined / Articles
7404,Copper Waste And Scrap,2016,Jun,Guyana,29561,1.26,110.0632,26858.205103976627,Refined / Articles
7404,Copper Waste And Scrap,2017,May,Guyana,94009,2.13,112.4076,83632.24550653159,Refined / Articles
7404,Copper Waste And Scrap,2017,Aug,Guyana,166485,2.13,112.4076,148108.31296104533,Refined / Articles
7404,Copper Waste And Scrap,2017,Nov,Guyana,61129,2.13,112.4076,54381.55427213106,Refined / Articles
7404,Copper Waste And Scrap,2017,Dec,Guyana,131935,2.13,112.4076,117371.95705628445,Refined / Articles
7404,Copper Waste And Scrap,2018,Jan,Guyana,72017,2.44,115.1503,62541.73892729763,Refined / Articles
7404,Copper Waste And Scrap,2018,Jun,Guyana,2077,2.44,115.1503,1803.7295604093085,Refined / Articles
7404,Copper Waste And Scrap,2018,Jul,Guyana,144273,2.44,115.1503,125291.03267642377,Refined / Articles
7404,Copper Waste And Scrap,2018,Aug,Guyana,259797,2.44,115.1503,225615.56504846277,Refined / Articles
7404,Copper Waste And Scrap,2019,May,Guyana,110691,1.81,117.2345,94418.45190622215,Refined / Articles
7404,Copper Waste And Scrap,2019,Oct,Guyana,216126,1.81,117.2345,184353.58192340995,Refined / Articles
7404,Copper Waste And Scrap,2019,Dec,Guyana,67768,1.81,117.2345,57805.5094703351,Refined / Articles
7404,Copper Waste And Scrap,2020,Mar,Guyana,66041,1.23,118.6765,55647.91681588183,Refined / Articles
7404,Copper Waste And Scrap,2020,May,Guyana,55163,1.23,118.6765,46481.82243325342,Refined / Articles
7404,Copper Waste And Scrap,2020,Oct,Guyana,69597,1.23,118.6765,58644.29773375521,Refined / Articles
7404,Copper Waste And Scrap,2021,Sep,Guyana,69591,4.7,124.2543,56006.914851236535,Refined / Articles
7404,Copper Waste And Scrap,2022,Jun,Guyana,85083,8.0,134.1947,63402.65301088641,Refined / Articles
7404,Copper Waste And Scrap,2022,Sep,Guyana,130485,8.0,134.1947,97235.58381962923,Refined / Articles
7404,Copper Waste And Scrap,2022,Dec,Guyana,91854,8.0,134.1947,68448.30682582843,Refined / Articles
7404,Copper Waste And Scrap,2023,Apr,Guyana,67970,4.12,139.7235,48646.0760001002,Refined / Articles
7404,Copper Waste And Scrap,2023,May,Guyana,26010,4.12,139.7235,18615.336718590646,Refined / Articles
7404,Copper Waste And Scrap,2023,Jun,Guyana,33996,4.12,139.7235,24330.9106914728,Refined / Articles
7404,Copper Waste And Scrap,2023,Jul,Guyana,34625,4.12,139.7235,24781.085501007346,Refined / Articles
7404,Copper Waste And Scrap,2023,Oct,Guyana,58831,4.12,139.7235,42105.300826274746,Refined / Articles
7404,Copper Waste And Scrap,2023,Nov,Guyana,83554,4.12,139.7235,59799.532648409186,Refined / Articles
7404,Copper Waste And Scrap,2024,Jan,Guyana,151326,2.9,143.7755,105251.59015270336,Refined / Articles
7404,Copper Waste And Scrap,2024,Apr,Guyana,114752,2.9,143.7755,79813.32007191768,Refined / Articles
7404,Copper Waste And Scrap,2024,Jun,Guyana,142187,2.9,143.7755,98895.15251207612,Refined / Articles
7404,Copper Waste And Scrap,2024,Sep,Guyana,105470,2.9,143.7755,73357.42181386954,Refined / Articles
7404,Copper Waste And Scrap,2024,Nov,Guyana,109868,2.9,143.7755,76416.35744615739,Refined / Articles
7404,Copper Waste And Scrap,2025,Jan,Guyana,58033,2.8,147.8012,39264.227895308024,Refined / Articles
7404,Copper Waste And Scrap,2025,Apr,Guyana,55174,2.8,147.8012,37329.872829178654,Refined / Articles
7404,Copper Waste And Scrap,2025,Jun,Guyana,54612,2.8,147.8012,36949.632343986385,Refined / Articles
7404,Copper Waste And Scrap,2025,Jul,Guyana,64247,2.8,147.8012,43468.5239362062,Refined / Articles
7404,Copper Waste And Scrap,2013,Nov,Paraguay,32040,1.46,106.8327,29990.817418262384,Refined / Articles
7404,Copper Waste And Scrap,2013,Dec,Paraguay,26264,1.46,106.8327,24584.233104658033,Refined / Articles
7404,Copper Waste And Scrap,2014,Jan,Paraguay,58342,1.62,108.5634,53740.02656512231,Refined / Articles
7404,Copper Waste And Scrap,2014,Apr,Paraguay,7800,1.62,108.5634,7184.741819066095,Refined / Articles
7404,Copper Waste And Scrap,2014,May,Paraguay,10800,1.62,108.5634,9948.104057168437,Refined / Articles
7404,Copper Waste And Scrap,2015,Apr,Paraguay,55027,0.12,108.6937,50625.74923845632,Refined / Articles
7404,Copper Waste And Scrap,2015,Oct,Paraguay,64405,0.12,108.6937,59253.664195808946,Refined / Articles
7404,Copper Waste And Scrap,2016,Dec,Paraguay,21914,1.26,110.0632,19910.378764200934,Refined / Articles
7404,Copper Waste And Scrap,2018,Feb,Paraguay,56593,2.44,115.1503,49147.071262515165,Refined / Articles
7404,Copper Waste And Scrap,2018,Mar,Paraguay,81043,2.44,115.1503,70380.19006463725,Refined / Articles
7404,Copper Waste And Scrap,2018,Jul,Paraguay,28153,2.44,115.1503,24448.915895138787,Refined / Articles
7404,Copper Waste And Scrap,2019,Jun,Paraguay,20400,1.81,117.2345,17401.0210304987,Refined / Articles
7404,Copper Waste And Scrap,2019,Jul,Paraguay,67400,1.81,117.2345,57491.608698804535,Refined / Articles
7404,Copper Waste And Scrap,2019,Oct,Paraguay,107667,1.81,117.2345,91839.00643581881,Refined / Articles
7404,Copper Waste And Scrap,2020,Jun,Paraguay,60875,1.23,118.6765,51294.90674227838,Refined / Articles
7404,Copper Waste And Scrap,2021,Jun,Paraguay,107216,4.7,124.2543,86287.5570503395,Refined / Articles
7404,Copper Waste And Scrap,2021,Jul,Paraguay,133541,4.7,124.2543,107473.94657569195,Refined / Articles
7404,Copper Waste And Scrap,2021,Sep,Paraguay,104216,4.7,124.2543,83873.15368562697,Refined / Articles
7404,Copper Waste And Scrap,2024,Aug,Paraguay,60531,2.9,143.7755,42101.05337835723,Refined / Articles
7404,Copper Waste And Scrap,2010,Jan,Peru,1184224,1.64,100.0,1184224.0,Refined / Articles
7404,Copper Waste And Scrap,2010,Feb,Peru,401904,1.64,100.0,401904.0,Refined / Articles
7404,Copper Waste And Scrap,2010,Oct,Peru,555571,1.64,100.0,555571.0,Refined / Articles
7404,Copper Waste And Scrap,2010,Dec,Peru,1012675,1.64,100.0,1012675.0,Refined / Articles
7404,Copper Waste And Scrap,2011,Jan,Peru,959222,3.16,103.16,929839.0849166344,Refined / Articles
7404,Copper Waste And Scrap,2011,Apr,Peru,318183,3.16,103.16,308436.40946103144,Refined / Articles
7404,Copper Waste And Scrap,2011,May,Peru,101171,3.16,103.16,98071.9271035285,Refined / Articles
7404,Copper Waste And Scrap,2011,Jun,Peru,25678,3.16,103.16,24891.430787126792,Refined / Articles
7404,Copper Waste And Scrap,2011,Sep,Peru,48913,3.16,103.16,47414.69561845677,Refined / Articles
7404,Copper Waste And Scrap,2011,Oct,Peru,21188,3.16,103.16,20538.968592477704,Refined / Articles
7404,Copper Waste And Scrap,2011,Nov,Peru,207189,3.16,103.16,200842.38076773944,Refined / Articles
7404,Copper Waste And Scrap,2011,Dec,Peru,175895,3.16,103.16,170506.979449399,Refined / Articles
7404,Copper Waste And Scrap,2012,Jan,Peru,187572,2.07,105.2954,178138.83607451036,Refined / Articles
7404,Copper Waste And Scrap,2012,Feb,Peru,175823,2.07,105.2954,166980.70381042286,Refined / Articles
7404,Copper Waste And Scrap,2012,Mar,Peru,1500256,2.07,105.2954,1424806.7816827707,Refined / Articles
7404,Copper Waste And Scrap,2012,May,Peru,61891,2.07,105.2954,58778.4461619406,Refined / Articles
7404,Copper Waste And Scrap,2012,Jun,Peru,159332,2.07,105.2954,151319.05097468646,Refined / Articles
7404,Copper Waste And Scrap,2012,Jul,Peru,208744,2.07,105.2954,198246.07722654552,Refined / Articles
7404,Copper Waste And Scrap,2012,Aug,Peru,28067,2.07,105.2954,26655.48542481438,Refined / Articles
7404,Copper Waste And Scrap,2012,Nov,Peru,81954,2.07,105.2954,77832.45991752726,Refined / Articles
7404,Copper Waste And Scrap,2012,Dec,Peru,196728,2.07,105.2954,186834.37263166293,Refined / Articles
7404,Copper Waste And Scrap,2013,May,Peru,210074,1.46,106.8327,196638.2952036221,Refined / Articles
7404,Copper Waste And Scrap,2013,Jun,Peru,165904,1.46,106.8327,155293.27630959437,Refined / Articles
7404,Copper Waste And Scrap,2013,Jul,Peru,83336,1.46,106.8327,78006.07866318083,Refined / Articles
7404,Copper Waste And Scrap,2013,Sep,Peru,86864,1.46,106.8327,81308.4383339558,Refined / Articles
7404,Copper Waste And Scrap,2013,Oct,Peru,357943,1.46,106.8327,335050.0361780616,Refined / Articles
7404,Copper Waste And Scrap,2013,Nov,Peru,102317,1.46,106.8327,95773.11066742672,Refined / Articles
7404,Copper Waste And Scrap,2013,Dec,Peru,255787,1.46,106.8327,239427.62843211862,Refined / Articles
7404,Copper Waste And Scrap,2014,Jan,Peru,436993,1.62,108.5634,402523.31817168585,Refined / Articles
7404,Copper Waste And Scrap,2014,Feb,Peru,261315,1.62,108.5634,240702.66774990465,Refined / Articles
7404,Copper Waste And Scrap,2014,Mar,Peru,167436,1.62,108.5634,154228.77323296803,Refined / Articles
7404,Copper Waste And Scrap,2014,Apr,Peru,166620,1.62,108.5634,153477.13870420418,Refined / Articles
7404,Copper Waste And Scrap,2014,May,Peru,160822,1.62,108.5634,148136.48061869838,Refined / Articles
7404,Copper Waste And Scrap,2014,Jun,Peru,159203,1.62,108.5634,146645.18613086917,Refined / Articles
7404,Copper Waste And Scrap,2014,Jul,Peru,239414,1.62,108.5634,220529.20229101152,Refined / Articles
7404,Copper Waste And Scrap,2014,Nov,Peru,157794,1.62,108.5634,145347.3269997071,Refined / Articles
7404,Copper Waste And Scrap,2014,Dec,Peru,381186,1.62,108.5634,351118.33269776,Refined / Articles
7404,Copper Waste And Scrap,2015,Jan,Peru,146790,0.12,108.6937,135049.22548408966,Refined / Articles
7404,Copper Waste And Scrap,2015,Feb,Peru,73905,0.12,108.6937,67993.82116902819,Refined / Articles
7404,Copper Waste And Scrap,2015,Mar,Peru,63390,0.12,108.6937,58319.84742445974,Refined / Articles
7404,Copper Waste And Scrap,2015,Jun,Peru,128133,0.12,108.6937,117884.4772052106,Refined / Articles
7404,Copper Waste And Scrap,2015,Jul,Peru,38742,0.12,108.6937,35643.280153311556,Refined / Articles
7404,Copper Waste And Scrap,2015,Aug,Peru,68390,0.12,108.6937,62919.93004194355,Refined / Articles
7404,Copper Waste And Scrap,2015,Sep,Peru,127528,0.12,108.6937,117327.86720849505,Refined / Articles
7404,Copper Waste And Scrap,2015,Oct,Peru,316828,0.12,108.6937,291486.9951064321,Refined / Articles
7404,Copper Waste And Scrap,2015,Nov,Peru,62822,0.12,108.6937,57797.278039113575,Refined / Articles
7404,Copper Waste And Scrap,2015,Dec,Peru,58464,0.12,108.6937,53787.846029714696,Refined / Articles
7404,Copper Waste And Scrap,2016,Jan,Peru,112308,1.26,110.0632,102039.55545541107,Refined / Articles
7404,Copper Waste And Scrap,2016,Mar,Peru,54076,1.26,110.0632,49131.77156397416,Refined / Articles
7404,Copper Waste And Scrap,2016,Apr,Peru,212288,1.26,110.0632,192878.27357372854,Refined / Articles
7404,Copper Waste And Scrap,2016,Jun,Peru,54959,1.26,110.0632,49934.03789822575,Refined / Articles
7404,Copper Waste And Scrap,2016,Aug,Peru,164400,1.26,110.0632,149368.7263317803,Refined / Articles
7404,Copper Waste And Scrap,2016,Sep,Peru,135349,1.26,110.0632,122973.89136423437,Refined / Articles
7404,Copper Waste And Scrap,2016,Oct,Peru,176782,1.26,110.0632,160618.62638920185,Refined / Articles
7404,Copper Waste And Scrap,2016,Nov,Peru,56941,1.26,110.0632,51734.82144804076,Refined / Articles
7404,Copper Waste And Scrap,2016,Dec,Peru,56753,1.26,110.0632,51564.01049578787,Refined / Articles
7404,Copper Waste And Scrap,2017,Jan,Peru,134847,2.13,112.4076,119962.52922400265,Refined / Articles
7404,Copper Waste And Scrap,2017,Feb,Peru,59557,2.13,112.4076,52983.07231895352,Refined / Articles
7404,Copper Waste And Scrap,2017,Mar,Peru,60953,2.13,112.4076,54224.98122902722,Refined / Articles
7404,Copper Waste And Scrap,2017,Apr,Peru,52035,2.13,112.4076,46291.35396539024,Refined / Articles
7404,Copper Waste And Scrap,2017,May,Peru,65824,2.13,112.4076,58558.318120838805,Refined / Articles
7404,Copper Waste And Scrap,2017,Jul,Peru,128979,2.13,112.4076,114742.24162779028,Refined / Articles
7404,Copper Waste And Scrap,2017,Aug,Peru,71170,2.13,112.4076,63314.22430511816,Refined / Articles
7404,Copper Waste And Scrap,2017,Sep,Peru,62186,2.13,112.4076,55321.882150317244,Refined / Articles
7404,Copper Waste And Scrap,2017,Oct,Peru,138181,2.13,112.4076,122928.52084734484,Refined / Articles
7404,Copper Waste And Scrap,2018,Jan,Peru,29655,2.44,115.1503,25753.298080856064,Refined / Articles
7404,Copper Waste And Scrap,2018,Feb,Peru,146345,2.44,115.1503,127090.42008574879,Refined / Articles
7404,Copper Waste And Scrap,2018,Mar,Peru,79548,2.44,115.1503,69081.88689043798,Refined / Articles
7404,Copper Waste And Scrap,2018,Apr,Peru,80635,2.44,115.1503,70025.87053616013,Refined / Articles
7404,Copper Waste And Scrap,2018,May,Peru,75719,2.44,115.1503,65756.66759009747,Refined / Articles
7404,Copper Waste And Scrap,2018,Jun,Peru,78518,2.44,115.1503,68187.4037670766,Refined / Articles
7404,Copper Waste And Scrap,2018,Aug,Peru,183400,2.44,115.1503,159270.10177133713,Refined / Articles
7404,Copper Waste And Scrap,2018,Sep,Peru,81098,2.44,115.1503,70427.95372656433,Refined / Articles
7404,Copper Waste And Scrap,2019,Jan,Peru,146061,1.81,117.2345,124588.75160468974,Refined / Articles
7404,Copper Waste And Scrap,2019,Feb,Peru,201095,1.81,117.2345,171532.27079059492,Refined / Articles
7404,Copper Waste And Scrap,2019,Apr,Peru,72898,1.81,117.2345,62181.354464769334,Refined / Articles
7404,Copper Waste And Scrap,2019,May,Peru,255157,1.81,117.2345,217646.68250387046,Refined / Articles
7404,Copper Waste And Scrap,2019,Jun,Peru,220597,1.81,117.2345,188167.3056992609,Refined / Articles
7404,Copper Waste And Scrap,2019,Jul,Peru,145644,1.81,117.2345,124233.05426303692,Refined / Articles
7404,Copper Waste And Scrap,2019,Sep,Peru,62283,1.81,117.2345,53126.852590321105,Refined / Articles
7404,Copper Waste And Scrap,2019,Oct,Peru,126120,1.81,117.2345,107579.25354737727,Refined / Articles
7404,Copper Waste And Scrap,2019,Nov,Peru,64285,1.81,117.2345,54834.541026745545,Refined / Articles
7404,Copper Waste And Scrap,2019,Dec,Peru,58702,1.81,117.2345,50072.291006487,Refined / Articles
7404,Copper Waste And Scrap,2020,Feb,Peru,59322,1.23,118.6765,49986.307314421974,Refined / Articles
7404,Copper Waste And Scrap,2020,Mar,Peru,57851,1.23,118.6765,48746.80328455928,Refined / Articles
7404,Copper Waste And Scrap,2020,Apr,Peru,120128,1.23,118.6765,101223.07280716907,Refined / Articles
7404,Copper Waste And Scrap,2020,May,Peru,79114,1.23,118.6765,66663.57703504906,Refined / Articles
7404,Copper Waste And Scrap,2020,Jun,Peru,58055,1.23,118.6765,48918.69915273875,Refined / Articles
7404,Copper Waste And Scrap,2020,Aug,Peru,2762864,1.23,118.6765,2328063.2644205047,Refined / Articles
7404,Copper Waste And Scrap,2020,Sep,Peru,130349,1.23,118.6765,109835.56137904302,Refined / Articles
7404,Copper Waste And Scrap,2020,Oct,Peru,140315,1.23,118.6765,118233.18011569265,Refined / Articles
7404,Copper Waste And Scrap,2020,Nov,Peru,65348,1.23,118.6765,55063.97644015453,Refined / Articles
7404,Copper Waste And Scrap,2020,Dec,Peru,135779,1.23,118.6765,114411.02492911402,Refined / Articles
7404,Copper Waste And Scrap,2021,Jan,Peru,67183,4.7,124.2543,54068.95375049395,Refined / Articles
7404,Copper Waste And Scrap,2021,Feb,Peru,165200,4.7,124.2543,132953.14528350328,Refined / Articles
7404,Copper Waste And Scrap,2021,Mar,Peru,158092,4.7,124.2543,127232.61891137772,Refined / Articles
7404,Copper Waste And Scrap,2021,Apr,Peru,96551,4.7,124.2543,77704.35308878646,Refined / Articles
7404,Copper Waste And Scrap,2021,May,Peru,201095,4.7,124.2543,161841.48154228867,Refined / Articles
7404,Copper Waste And Scrap,2021,Jun,Peru,178655,4.7,124.2543,143781.74437423894,Refined / Articles
7404,Copper Waste And Scrap,2021,Jul,Peru,99700,4.7,124.2543,80238.67182061305,Refined / Articles
7404,Copper Waste And Scrap,2021,Aug,Peru,175600,4.7,124.2543,141323.07694784005,Refined / Articles
7404,Copper Waste And Scrap,2021,Sep,Peru,107936,4.7,124.2543,86867.01385787051,Refined / Articles
7404,Copper Waste And Scrap,2021,Oct,Peru,95828,4.7,124.2543,77122.48187789075,Refined / Articles
7404,Copper Waste And Scrap,2021,Nov,Peru,355854,4.7,124.2543,286391.69831547077,Refined / Articles
7404,Copper Waste And Scrap,2021,Dec,Peru,659477,4.7,124.2543,530747.8292501748,Refined / Articles
7404,Copper Waste And Scrap,2022,Jan,Peru,305011,8.0,134.1947,227289.90042080646,Refined / Articles
7404,Copper Waste And Scrap,2022,Feb,Peru,191187,8.0,134.1947,142469.85909279576,Refined / Articles
7404,Copper Waste And Scrap,2022,Mar,Peru,169446,8.0,134.1947,126268.77216462349,Refined / Articles
7404,Copper Waste And Scrap,2022,Apr,Peru,602663,8.0,134.1947,449095.9777099989,Refined / Articles
7404,Copper Waste And Scrap,2022,Aug,Peru,110330,8.0,134.1947,82216.36174901095,Refined / Articles
7404,Copper Waste And Scrap,2022,Oct,Peru,119262,8.0,134.1947,88872.36232131372,Refined / Articles
7404,Copper Waste And Scrap,2023,Jun,Peru,105090,4.12,139.7235,75212.83105562057,Refined / Articles
7404,Copper Waste And Scrap,2023,Jul,Peru,184392,4.12,139.7235,131969.21061954505,Refined / Articles
7404,Copper Waste And Scrap,2023,Sep,Peru,200194,4.12,139.7235,143278.68969786758,Refined / Articles
7404,Copper Waste And Scrap,2024,May,Peru,381790,2.9,143.7755,265545.9379379658,Refined / Articles
7404,Copper Waste And Scrap,2024,Jun,Peru,538434,2.9,143.7755,374496.35021265794,Refined / Articles
7404,Copper Waste And Scrap,2024,Jul,Peru,170678,2.9,143.7755,118711.46335780436,Refined / Articles
7404,Copper Waste And Scrap,2024,Aug,Peru,42344,2.9,143.7755,29451.47121727972,Refined / Articles
7404,Copper Waste And Scrap,2024,Oct,Peru,326233,2.9,143.7755,226904.44477675264,Refined / Articles
7404,Copper Waste And Scrap,2025,Feb,Peru,116564,2.8,147.8012,78865.39486824193,Refined / Articles
7404,Copper Waste And Scrap,2025,Apr,Peru,109898,2.8,147.8012,74355.2826364062,Refined / Articles
7404,Copper Waste And Scrap,2025,Sep,Peru,11257,2.8,147.8012,7616.311640230255,Refined / Articles
7404,Copper Waste And Scrap,2025,Oct,Peru,5984,2.8,147.8012,4048.6816074565027,Refined / Articles
7404,Copper Waste And Scrap,2025,Dec,Peru,22540,2.8,147.8012,15250.214477284353,Refined / Articles
7404,Copper Waste And Scrap,2010,Mar,Suriname,111605,1.64,100.0,111605.0,Refined / Articles
7404,Copper Waste And Scrap,2010,Apr,Suriname,136442,1.64,100.0,136442.0,Refined / Articles
7404,Copper Waste And Scrap,2010,May,Suriname,143274,1.64,100.0,143274.0,Refined / Articles
7404,Copper Waste And Scrap,2010,Jun,Suriname,150855,1.64,100.0,150855.0,Refined / Articles
7404,Copper Waste And Scrap,2010,Jul,Suriname,116312,1.64,100.0,116311.99999999999,Refined / Articles
7404,Copper Waste And Scrap,2010,Aug,Suriname,89893,1.64,100.0,89893.0,Refined / Articles
7404,Copper Waste And Scrap,2010,Sep,Suriname,149967,1.64,100.0,149967.0,Refined / Articles
7404,Copper Waste And Scrap,2010,Nov,Suriname,258958,1.64,100.0,258958.0,Refined / Articles
7404,Copper Waste And Scrap,2010,Dec,Suriname,371474,1.64,100.0,371474.0,Refined / Articles
7404,Copper Waste And Scrap,2011,Jan,Suriname,331384,3.16,103.16,321233.03606048855,Refined / Articles
7404,Copper Waste And Scrap,2011,Feb,Suriname,251591,3.16,103.16,243884.2574641334,Refined / Articles
7404,Copper Waste And Scrap,2011,Mar,Suriname,307745,3.16,103.16,298318.1465684374,Refined / Articles
7404,Copper Waste And Scrap,2011,Apr,Suriname,150090,3.16,103.16,145492.43892981776,Refined / Articles
7404,Copper Waste And Scrap,2011,May,Suriname,187476,3.16,103.16,181733.22993408298,Refined / Articles
7404,Copper Waste And Scrap,2011,Jun,Suriname,234679,3.16,103.16,227490.3063202792,Refined / Articles
7404,Copper Waste And Scrap,2011,Aug,Suriname,451466,3.16,103.16,437636.6808840636,Refined / Articles
7404,Copper Waste And Scrap,2011,Sep,Suriname,269820,3.16,103.16,261554.86622721987,Refined / Articles
7404,Copper Waste And Scrap,2011,Oct,Suriname,179416,3.16,103.16,173920.12407910044,Refined / Articles
7404,Copper Waste And Scrap,2011,Nov,Suriname,62577,3.16,103.16,60660.13958898798,Refined / Articles
7404,Copper Waste And Scrap,2011,Dec,Suriname,435926,3.16,103.16,422572.70259790623,Refined / Articles
7404,Copper Waste And Scrap,2012,Jan,Suriname,323658,2.07,105.2954,307380.9492152553,Refined / Articles
7404,Copper Waste And Scrap,2012,Feb,Suriname,508733,2.07,105.2954,483148.36165682453,Refined / Articles
7404,Copper Waste And Scrap,2012,Mar,Suriname,357850,2.07,105.2954,339853.4029026909,Refined / Articles
7404,Copper Waste And Scrap,2012,Apr,Suriname,75736,2.07,105.2954,71927.16870822466,Refined / Articles
7404,Copper Waste And Scrap,2012,May,Suriname,150566,2.07,105.2954,142993.90096813347,Refined / Articles
7404,Copper Waste And Scrap,2012,Jun,Suriname,473287,2.07,105.2954,449484.9727528458,Refined / Articles
7404,Copper Waste And Scrap,2012,Jul,Suriname,154695,2.07,105.2954,146915.2498589682,Refined / Articles
7404,Copper Waste And Scrap,2012,Aug,Suriname,407422,2.07,105.2954,386932.3826112062,Refined / Articles
7404,Copper Waste And Scrap,2012,Sep,Suriname,434195,2.07,105.2954,412358.9444553133,Refined / Articles
7404,Copper Waste And Scrap,2012,Oct,Suriname,171017,2.07,105.2954,162416.40185611148,Refined / Articles
7404,Copper Waste And Scrap,2012,Nov,Suriname,294264,2.07,105.2954,279465.19980929844,Refined / Articles
7404,Copper Waste And Scrap,2012,Dec,Suriname,344451,2.07,105.2954,327128.25061683607,Refined / Articles
7404,Copper Waste And Scrap,2013,Jan,Suriname,482956,1.46,106.8327,452067.57855974813,Refined / Articles
7404,Copper Waste And Scrap,2013,Feb,Suriname,119917,1.46,106.8327,112247.46730167823,Refined / Articles
7404,Copper Waste And Scrap,2013,Mar,Suriname,296850,1.46,106.8327,277864.36175440665,Refined / Articles
7404,Copper Waste And Scrap,2013,May,Suriname,140582,1.46,106.8327,131590.795702065,Refined / Articles
7404,Copper Waste And Scrap,2013,Jun,Suriname,121238,1.46,106.8327,113483.98009223767,Refined / Articles
7404,Copper Waste And Scrap,2013,Jul,Suriname,118509,1.46,106.8327,110929.5187709381,Refined / Articles
7404,Copper Waste And Scrap,2013,Aug,Suriname,237852,1.46,106.8327,222639.69739602198,Refined / Articles
7404,Copper Waste And Scrap,2013,Sep,Suriname,145670,1.46,106.8327,136353.3824381486,Refined / Articles
7404,Copper Waste And Scrap,2013,Oct,Suriname,138410,1.46,106.8327,129557.71032651987,Refined / Articles
7404,Copper Waste And Scrap,2013,Nov,Suriname,383942,1.46,106.8327,359386.2178902153,Refined / Articles
7404,Copper Waste And Scrap,2013,Dec,Suriname,258636,1.46,106.8327,242094.41491228808,Refined / Articles
7404,Copper Waste And Scrap,2014,Jan,Suriname,40000,1.62,108.5634,36844.82984136458,Refined / Articles
7404,Copper Waste And Scrap,2014,Feb,Suriname,437813,1.62,108.5634,403278.6371834338,Refined / Articles
7404,Copper Waste And Scrap,2014,Mar,Suriname,462963,1.62,108.5634,426444.8239461918,Refined / Articles
7404,Copper Waste And Scrap,2014,Apr,Suriname,272432,1.62,108.5634,250942.76708356594,Refined / Articles
7404,Copper Waste And Scrap,2014,May,Suriname,278676,1.62,108.5634,256694.2450218029,Refined / Articles
7404,Copper Waste And Scrap,2014,Jun,Suriname,284844,1.62,108.5634,262375.71778334136,Refined / Articles
7404,Copper Waste And Scrap,2014,Jul,Suriname,642667,1.62,108.5634,591973.9064915063,Refined / Articles
7404,Copper Waste And Scrap,2014,Aug,Suriname,156132,1.62,108.5634,143816.4243197984,Refined / Articles
7404,Copper Waste And Scrap,2014,Sep,Suriname,272317,1.62,108.5634,250836.83819777198,Refined / Articles
7404,Copper Waste And Scrap,2014,Oct,Suriname,307225,1.62,108.5634,282991.32120033086,Refined / Articles
7404,Copper Waste And Scrap,2014,Nov,Suriname,153651,1.62,108.5634,141531.12374888774,Refined / Articles
7404,Copper Waste And Scrap,2014,Dec,Suriname,333055,1.62,108.5634,306783.87007039203,Refined / Articles
7404,Copper Waste And Scrap,2015,Jan,Suriname,116779,0.12,108.6937,107438.60959742835,Refined / Articles
7404,Copper Waste And Scrap,2015,Feb,Suriname,260225,0.12,108.6937,239411.2998269449,Refined / Articles
7404,Copper Waste And Scrap,2015,Apr,Suriname,140309,0.12,108.6937,129086.59839530717,Refined / Articles
7404,Copper Waste And Scrap,2015,May,Suriname,144456,0.12,108.6937,132901.90691824822,Refined / Articles
7404,Copper Waste And Scrap,2015,Jul,Suriname,116493,0.12,108.6937,107175.4848717083,Refined / Articles
7404,Copper Waste And Scrap,2015,Sep,Suriname,85156,0.12,108.6937,78344.92707489026,Refined / Articles
7404,Copper Waste And Scrap,2015,Oct,Suriname,82815,0.12,108.6937,76191.16839338435,Refined / Articles
7404,Copper Waste And Scrap,2015,Nov,Suriname,81158,0.12,108.6937,74666.70101395021,Refined / Articles
7404,Copper Waste And Scrap,2015,Dec,Suriname,100869,0.12,108.6937,92801.14670859488,Refined / Articles
7404,Copper Waste And Scrap,2016,Feb,Suriname,5791,1.26,110.0632,5261.52247072591,Refined / Articles
7404,Copper Waste And Scrap,2016,Mar,Suriname,5869,1.26,110.0632,5332.390844532959,Refined / Articles
7404,Copper Waste And Scrap,2016,Apr,Suriname,10357,1.26,110.0632,9410.048045123167,Refined / Articles
7404,Copper Waste And Scrap,2016,May,Suriname,112073,1.26,110.0632,101826.04176509497,Refined / Articles
7404,Copper Waste And Scrap,2016,Jul,Suriname,164914,1.26,110.0632,149835.73074379086,Refined / Articles
7404,Copper Waste And Scrap,2016,Aug,Suriname,6995,1.26,110.0632,6355.43942026036,Refined / Articles
7404,Copper Waste And Scrap,2016,Sep,Suriname,207386,1.26,110.0632,188424.46885062402,Refined / Articles
7404,Copper Waste And Scrap,2016,Oct,Suriname,112938,1.26,110.0632,102611.95385923724,Refined / Articles
7404,Copper Waste And Scrap,2016,Nov,Suriname,65695,1.26,110.0632,59688.43355453957,Refined / Articles
7404,Copper Waste And Scrap,2016,Dec,Suriname,201922,1.26,110.0632,183460.04840855073,Refined / Articles
7404,Copper Waste And Scrap,2017,Jan,Suriname,260935,2.13,112.4076,232132.88069489962,Refined / Articles
7404,Copper Waste And Scrap,2017,Feb,Suriname,100098,2.13,112.4076,89049.13902618685,Refined / Articles
7404,Copper Waste And Scrap,2017,Mar,Suriname,195951,2.13,112.4076,174321.84300705645,Refined / Articles
7404,Copper Waste And Scrap,2017,Apr,Suriname,3550,2.13,112.4076,3158.1494489696424,Refined / Articles
7404,Copper Waste And Scrap,2017,May,Suriname,147292,2.13,112.4076,131033.8446866582,Refined / Articles
7404,Copper Waste And Scrap,2017,Jun,Suriname,86012,2.13,112.4076,76517.95786050054,Refined / Articles
7404,Copper Waste And Scrap,2017,Jul,Suriname,3561,2.13,112.4076,3167.9352641636333,Refined / Articles
7404,Copper Waste And Scrap,2017,Aug,Suriname,105059,2.13,112.4076,93462.54167867653,Refined / Articles
7404,Copper Waste And Scrap,2017,Sep,Suriname,81194,2.13,112.4076,72231.77080553272,Refined / Articles
7404,Copper Waste And Scrap,2017,Oct,Suriname,6486,2.13,112.4076,5770.072486202001,Refined / Articles
7404,Copper Waste And Scrap,2017,Nov,Suriname,8266,2.13,112.4076,7353.595308502273,Refined / Articles
7404,Copper Waste And Scrap,2017,Dec,Suriname,90680,2.13,112.4076,80670.70198100485,Refined / Articles
7404,Copper Waste And Scrap,2018,Jan,Suriname,8516,2.44,115.1503,7395.5517267432215,Refined / Articles
7404,Copper Waste And Scrap,2018,Feb,Suriname,141184,2.44,115.1503,122608.45173655648,Refined / Articles
7404,Copper Waste And Scrap,2018,Apr,Suriname,178150,2.44,115.1503,154710.84313284463,Refined / Articles
7404,Copper Waste And Scrap,2018,May,Suriname,121201,2.44,115.1503,105254.61071312884,Refined / Articles
7404,Copper Waste And Scrap,2018,Jun,Suriname,54400,2.44,115.1503,47242.60379695059,Refined / Articles
7404,Copper Waste And Scrap,2018,Jul,Suriname,12389,2.44,115.1503,10758.981956625385,Refined / Articles
7404,Copper Waste And Scrap,2018,Aug,Suriname,10368,2.44,115.1503,9003.884488359996,Refined / Articles
7404,Copper Waste And Scrap,2018,Oct,Suriname,231052,2.44,115.1503,200652.5384649454,Refined / Articles
7404,Copper Waste And Scrap,2018,Dec,Suriname,133254,2.44,115.1503,115721.80011689069,Refined / Articles
7404,Copper Waste And Scrap,2019,Feb,Suriname,196558,1.81,117.2345,167662.24959376294,Refined / Articles
7404,Copper Waste And Scrap,2019,Apr,Suriname,12380,1.81,117.2345,10560.031390077154,Refined / Articles
7404,Copper Waste And Scrap,2019,May,Suriname,202383,1.81,117.2345,172630.92349095191,Refined / Articles
7404,Copper Waste And Scrap,2019,Jul,Suriname,128130,1.81,117.2345,109293.76591361758,Refined / Articles
7404,Copper Waste And Scrap,2019,Aug,Suriname,211470,1.81,117.2345,180382.0547705667,Refined / Articles
7404,Copper Waste And Scrap,2019,Sep,Suriname,14998,1.81,117.2345,12793.162422324487,Refined / Articles
7404,Copper Waste And Scrap,2019,Oct,Suriname,66959,1.81,117.2345,57115.43956770405,Refined / Articles
7404,Copper Waste And Scrap,2019,Dec,Suriname,153916,1.81,117.2345,131288.99769265874,Refined / Articles
7404,Copper Waste And Scrap,2020,Jan,Suriname,15238,1.23,118.6765,12839.94725156202,Refined / Articles
7404,Copper Waste And Scrap,2020,Feb,Suriname,127857,1.23,118.6765,107735.73538147821,Refined / Articles
7404,Copper Waste And Scrap,2020,Mar,Suriname,15706,1.23,118.6765,13234.29659620902,Refined / Articles
7404,Copper Waste And Scrap,2020,Jun,Suriname,82804,1.23,118.6765,69772.86994476581,Refined / Articles
7404,Copper Waste And Scrap,2020,Aug,Suriname,12196,1.23,118.6765,10276.676511356503,Refined / Articles
7404,Copper Waste And Scrap,2020,Sep,Suriname,8116,1.23,118.6765,6838.759147767249,Refined / Articles
7404,Copper Waste And Scrap,2020,Oct,Suriname,93148,1.23,118.6765,78489.00161363033,Refined / Articles
7404,Copper Waste And Scrap,2020,Nov,Suriname,4198,1.23,118.6765,3537.3473265558046,Refined / Articles
7404,Copper Waste And Scrap,2020,Dec,Suriname,6778,1.23,118.6765,5711.324482943127,Refined / Articles
7404,Copper Waste And Scrap,2021,Jan,Suriname,95581,4.7,124.2543,76923.69600086274,Refined / Articles
7404,Copper Waste And Scrap,2021,Feb,Suriname,6259,4.7,124.2543,5037.250219911906,Refined / Articles
7404,Copper Waste And Scrap,2021,Mar,Suriname,14730,4.7,124.2543,11854.720520738518,Refined / Articles
7404,Copper Waste And Scrap,2021,Apr,Suriname,191400,4.7,124.2543,154038.93466865935,Refined / Articles
7404,Copper Waste And Scrap,2021,May,Suriname,304132,4.7,124.2543,244765.77470558364,Refined / Articles
7404,Copper Waste And Scrap,2021,Jul,Suriname,3264,4.7,124.2543,2626.8708608072316,Refined / Articles
7404,Copper Waste And Scrap,2021,Aug,Suriname,212220,4.7,124.2543,170794.8940197643,Refined / Articles
7404,Copper Waste And Scrap,2021,Sep,Suriname,211385,4.7,124.2543,170122.88508325265,Refined / Articles
7404,Copper Waste And Scrap,2021,Oct,Suriname,206320,4.7,124.2543,166046.56740249635,Refined / Articles
7404,Copper Waste And Scrap,2021,Nov,Suriname,684604,4.7,124.2543,550970.0670318855,Refined / Articles
7404,Copper Waste And Scrap,2021,Dec,Suriname,197441,4.7,124.2543,158900.7382440688,Refined / Articles
7404,Copper Waste And Scrap,2022,Jan,Suriname,485865,8.0,134.1947,362059.7534775963,Refined / Articles
7404,Copper Waste And Scrap,2022,Feb,Suriname,120418,8.0,134.1947,89733.79723640352,Refined / Articles
7404,Copper Waste And Scrap,2022,Mar,Suriname,227166,8.0,134.1947,169280.90304609644,Refined / Articles
7404,Copper Waste And Scrap,2022,Apr,Suriname,14204,8.0,134.1947,10584.62070409636,Refined / Articles
7404,Copper Waste And Scrap,2022,May,Suriname,377718,8.0,134.1947,281470.13257602573,Refined / Articles
7404,Copper Waste And Scrap,2022,Jun,Suriname,559033,8.0,134.1947,416583.5163385737,Refined / Articles
7404,Copper Waste And Scrap,2022,Jul,Suriname,190536,8.0,134.1947,141984.7430636232,Refined / Articles
7404,Copper Waste And Scrap,2022,Aug,Suriname,113901,8.0,134.1947,84877.42064328918,Refined / Articles
7404,Copper Waste And Scrap,2022,Oct,Suriname,234539,8.0,134.1947,174775.15878048836,Refined / Articles
7404,Copper Waste And Scrap,2022,Nov,Suriname,154942,8.0,134.1947,115460.59568671489,Refined / Articles
7404,Copper Waste And Scrap,2022,Dec,Suriname,387753,8.0,134.1947,288948.07321004476,Refined / Articles
7404,Copper Waste And Scrap,2023,Jan,Suriname,427363,4.12,139.7235,305863.3658618629,Refined / Articles
7404,Copper Waste And Scrap,2023,Apr,Suriname,161417,4.12,139.7235,115526.02103440008,Refined / Articles
7404,Copper Waste And Scrap,2023,May,Suriname,326470,4.12,139.7235,233654.3244336135,Refined / Articles
7404,Copper Waste And Scrap,2023,Jun,Suriname,261051,4.12,139.7235,186833.99714436012,Refined / Articles
7404,Copper Waste And Scrap,2023,Jul,Suriname,166354,4.12,139.7235,119059.4280847531,Refined / Articles
7404,Copper Waste And Scrap,2023,Aug,Suriname,207984,4.12,139.7235,148853.98662358156,Refined / Articles
7404,Copper Waste And Scrap,2023,Sep,Suriname,176444,4.12,139.7235,126280.83321703221,Refined / Articles
7404,Copper Waste And Scrap,2023,Oct,Suriname,86069,4.12,139.7235,61599.51618732711,Refined / Articles
7404,Copper Waste And Scrap,2023,Nov,Suriname,163354,4.12,139.7235,116912.33042401599,Refined / Articles
7404,Copper Waste And Scrap,2023,Dec,Suriname,168213,4.12,139.7235,120389.91293518986,Refined / Articles
7404,Copper Waste And Scrap,2024,Jan,Suriname,168750,2.9,143.7755,117370.48384460495,Refined / Articles
7404,Copper Waste And Scrap,2024,Feb,Suriname,290816,2.9,143.7755,202270.90150964525,Refined / Articles
7404,Copper Waste And Scrap,2024,Apr,Suriname,352701,2.9,143.7755,245313.70087393193,Refined / Articles
7404,Copper Waste And Scrap,2024,Jun,Suriname,123109,2.9,143.7755,85625.8541962991,Refined / Articles
7404,Copper Waste And Scrap,2024,Aug,Suriname,633060,2.9,143.7755,440311.457793574,Refined / Articles
7404,Copper Waste And Scrap,2024,Sep,Suriname,16535,2.9,143.7755,11500.568594788403,Refined / Articles
7404,Copper Waste And Scrap,2024,Oct,Suriname,211276,2.9,143.7755,146948.54130223856,Refined / Articles
7404,Copper Waste And Scrap,2024,Nov,Suriname,134842,2.9,143.7755,93786.49352636575,Refined / Articles
7404,Copper Waste And Scrap,2024,Dec,Suriname,294252,2.9,143.7755,204660.7384429197,Refined / Articles
7404,Copper Waste And Scrap,2025,Jan,Suriname,353142,2.8,147.8012,238930.40110635097,Refined / Articles
7404,Copper Waste And Scrap,2025,Feb,Suriname,196044,2.8,147.8012,132640.33038973974,Refined / Articles
7404,Copper Waste And Scrap,2025,Mar,Suriname,286374,2.8,147.8012,193756.20766272536,Refined / Articles
7404,Copper Waste And Scrap,2025,Apr,Suriname,191223,2.8,147.8012,129378.51654790353,Refined / Articles
7404,Copper Waste And Scrap,2025,May,Suriname,199605,2.8,147.8012,135049.64777011282,Refined / Articles
7404,Copper Waste And Scrap,2025,Jun,Suriname,195140,2.8,147.8012,132028.69800786462,Refined / Articles
7404,Copper Waste And Scrap,2025,Aug,Suriname,945405,2.8,147.8012,639646.3628170814,Refined / Articles
7404,Copper Waste And Scrap,2025,Sep,Suriname,296150,2.8,147.8012,200370.49766848984,Refined / Articles
7404,Copper Waste And Scrap,2025,Oct,Suriname,515484,2.8,147.8012,348768.4809054324,Refined / Articles
7404,Copper Waste And Scrap,2025,Nov,Suriname,429535,2.8,147.8012,290616.72029726417,Refined / Articles
7404,Copper Waste And Scrap,2013,Jul,Uruguay,108024,1.46,106.8327,101115.1080146809,Refined / Articles
7404,Copper Waste And Scrap,2014,Sep,Uruguay,117192,1.62,108.5634,107947.98246922996,Refined / Articles
7404,Copper Waste And Scrap,2015,May,Uruguay,66900,0.12,108.6937,61549.10542193337,Refined / Articles
7404,Copper Waste And Scrap,2016,Oct,Uruguay,33472,1.26,110.0632,30411.61805217366,Refined / Articles
7404,Copper Waste And Scrap,2017,Mar,Uruguay,90447,2.13,112.4076,80463.42062280486,Refined / Articles
7404,Copper Waste And Scrap,2017,Aug,Uruguay,69826,2.13,112.4076,62118.57561232514,Refined / Articles
7404,Copper Waste And Scrap,2018,Nov,Uruguay,99074,2.44,115.1503,86038.85530476256,Refined / Articles
7404,Copper Waste And Scrap,2019,Jan,Uruguay,94670,1.81,117.2345,80752.67945869177,Refined / Articles
7404,Copper Waste And Scrap,2021,Feb,Uruguay,146968,4.7,124.2543,118280.01123502366,Refined / Articles
7404,Copper Waste And Scrap,2021,Apr,Uruguay,568909,4.7,124.2543,457858.60127174674,Refined / Articles
7404,Copper Waste And Scrap,2021,May,Uruguay,926480,4.7,124.2543,745632.1431129546,Refined / Articles
7404,Copper Waste And Scrap,2021,Jun,Uruguay,497100,4.7,124.2543,400066.6375328661,Refined / Articles
7404,Copper Waste And Scrap,2021,Jul,Uruguay,172186,4.7,124.2543,138575.48591879717,Refined / Articles
7404,Copper Waste And Scrap,2021,Aug,Uruguay,168443,4.7,124.2543,135563.11532075753,Refined / Articles
7404,Copper Waste And Scrap,2021,Sep,Uruguay,510660,4.7,124.2543,410979.74074136675,Refined / Articles
7404,Copper Waste And Scrap,2021,Oct,Uruguay,504329,4.7,124.2543,405884.54484070174,Refined / Articles
7404,Copper Waste And Scrap,2021,Nov,Uruguay,633088,4.7,124.2543,509509.9324530419,Refined / Articles
7404,Copper Waste And Scrap,2022,Feb,Uruguay,179819,8.0,134.1947,133998.58563713767,Refined / Articles
7404,Copper Waste And Scrap,2022,Mar,Uruguay,166366,8.0,134.1947,123973.59955348459,Refined / Articles
7404,Copper Waste And Scrap,2022,Aug,Uruguay,105611,8.0,134.1947,78699.82942694458,Refined / Articles
7404,Copper Waste And Scrap,2022,Oct,Uruguay,73639,8.0,134.1947,54874.745425862566,Refined / Articles
7404,Copper Waste And Scrap,2022,Dec,Uruguay,93269,8.0,134.1947,69502.74489230945,Refined / Articles
7404,Copper Waste And Scrap,2023,May,Uruguay,149073,4.12,139.7235,106691.42985968717,Refined / Articles
7404,Copper Waste And Scrap,2023,Jun,Uruguay,132657,4.12,139.7235,94942.51146013377,Refined / Articles
7404,Copper Waste And Scrap,2023,Sep,Uruguay,150275,4.12,139.7235,107551.70032242249,Refined / Articles
7404,Copper Waste And Scrap,2024,Jan,Uruguay,113934,2.9,143.7755,79244.37751911835,Refined / Articles
7404,Copper Waste And Scrap,2024,Feb,Uruguay,93621,2.9,143.7755,65116.10114379711,Refined / Articles
7404,Copper Waste And Scrap,2024,Aug,Uruguay,413998,2.9,143.7755,287947.5293078445,Refined / Articles
7404,Copper Waste And Scrap,2025,Mar,Uruguay,158094,2.8,147.8012,106963.94887186302,Refined / Articles
7404,Copper Waste And Scrap,2025,Jun,Uruguay,168242,2.8,147.8012,113829.9283091071,Refined / Articles
7404,Copper Waste And Scrap,2025,Oct,Uruguay,142931,2.8,147.8012,96704.89820109715,Refined / Articles
7404,Copper Waste And Scrap,2010,Jun,Venezuela,79753,1.64,100.0,79753.0,Refined / Articles
7404,Copper Waste And Scrap,2010,Oct,Venezuela,37592,1.64,100.0,37592.0,Refined / Articles
7404,Copper Waste And Scrap,2016,Jan,Venezuela,37400,1.26,110.0632,33980.47667158505,Refined / Articles
7404,Copper Waste And Scrap,2016,Apr,Venezuela,831937,1.26,110.0632,755872.0807681405,Refined / Articles
7404,Copper Waste And Scrap,2016,May,Venezuela,1052228,1.26,110.0632,956021.6312082513,Refined / Articles
7404,Copper Waste And Scrap,2016,Jul,Venezuela,30483,1.26,110.0632,27695.905625131745,Refined / Articles
7404,Copper Waste And Scrap,2016,Aug,Venezuela,30524,1.26,110.0632,27733.156949825196,Refined / Articles
7404,Copper Waste And Scrap,2016,Oct,Venezuela,238005,1.26,110.0632,216243.9398454706,Refined / Articles
7404,Copper Waste And Scrap,2016,Nov,Venezuela,155697,1.26,110.0632,141461.45123892455,Refined / Articles
7404,Copper Waste And Scrap,2016,Dec,Venezuela,633378,1.26,110.0632,575467.5495533475,Refined / Articles
7404,Copper Waste And Scrap,2017,Jan,Venezuela,196675,2.13,112.4076,174965.92757073365,Refined / Articles
7404,Copper Waste And Scrap,2017,Mar,Venezuela,3977602,2.13,112.4076,3538552.5533860703,Refined / Articles
7404,Copper Waste And Scrap,2017,Apr,Venezuela,302297,2.13,112.4076,268929.3250634299,Refined / Articles
7404,Copper Waste And Scrap,2017,Jul,Venezuela,1358220,2.13,112.4076,1208299.0829801543,Refined / Articles
7404,Copper Waste And Scrap,2017,Aug,Venezuela,246413,2.13,112.4076,219213.82539970605,Refined / Articles
7404,Copper Waste And Scrap,2017,Sep,Venezuela,3192302,2.13,112.4076,2839934.3104914613,Refined / Articles
7404,Copper Waste And Scrap,2017,Oct,Venezuela,84057,2.13,112.4076,74778.7516146595,Refined / Articles
7404,Copper Waste And Scrap,2017,Nov,Venezuela,790699,2.13,112.4076,703421.2989157317,Refined / Articles
7404,Copper Waste And Scrap,2017,Dec,Venezuela,1868791,2.13,112.4076,1662513.0329265995,Refined / Articles
7404,Copper Waste And Scrap,2018,Jan,Venezuela,2406111,2.44,115.1503,2089539.497508908,Refined / Articles
7404,Copper Waste And Scrap,2018,Feb,Venezuela,2368283,2.44,115.1503,2056688.5192656901,Refined / Articles
7404,Copper Waste And Scrap,2018,Mar,Venezuela,2052986,2.44,115.1503,1782875.0771817355,Refined / Articles
7404,Copper Waste And Scrap,2018,Apr,Venezuela,449827,2.44,115.1503,390643.35915755323,Refined / Articles
7404,Copper Waste And Scrap,2018,May,Venezuela,551502,2.44,115.1503,478941.0014563575,Refined / Articles
7404,Copper Waste And Scrap,2018,Jun,Venezuela,2819612,2.44,115.1503,2448636.2606089604,Refined / Articles
7404,Copper Waste And Scrap,2018,Jul,Venezuela,1477394,2.44,115.1503,1283013.591801324,Refined / Articles
7404,Copper Waste And Scrap,2018,Aug,Venezuela,2214809,2.44,115.1503,1923407.060163977,Refined / Articles
7404,Copper Waste And Scrap,2018,Sep,Venezuela,72276,2.44,115.1503,62766.66235346325,Refined / Articles
7404,Copper Waste And Scrap,2018,Oct,Venezuela,1014532,2.44,115.1503,881050.2447670565,Refined / Articles
7404,Copper Waste And Scrap,2018,Nov,Venezuela,118526,2.44,115.1503,102931.55988303981,Refined / Articles
7404,Copper Waste And Scrap,2018,Dec,Venezuela,105611,2.44,115.1503,91715.78363234832,Refined / Articles
7404,Copper Waste And Scrap,2019,Jan,Venezuela,73202,1.81,117.2345,62440.663797772846,Refined / Articles
7404,Copper Waste And Scrap,2019,Feb,Venezuela,186942,1.81,117.2345,159459.88595507294,Refined / Articles
7404,Copper Waste And Scrap,2019,Mar,Venezuela,98682,1.81,117.2345,84174.8802613565,Refined / Articles
7404,Copper Waste And Scrap,2019,Apr,Venezuela,216837,1.81,117.2345,184960.05868579642,Refined / Articles
7404,Copper Waste And Scrap,2019,May,Venezuela,208801,1.81,117.2345,178105.4211857431,Refined / Articles
7404,Copper Waste And Scrap,2019,Jun,Venezuela,248512,1.81,117.2345,211978.55580055361,Refined / Articles
7404,Copper Waste And Scrap,2019,Jul,Venezuela,354761,1.81,117.2345,302608.0206765073,Refined / Articles
7404,Copper Waste And Scrap,2019,Aug,Venezuela,603433,1.81,117.2345,514723.0550733786,Refined / Articles
7404,Copper Waste And Scrap,2019,Sep,Venezuela,107113,1.81,117.2345,91366.449296069,Refined / Articles
7404,Copper Waste And Scrap,2019,Oct,Venezuela,163878,1.81,117.2345,139786.4962958856,Refined / Articles
7404,Copper Waste And Scrap,2019,Dec,Venezuela,86182,1.81,117.2345,73512.48992404113,Refined / Articles
7404,Copper Waste And Scrap,2020,Apr,Venezuela,158834,1.23,118.6765,133837.7859138077,Refined / Articles
7404,Copper Waste And Scrap,2020,Jun,Venezuela,159937,1.23,118.6765,134767.2032795035,Refined / Articles
7404,Copper Waste And Scrap,2020,Sep,Venezuela,194637,1.23,118.6765,164006.3534061082,Refined / Articles
7404,Copper Waste And Scrap,2020,Oct,Venezuela,97033,1.23,118.6765,81762.60675028333,Refined / Articles
7404,Copper Waste And Scrap,2020,Nov,Venezuela,63742,1.23,118.6765,53710.71779164366,Refined / Articles
7404,Copper Waste And Scrap,2021,Jan,Venezuela,312312,4.7,124.2543,251349.04788003315,Refined / Articles
7404,Copper Waste And Scrap,2021,Feb,Venezuela,49491,4.7,124.2543,39830.41230766259,Refined / Articles
7404,Copper Waste And Scrap,2021,Aug,Venezuela,1340226,4.7,124.2543,1078615.3879584046,Refined / Articles
7404,Copper Waste And Scrap,2021,Sep,Venezuela,399476,4.7,124.2543,321498.7328406341,Refined / Articles
7404,Copper Waste And Scrap,2021,Nov,Venezuela,793509,4.7,124.2543,638616.9331765581,Refined / Articles
7404,Copper Waste And Scrap,2021,Dec,Venezuela,693004,4.7,124.2543,557730.3964530806,Refined / Articles
7404,Copper Waste And Scrap,2022,Jan,Venezuela,4863,8.0,134.1947,3623.8390934962404,Refined / Articles
7404,Copper Waste And Scrap,2022,Feb,Venezuela,14380,8.0,134.1947,10715.77342473287,Refined / Articles
7404,Copper Waste And Scrap,2022,Apr,Venezuela,11806,8.0,134.1947,8797.66488542394,Refined / Articles
7404,Copper Waste And Scrap,2022,May,Venezuela,11466,8.0,134.1947,8544.301675103412,Refined / Articles
7404,Copper Waste And Scrap,2022,Jun,Venezuela,5733,8.0,134.1947,4272.150837551706,Refined / Articles
7404,Copper Waste And Scrap,2022,Aug,Venezuela,40131,8.0,134.1947,29905.055862861947,Refined / Articles
7404,Copper Waste And Scrap,2023,Feb,Venezuela,5733,4.12,139.7235,4103.103629668595,Refined / Articles
7404,Copper Waste And Scrap,2023,Mar,Venezuela,28665,4.12,139.7235,20515.518148342977,Refined / Articles
7404,Copper Waste And Scrap,2023,Apr,Venezuela,22932,4.12,139.7235,16412.41451867438,Refined / Articles
7404,Copper Waste And Scrap,2023,May,Venezuela,17199,4.12,139.7235,12309.310889005787,Refined / Articles
7404,Copper Waste And Scrap,2023,Jul,Venezuela,380279,4.12,139.7235,272165.3837758144,Refined / Articles
7404,Copper Waste And Scrap,2023,Aug,Venezuela,153689,4.12,139.7235,109995.09746034132,Refined / Articles
7404,Copper Waste And Scrap,2024,Apr,Venezuela,156115,2.9,143.7755,108582.4775431141,Refined / Articles
7404,Copper Waste And Scrap,2024,May,Venezuela,131943,2.9,143.7755,91770.1555550146,Refined / Articles
7404,Copper Waste And Scrap,2024,Jun,Venezuela,260911,2.9,143.7755,181471.11295039838,Refined / Articles
7404,Copper Waste And Scrap,2024,Jul,Venezuela,132587,2.9,143.7755,92218.07609780526,Refined / Articles
7404,Copper Waste And Scrap,2024,Aug,Venezuela,96137,2.9,143.7755,66866.05158737059,Refined / Articles
7404,Copper Waste And Scrap,2024,Sep,Venezuela,26694,2.9,143.7755,18566.445604431912,Refined / Articles
7404,Copper Waste And Scrap,2024,Nov,Venezuela,547974,2.9,143.7755,381131.69489933964,Refined / Articles
7404,Copper Waste And Scrap,2024,Dec,Venezuela,102547,2.9,143.7755,71324.3911514827,Refined / Articles
7404,Copper Waste And Scrap,2025,Jan,Venezuela,133921,2.8,147.8012,90608.87191714275,Refined / Articles
7404,Copper Waste And Scrap,2025,Feb,Venezuela,40871,2.8,147.8012,27652.684822586012,Refined / Articles
7404,Copper Waste And Scrap,2025,Mar,Venezuela,59924,2.8,147.8012,40543.6491719959,Refined / Articles
7404,Copper Waste And Scrap,2025,Apr,Venezuela,114491,2.8,147.8012,77462.83521378717,Refined / Articles
7404,Copper Waste And Scrap,2025,Jun,Venezuela,159632,2.8,147.8012,108004.53582244259,Refined / Articles
7408,Copper Wire,2013,Jan,Argentina,58343,1.46,106.8327,54611.556199553124,Advanced Product
7408,Copper Wire,2013,Mar,Argentina,13840,1.46,106.8327,12954.834989661404,Advanced Product
7408,Copper Wire,2021,Jan,Argentina,3418,4.7,124.2543,2750.8102335291414,Advanced Product
7408,Copper Wire,2010,Feb,Brazil,138506,1.64,100.0,138506.0,Advanced Product
7408,Copper Wire,2010,Mar,Brazil,20662,1.64,100.0,20662.0,Advanced Product
7408,Copper Wire,2010,Jun,Brazil,18533,1.64,100.0,18533.0,Advanced Product
7408,Copper Wire,2010,Jul,Brazil,12645,1.64,100.0,12645.0,Advanced Product
7408,Copper Wire,2010,Aug,Brazil,89104,1.64,100.0,89104.0,Advanced Product
7408,Copper Wire,2010,Sep,Brazil,67592,1.64,100.0,67592.0,Advanced Product
7408,Copper Wire,2010,Nov,Brazil,37824,1.64,100.0,37824.0,Advanced Product
7408,Copper Wire,2010,Dec,Brazil,5013,1.64,100.0,5013.0,Advanced Product
7408,Copper Wire,2011,Jul,Brazil,17974,3.16,103.16,17423.419930205506,Advanced Product
7408,Copper Wire,2011,Aug,Brazil,16731,3.16,103.16,16218.49554090733,Advanced Product
7408,Copper Wire,2011,Sep,Brazil,15394,3.16,103.16,14922.450562233425,Advanced Product
7408,Copper Wire,2011,Nov,Brazil,29064,3.16,103.16,28173.71074059713,Advanced Product
7408,Copper Wire,2012,Jan,Brazil,14352,2.07,105.2954,13630.225062063491,Advanced Product
7408,Copper Wire,2012,Feb,Brazil,15836,2.07,105.2954,15039.593372549987,Advanced Product
7408,Copper Wire,2012,Mar,Brazil,97407,2.07,105.2954,92508.3147032064,Advanced Product
7408,Copper Wire,2012,Apr,Brazil,7093,2.07,105.2954,6736.286675391328,Advanced Product
7408,Copper Wire,2012,Jun,Brazil,14805,2.07,105.2954,14060.44328622143,Advanced Product
7408,Copper Wire,2012,Sep,Brazil,7996,2.07,105.2954,7593.873996394905,Advanced Product
7408,Copper Wire,2012,Oct,Brazil,7536,2.07,105.2954,7157.007808508254,Advanced Product
7408,Copper Wire,2012,Nov,Brazil,30148,2.07,105.2954,28631.83007044942,Advanced Product
7408,Copper Wire,2012,Dec,Brazil,52758,2.07,105.2954,50104.75291418239,Advanced Product
7408,Copper Wire,2013,Jan,Brazil,28966,1.46,106.8327,27113.421265211866,Advanced Product
7408,Copper Wire,2013,Feb,Brazil,6481,1.46,106.8327,6066.494621964997,Advanced Product
7408,Copper Wire,2013,Mar,Brazil,22686,1.46,106.8327,21235.071284353948,Advanced Product
7408,Copper Wire,2013,Apr,Brazil,28146,1.46,106.8327,26345.866012934242,Advanced Product
7408,Copper Wire,2013,May,Brazil,19444,1.46,106.8327,18200.419908885575,Advanced Product
7408,Copper Wire,2013,Jun,Brazil,9722,1.46,106.8327,9100.209954442787,Advanced Product
7408,Copper Wire,2013,Jul,Brazil,24168,1.46,106.8327,22622.28699639717,Advanced Product
7408,Copper Wire,2013,Aug,Brazil,68901,1.46,106.8327,64494.29809412286,Advanced Product
7408,Copper Wire,2013,Sep,Brazil,9900,1.46,106.8327,9266.825606766468,Advanced Product
7408,Copper Wire,2014,Feb,Brazil,5156,1.62,108.5634,4749.298566551895,Advanced Product
7408,Copper Wire,2014,Mar,Brazil,11367,1.62,108.5634,10470.379520169781,Advanced Product
7408,Copper Wire,2014,May,Brazil,64390,1.62,108.5634,59310.964837136635,Advanced Product
7408,Copper Wire,2014,Nov,Brazil,4077,1.62,108.5634,3755.4092815810855,Advanced Product
7408,Copper Wire,2014,Dec,Brazil,13523,1.62,108.5634,12456.315848619332,Advanced Product
7408,Copper Wire,2015,Jan,Brazil,2450,0.12,108.6937,2254.0404825670666,Advanced Product
7408,Copper Wire,2015,Feb,Brazil,4505,0.12,108.6937,4144.674438352912,Advanced Product
7408,Copper Wire,2015,Apr,Brazil,28311,0.12,108.6937,26046.58779671683,Advanced Product
7408,Copper Wire,2015,Jul,Brazil,5874,0.12,108.6937,5404.177059019979,Advanced Product
7408,Copper Wire,2015,Aug,Brazil,11800,0.12,108.6937,10856.19497726179,Advanced Product
7408,Copper Wire,2015,Dec,Brazil,6964,0.12,108.6937,6406.995069631451,Advanced Product
7408,Copper Wire,2016,Jan,Brazil,7923,1.26,110.0632,7198.591354785251,Advanced Product
7408,Copper Wire,2016,Feb,Brazil,133992,1.26,110.0632,121740.9633737707,Advanced Product
7408,Copper Wire,2016,Mar,Brazil,14001,1.26,110.0632,12720.873098365304,Advanced Product
7408,Copper Wire,2016,Apr,Brazil,37971,1.26,110.0632,34499.26951060845,Advanced Product
7408,Copper Wire,2016,May,Brazil,73584,1.26,110.0632,66856.13356689613,Advanced Product
7408,Copper Wire,2016,Jun,Brazil,3523,1.26,110.0632,3200.888216951715,Advanced Product
7408,Copper Wire,2016,Jul,Brazil,2217,1.26,110.0632,2014.2972401311247,Advanced Product
7408,Copper Wire,2016,Sep,Brazil,6893,1.26,110.0632,6262.765392974219,Advanced Product
7408,Copper Wire,2016,Oct,Brazil,24744,1.26,110.0632,22481.628736943865,Advanced Product
7408,Copper Wire,2016,Nov,Brazil,30451,1.26,110.0632,27666.831420492956,Advanced Product
7408,Copper Wire,2017,Feb,Brazil,3395,2.13,112.4076,3020.2584166906863,Advanced Product
7408,Copper Wire,2017,Mar,Brazil,4726,2.13,112.4076,4204.34205516353,Advanced Product
7408,Copper Wire,2017,May,Brazil,11977,2.13,112.4076,10654.97350712941,Advanced Product
7408,Copper Wire,2017,Jun,Brazil,2336,2.13,112.4076,2078.1512993783335,Advanced Product
7408,Copper Wire,2017,Sep,Brazil,5925,2.13,112.4076,5270.995911308488,Advanced Product
7408,Copper Wire,2017,Oct,Brazil,15336,2.13,112.4076,13643.205619548857,Advanced Product
7408,Copper Wire,2017,Dec,Brazil,11238,2.13,112.4076,9997.544650005872,Advanced Product
7408,Copper Wire,2018,Jan,Brazil,95996,2.44,115.1503,83365.82709728068,Advanced Product
7408,Copper Wire,2018,Feb,Brazil,13326,2.44,115.1503,11572.701069819183,Advanced Product
7408,Copper Wire,2018,Mar,Brazil,80856,2.44,115.1503,70217.79361408524,Advanced Product
7408,Copper Wire,2018,Apr,Brazil,15475,2.44,115.1503,13438.957605842103,Advanced Product
7408,Copper Wire,2018,May,Brazil,99804,2.44,115.1503,86672.80936306722,Advanced Product
7408,Copper Wire,2018,Jun,Brazil,68621,2.44,115.1503,59592.54991085563,Advanced Product
7408,Copper Wire,2018,Jul,Brazil,406485,2.44,115.1503,353003.85669859307,Advanced Product
7408,Copper Wire,2018,Aug,Brazil,95742,2.44,115.1503,83145.24582219933,Advanced Product
7408,Copper Wire,2018,Sep,Brazil,32169,2.44,115.1503,27936.53164603132,Advanced Product
7408,Copper Wire,2018,Oct,Brazil,54201,2.44,115.1503,47069.78618379631,Advanced Product
7408,Copper Wire,2018,Nov,Brazil,16298,2.44,115.1503,14153.67567431435,Advanced Product
7408,Copper Wire,2018,Dec,Brazil,16350,2.44,115.1503,14198.83404559085,Advanced Product
7408,Copper Wire,2019,Jan,Brazil,60359,1.81,117.2345,51485.69746960153,Advanced Product
7408,Copper Wire,2019,Feb,Brazil,36164,1.81,117.2345,30847.574732693873,Advanced Product
7408,Copper Wire,2019,Mar,Brazil,87958,1.81,117.2345,75027.4023431669,Advanced Product
7408,Copper Wire,2019,May,Brazil,25582,1.81,117.2345,21821.221568736168,Advanced Product
7408,Copper Wire,2019,Jun,Brazil,165214,1.81,117.2345,140926.09257513785,Advanced Product
7408,Copper Wire,2019,Jul,Brazil,88522,1.81,117.2345,75508.48939518658,Advanced Product
7408,Copper Wire,2019,Aug,Brazil,56116,1.81,117.2345,47866.455693503194,Advanced Product
7408,Copper Wire,2019,Sep,Brazil,14606,1.81,117.2345,12458.789861346277,Advanced Product
7408,Copper Wire,2019,Oct,Brazil,3862,1.81,117.2345,3294.25211861696,Advanced Product
7408,Copper Wire,2019,Nov,Brazil,2497,1.81,117.2345,2129.9190937821204,Advanced Product
7408,Copper Wire,2019,Dec,Brazil,6580,1.81,117.2345,5612.682273562817,Advanced Product
7408,Copper Wire,2020,Jan,Brazil,123453,1.23,118.6765,104024.80693313334,Advanced Product
7408,Copper Wire,2020,Feb,Brazil,123564,1.23,118.6765,104118.33850846629,Advanced Product
7408,Copper Wire,2020,Mar,Brazil,10781,1.23,118.6765,9084.35958256268,Advanced Product
7408,Copper Wire,2020,May,Brazil,89562,1.23,118.6765,75467.34189161292,Advanced Product
7408,Copper Wire,2020,Jun,Brazil,273129,1.23,118.6765,230145.81656857085,Advanced Product
7408,Copper Wire,2020,Jul,Brazil,162664,1.23,118.6765,137065.04657619665,Advanced Product
7408,Copper Wire,2020,Aug,Brazil,104965,1.23,118.6765,88446.32256596714,Advanced Product
7408,Copper Wire,2020,Sep,Brazil,124494,1.23,118.6765,104901.98143693148,Advanced Product
7408,Copper Wire,2020,Oct,Brazil,133101,1.23,118.6765,112154.47034585616,Advanced Product
7408,Copper Wire,2020,Nov,Brazil,192076,1.23,118.6765,161848.3861590121,Advanced Product
7408,Copper Wire,2020,Dec,Brazil,138128,1.23,118.6765,116390.35529359223,Advanced Product
7408,Copper Wire,2021,Jan,Brazil,116790,4.7,124.2543,93992.72298825876,Advanced Product
7408,Copper Wire,2021,Feb,Brazil,24436,4.7,124.2543,19666.12020670512,Advanced Product
7408,Copper Wire,2021,Mar,Brazil,22466,4.7,124.2543,18080.66199721056,Advanced Product
7408,Copper Wire,2021,Apr,Brazil,145023,4.7,124.2543,116714.67305356837,Advanced Product
7408,Copper Wire,2021,May,Brazil,6873,4.7,124.2543,5531.398108556404,Advanced Product
7408,Copper Wire,2021,Jun,Brazil,154279,4.7,124.2543,124163.91223482808,Advanced Product
7408,Copper Wire,2021,Aug,Brazil,329689,4.7,124.2543,265334.07696956967,Advanced Product
7408,Copper Wire,2021,Sep,Brazil,168307,4.7,124.2543,135453.6623682239,Advanced Product
7408,Copper Wire,2021,Oct,Brazil,138967,4.7,124.2543,111840.79746133534,Advanced Product
7408,Copper Wire,2021,Nov,Brazil,5286,4.7,124.2543,4254.178728623477,Advanced Product
7408,Copper Wire,2022,Jan,Brazil,27010,8.0,134.1947,20127.47150222773,Advanced Product
7408,Copper Wire,2022,Feb,Brazil,26660,8.0,134.1947,19866.656432780128,Advanced Product
7408,Copper Wire,2022,Apr,Brazil,10386,8.0,134.1947,7739.500889379386,Advanced Product
7408,Copper Wire,2022,May,Brazil,61966,8.0,134.1947,46176.190266828715,Advanced Product
7408,Copper Wire,2022,Jun,Brazil,92037,8.0,134.1947,68584.6758478539,Advanced Product
7408,Copper Wire,2022,Jul,Brazil,50374,8.0,134.1947,37537.99516672416,Advanced Product
7408,Copper Wire,2022,Aug,Brazil,35680,8.0,134.1947,26588.233365401164,Advanced Product
7408,Copper Wire,2022,Sep,Brazil,250012,8.0,134.1947,186305.42040781042,Advanced Product
7408,Copper Wire,2022,Oct,Brazil,130977,8.0,134.1947,97602.2152886813,Advanced Product
7408,Copper Wire,2022,Nov,Brazil,276510,8.0,134.1947,206051.35672273196,Advanced Product
7408,Copper Wire,2022,Dec,Brazil,139428,8.0,134.1947,103899.78143697178,Advanced Product
7408,Copper Wire,2023,Jan,Brazil,134473,4.12,139.7235,96242.22124409994,Advanced Product
7408,Copper Wire,2023,Feb,Brazil,30672,4.12,139.7235,21951.926483376097,Advanced Product
7408,Copper Wire,2023,Mar,Brazil,7475,4.12,139.7235,5349.851671336603,Advanced Product
7408,Copper Wire,2023,Apr,Brazil,14208,4.12,139.7235,10168.654521250899,Advanced Product
7408,Copper Wire,2023,Jun,Brazil,31143,4.12,139.7235,22289.02081611182,Advanced Product
7408,Copper Wire,2023,Sep,Brazil,48134,4.12,139.7235,34449.4662673065,Advanced Product
7408,Copper Wire,2023,Oct,Brazil,2571,4.12,139.7235,1840.0626952516934,Advanced Product
7408,Copper Wire,2023,Nov,Brazil,49229,4.12,139.7235,35233.15691347554,Advanced Product
7408,Copper Wire,2023,Dec,Brazil,54732,4.12,139.7235,39171.64972248763,Advanced Product
7408,Copper Wire,2024,Jan,Brazil,27369,2.9,143.7755,19035.92753981033,Advanced Product
7408,Copper Wire,2024,Feb,Brazil,20407,2.9,143.7755,14193.65608187765,Advanced Product
7408,Copper Wire,2024,Mar,Brazil,13342,2.9,143.7755,9279.745158250189,Advanced Product
7408,Copper Wire,2024,Apr,Brazil,16880,2.9,143.7755,11740.526028426262,Advanced Product
7408,Copper Wire,2024,May,Brazil,24071,2.9,143.7755,16742.07357999103,Advanced Product
7408,Copper Wire,2024,Jun,Brazil,72953,2.9,143.7755,50740.912046906466,Advanced Product
7408,Copper Wire,2024,Jul,Brazil,98086,2.9,143.7755,68221.6372052262,Advanced Product
7408,Copper Wire,2024,Aug,Brazil,67675,2.9,143.7755,47069.911076643795,Advanced Product
7408,Copper Wire,2024,Sep,Brazil,329976,2.9,143.7755,229507.80904952512,Advanced Product
7408,Copper Wire,2024,Oct,Brazil,238237,2.9,143.7755,165700.6930944424,Advanced Product
7408,Copper Wire,2024,Nov,Brazil,178968,2.9,143.7755,124477.39705304451,Advanced Product
7408,Copper Wire,2024,Dec,Brazil,229713,2.9,143.7755,159772.00566160437,Advanced Product
7408,Copper Wire,2025,Jan,Brazil,98322,2.8,147.8012,66523.14054283727,Advanced Product
7408,Copper Wire,2025,Feb,Brazil,69492,2.8,147.8012,47017.209603169664,Advanced Product
7408,Copper Wire,2025,Mar,Brazil,18484,2.8,147.8012,12505.987772765038,Advanced Product
7408,Copper Wire,2025,Apr,Brazil,17548,2.8,147.8012,11872.704687106736,Advanced Product
7408,Copper Wire,2025,May,Brazil,55011,2.8,147.8012,37219.58955678303,Advanced Product
7408,Copper Wire,2025,Jun,Brazil,99982,2.8,147.8012,67646.27080159025,Advanced Product
7408,Copper Wire,2025,Jul,Brazil,249710,2.8,147.8012,168949.91380313557,Advanced Product
7408,Copper Wire,2025,Aug,Brazil,25313,2.8,147.8012,17126.3832769964,Advanced Product
7408,Copper Wire,2025,Sep,Brazil,188700,2.8,147.8012,127671.49387149766,Advanced Product
7408,Copper Wire,2025,Oct,Brazil,217209,2.8,147.8012,146960.24118884015,Advanced Product
7408,Copper Wire,2025,Nov,Brazil,128316,2.8,147.8012,86816.61583261841,Advanced Product
7408,Copper Wire,2025,Dec,Brazil,57010,2.8,147.8012,38572.08195873917,Advanced Product
7408,Copper Wire,2010,Apr,Chile,121408,1.64,100.0,121408.0,Advanced Product
7408,Copper Wire,2010,Jun,Chile,20394,1.64,100.0,20394.0,Advanced Product
7408,Copper Wire,2010,Jul,Chile,60096,1.64,100.0,60096.0,Advanced Product
7408,Copper Wire,2012,Nov,Chile,2343635,2.07,105.2954,2225771.496190717,Advanced Product
7408,Copper Wire,2015,May,Chile,3063006,0.12,108.6937,2818016.1315697227,Advanced Product
7408,Copper Wire,2016,Mar,Chile,102195,1.26,110.0632,92851.19822065868,Advanced Product
7408,Copper Wire,2016,Aug,Chile,423737,1.26,110.0632,384994.25784458383,Advanced Product
7408,Copper Wire,2016,Sep,Chile,97995,1.26,110.0632,89035.20886181758,Advanced Product
7408,Copper Wire,2016,Nov,Chile,103967,1.26,110.0632,94461.18230253164,Advanced Product
7408,Copper Wire,2017,Jan,Chile,2968582,2.13,112.4076,2640908.6218369575,Advanced Product
7408,Copper Wire,2017,Feb,Chile,252720,2.13,112.4076,224824.65598411494,Advanced Product
7408,Copper Wire,2017,Apr,Chile,131020,2.13,112.4076,116557.95515605705,Advanced Product
7408,Copper Wire,2017,Sep,Chile,143928,2.13,112.4076,128041.16447642329,Advanced Product
7408,Copper Wire,2017,Oct,Chile,2808717,2.13,112.4076,2498689.5903835683,Advanced Product
7408,Copper Wire,2018,Dec,Chile,20959,2.44,115.1503,18201.428915078814,Advanced Product
7408,Copper Wire,2021,Sep,Chile,1046550,4.7,124.2543,842264.6137799658,Advanced Product
7408,Copper Wire,2022,Oct,Chile,1059734,8.0,134.1947,789698.8480170975,Advanced Product
7408,Copper Wire,2022,Dec,Chile,9450,8.0,134.1947,7042.00687508523,Advanced Product
7408,Copper Wire,2023,Jan,Chile,3884965,4.12,139.7235,2780466.4211818343,Advanced Product
7408,Copper Wire,2023,Feb,Chile,1794649,4.12,139.7235,1284428.8899147245,Advanced Product
7408,Copper Wire,2023,Mar,Chile,3069655,4.12,139.7235,2196949.6899233125,Advanced Product
7408,Copper Wire,2023,Apr,Chile,4943245,4.12,139.7235,3537876.591983453,Advanced Product
7408,Copper Wire,2023,May,Chile,7087624,4.12,139.7235,5072606.970194706,Advanced Product
7408,Copper Wire,2023,Jun,Chile,5429794,4.12,139.7235,3886099.331894778,Advanced Product
7408,Copper Wire,2023,Jul,Chile,4795180,4.12,139.7235,3431906.5869377735,Advanced Product
7408,Copper Wire,2023,Aug,Chile,4924548,4.12,139.7235,3524495.1636625193,Advanced Product
7408,Copper Wire,2023,Sep,Chile,4955072,4.12,139.7235,3546341.1666612993,Advanced Product
7408,Copper Wire,2023,Oct,Chile,5387524,4.12,139.7235,3855846.725854992,Advanced Product
7408,Copper Wire,2023,Nov,Chile,4894054,4.12,139.7235,3502670.631640347,Advanced Product
7408,Copper Wire,2024,Jan,Chile,3239881,2.9,143.7755,2253430.52189003,Advanced Product
7408,Copper Wire,2024,Feb,Chile,4418063,2.9,143.7755,3072890.0264648707,Advanced Product
7408,Copper Wire,2024,Mar,Chile,4413207,2.9,143.7755,3069512.5386453187,Advanced Product
7408,Copper Wire,2024,Apr,Chile,5380188,2.9,143.7755,3742075.6665774076,Advanced Product
7408,Copper Wire,2024,May,Chile,656651,2.9,143.7755,456719.6775528515,Advanced Product
7408,Copper Wire,2024,Jun,Chile,9670292,2.9,143.7755,6725966.524199185,Advanced Product
7408,Copper Wire,2024,Jul,Chile,6384320,2.9,143.7755,4440478.384703931,Advanced Product
7408,Copper Wire,2024,Aug,Chile,8863080,2.9,143.7755,6164527.336020393,Advanced Product
7408,Copper Wire,2024,Sep,Chile,8477867,2.9,143.7755,5896600.603023464,Advanced Product
7408,Copper Wire,2024,Oct,Chile,10926823,2.9,143.7755,7599920.014188788,Advanced Product
7408,Copper Wire,2024,Nov,Chile,5561419,2.9,143.7755,3868127.045289357,Advanced Product
7408,Copper Wire,2024,Dec,Chile,4142527,2.9,143.7755,2881246.8049146063,Advanced Product
7408,Copper Wire,2025,Jan,Chile,3883180,2.8,147.8012,2627299.372400224,Advanced Product
7408,Copper Wire,2025,Feb,Chile,7137481,2.8,147.8012,4829108.965285802,Advanced Product
7408,Copper Wire,2025,Mar,Chile,3393518,2.8,147.8012,2296001.6562788393,Advanced Product
7408,Copper Wire,2025,Apr,Chile,2190614,2.8,147.8012,1482135.4630408955,Advanced Product
7408,Copper Wire,2025,May,Chile,12452655,2.8,147.8012,8425273.272476815,Advanced Product
7408,Copper Wire,2025,Jun,Chile,9005863,2.8,147.8012,6093227.253905922,Advanced Product
7408,Copper Wire,2025,Jul,Chile,4932051,2.8,147.8012,3336949.226393291,Advanced Product
7408,Copper Wire,2025,Sep,Chile,1486506,2.8,147.8012,1005746.9086854506,Advanced Product
7408,Copper Wire,2011,Apr,Colombia,2334,3.16,103.16,2262.504846839861,Advanced Product
7408,Copper Wire,2011,Jun,Colombia,456870,3.16,103.16,442875.1454051959,Advanced Product
7408,Copper Wire,2011,Nov,Colombia,102602,3.16,103.16,99459.09267157814,Advanced Product
7408,Copper Wire,2016,Apr,Ecuador,99652,1.26,110.0632,90540.7075207699,Advanced Product
7408,Copper Wire,2025,Jan,Ecuador,22313,2.8,147.8012,15096.62979732235,Advanced Product
7408,Copper Wire,2025,Mar,Ecuador,165728,2.8,147.8012,112128.99489314025,Advanced Product
7408,Copper Wire,2025,Apr,Ecuador,111700,2.8,147.8012,75574.48789319707,Advanced Product
7408,Copper Wire,2025,Jun,Ecuador,148911,2.8,147.8012,100750.87347058076,Advanced Product
7408,Copper Wire,2025,Oct,Ecuador,129360,2.8,147.8012,87522.97004354498,Advanced Product
7408,Copper Wire,2010,Jan,Peru,1177187,1.64,100.0,1177187.0,Advanced Product
7408,Copper Wire,2010,Feb,Peru,1323617,1.64,100.0,1323617.0,Advanced Product
7408,Copper Wire,2010,Mar,Peru,1955243,1.64,100.0,1955243.0,Advanced Product
7408,Copper Wire,2010,Apr,Peru,2772329,1.64,100.0,2772329.0,Advanced Product
7408,Copper Wire,2010,May,Peru,1709143,1.64,100.0,1709143.0,Advanced Product
7408,Copper Wire,2010,Jun,Peru,2394472,1.64,100.0,2394472.0,Advanced Product
7408,Copper Wire,2010,Jul,Peru,2919479,1.64,100.0,2919479.0,Advanced Product
7408,Copper Wire,2010,Aug,Peru,3041261,1.64,100.0,3041261.0,Advanced Product
7408,Copper Wire,2010,Sep,Peru,3893804,1.64,100.0,3893804.0,Advanced Product
7408,Copper Wire,2010,Oct,Peru,2166954,1.64,100.0,2166954.0,Advanced Product
7408,Copper Wire,2010,Nov,Peru,2572924,1.64,100.0,2572924.0,Advanced Product
7408,Copper Wire,2010,Dec,Peru,2584251,1.64,100.0,2584251.0,Advanced Product
7408,Copper Wire,2011,Jan,Peru,2389092,3.16,103.16,2315909.267157813,Advanced Product
7408,Copper Wire,2011,Feb,Peru,2261094,3.16,103.16,2191832.105467235,Advanced Product
7408,Copper Wire,2011,Mar,Peru,2982187,3.16,103.16,2890836.564559907,Advanced Product
7408,Copper Wire,2011,Apr,Peru,2916376,3.16,103.16,2827041.4889492053,Advanced Product
7408,Copper Wire,2011,May,Peru,2386819,3.16,103.16,2313705.89375727,Advanced Product
7408,Copper Wire,2011,Jun,Peru,3197626,3.16,103.16,3099676.2310973243,Advanced Product
7408,Copper Wire,2011,Jul,Peru,2406488,3.16,103.16,2332772.3924001553,Advanced Product
7408,Copper Wire,2011,Aug,Peru,2910797,3.16,103.16,2821633.3850329584,Advanced Product
7408,Copper Wire,2011,Sep,Peru,1646469,3.16,103.16,1596034.3156262117,Advanced Product
7408,Copper Wire,2011,Oct,Peru,2872307,3.16,103.16,2784322.4117875146,Advanced Product
7408,Copper Wire,2011,Nov,Peru,1825642,3.16,103.16,1769718.8832880962,Advanced Product
7408,Copper Wire,2011,Dec,Peru,1362808,3.16,103.16,1321062.4272974022,Advanced Product
7408,Copper Wire,2012,Jan,Peru,2431736,2.07,105.2954,2309441.817971155,Advanced Product
7408,Copper Wire,2012,Feb,Peru,1680644,2.07,105.2954,1596122.9075534164,Advanced Product
7408,Copper Wire,2012,Mar,Peru,2545605,2.07,105.2954,2417584.243946079,Advanced Product
7408,Copper Wire,2012,Apr,Peru,1430092,2.07,105.2954,1358171.392102599,Advanced Product
7408,Copper Wire,2012,May,Peru,3322252,2.07,105.2954,3155172.97051913,Advanced Product
7408,Copper Wire,2012,Jun,Peru,2128127,2.07,105.2954,2021101.5865840295,Advanced Product
7408,Copper Wire,2012,Jul,Peru,3107964,2.07,105.2954,2951661.7060194463,Advanced Product
7408,Copper Wire,2012,Aug,Peru,2674536,2.07,105.2954,2540031.1884469786,Advanced Product
7408,Copper Wire,2012,Sep,Peru,2553044,2.07,105.2954,2424649.12997149,Advanced Product
7408,Copper Wire,2012,Oct,Peru,2714606,2.07,105.2954,2578086.0322483224,Advanced Product
7408,Copper Wire,2012,Nov,Peru,2164935,2.07,105.2954,2056058.479287794,Advanced Product
7408,Copper Wire,2012,Dec,Peru,2124233,2.07,105.2954,2017403.4193326584,Advanced Product
7408,Copper Wire,2013,Jan,Peru,3043051,1.46,106.8327,2848426.5585349803,Advanced Product
7408,Copper Wire,2013,Feb,Peru,2418175,1.46,106.8327,2263515.7587517677,Advanced Product
7408,Copper Wire,2013,Mar,Peru,2895106,1.46,106.8327,2709943.6782932566,Advanced Product
7408,Copper Wire,2013,Apr,Peru,2546207,1.46,106.8327,2383359.214922023,Advanced Product
7408,Copper Wire,2013,May,Peru,2000709,1.46,106.8327,1872749.635645266,Advanced Product
7408,Copper Wire,2013,Jun,Peru,2210486,1.46,106.8327,2069109.9260806849,Advanced Product
7408,Copper Wire,2013,Jul,Peru,2483377,1.46,106.8327,2324547.6338237263,Advanced Product
7408,Copper Wire,2013,Aug,Peru,2563634,1.46,106.8327,2399671.6361189038,Advanced Product
7408,Copper Wire,2013,Sep,Peru,2264740,1.46,106.8327,2119894.0024917466,Advanced Product
7408,Copper Wire,2013,Oct,Peru,1647748,1.46,106.8327,1542362.965646286,Advanced Product
7408,Copper Wire,2013,Nov,Peru,2226981,1.46,106.8327,2084549.955210343,Advanced Product
7408,Copper Wire,2013,Dec,Peru,2851378,1.46,106.8327,2669012.3904010663,Advanced Product
7408,Copper Wire,2014,Jan,Peru,1789458,1.62,108.5634,1648306.8879567145,Advanced Product
7408,Copper Wire,2014,Feb,Peru,1933783,1.62,108.5634,1781247.6396280883,Advanced Product
7408,Copper Wire,2014,Mar,Peru,2612647,1.62,108.5634,2406563.3537637913,Advanced Product
7408,Copper Wire,2014,Apr,Peru,2522634,1.62,108.5634,2323650.5120510226,Advanced Product
7408,Copper Wire,2014,May,Peru,2163979,1.62,108.5634,1993285.9508821573,Advanced Product
7408,Copper Wire,2014,Jun,Peru,3183948,1.62,108.5634,2932800.557093827,Advanced Product
7408,Copper Wire,2014,Jul,Peru,2640773,1.62,108.5634,2432470.795866747,Advanced Product
7408,Copper Wire,2014,Aug,Peru,2398455,1.62,108.5634,2209266.658929252,Advanced Product
7408,Copper Wire,2014,Sep,Peru,1898065,1.62,108.5634,1748347.0488212416,Advanced Product
7408,Copper Wire,2014,Oct,Peru,2765533,1.62,108.5634,2547389.820141963,Advanced Product
7408,Copper Wire,2014,Nov,Peru,1977514,1.62,108.5634,1821529.1709729063,Advanced Product
7408,Copper Wire,2014,Dec,Peru,2551718,1.62,108.5634,2350440.387828679,Advanced Product
7408,Copper Wire,2015,Jan,Peru,2108186,0.12,108.6937,1939565.9546045444,Advanced Product
7408,Copper Wire,2015,Feb,Peru,2059629,0.12,108.6937,1894892.7122731123,Advanced Product
7408,Copper Wire,2015,Mar,Peru,4157110,0.12,108.6937,3824609.889993624,Advanced Product
7408,Copper Wire,2015,Apr,Peru,4418546,0.12,108.6937,4065135.3298305236,Advanced Product
7408,Copper Wire,2015,May,Peru,3352262,0.12,108.6937,3084136.4310903023,Advanced Product
7408,Copper Wire,2015,Jun,Peru,3122156,0.12,108.6937,2872435.1089345566,Advanced Product
7408,Copper Wire,2015,Jul,Peru,3392044,0.12,108.6937,3120736.52842805,Advanced Product
7408,Copper Wire,2015,Aug,Peru,2671183,0.12,108.6937,2457532.497283651,Advanced Product
7408,Copper Wire,2015,Sep,Peru,4375272,0.12,108.6937,4025322.534792725,Advanced Product
7408,Copper Wire,2015,Oct,Peru,2544506,0.12,108.6937,2340987.564136652,Advanced Product
7408,Copper Wire,2015,Nov,Peru,1731297,0.12,108.6937,1592821.8470803734,Advanced Product
7408,Copper Wire,2015,Dec,Peru,3480548,0.12,108.6937,3202161.6708236076,Advanced Product
7408,Copper Wire,2016,Jan,Peru,1876166,1.26,110.0632,1704626.0693855893,Advanced Product
7408,Copper Wire,2016,Feb,Peru,2184810,1.26,110.0632,1985050.4074022926,Advanced Product
7408,Copper Wire,2016,Mar,Peru,2701806,1.26,110.0632,2454776.8918221532,Advanced Product
7408,Copper Wire,2016,Apr,Peru,2346604,1.26,110.0632,2132051.4031938016,Advanced Product
7408,Copper Wire,2016,May,Peru,1825390,1.26,110.0632,1658492.5751749903,Advanced Product
7408,Copper Wire,2016,Jun,Peru,2623724,1.26,110.0632,2383834.0153657175,Advanced Product
7408,Copper Wire,2016,Jul,Peru,1542647,1.26,110.0632,1401601.0801067024,Advanced Product
7408,Copper Wire,2016,Aug,Peru,1400193,1.26,110.0632,1272171.8067437618,Advanced Product
7408,Copper Wire,2016,Sep,Peru,2209779,1.26,110.0632,2007736.464140603,Advanced Product
7408,Copper Wire,2016,Oct,Peru,1514787,1.26,110.0632,1376288.3506930564,Advanced Product
7408,Copper Wire,2016,Nov,Peru,1656307,1.26,110.0632,1504869.0207081023,Advanced Product
7408,Copper Wire,2016,Dec,Peru,1441727,1.26,110.0632,1309908.3072271205,Advanced Product
7408,Copper Wire,2017,Jan,Peru,3163329,2.13,112.4076,2814159.3628900535,Advanced Product
7408,Copper Wire,2017,Feb,Peru,2406882,2.13,112.4076,2141209.313249282,Advanced Product
7408,Copper Wire,2017,Mar,Peru,2818481,2.13,112.4076,2507375.8357975795,Advanced Product
7408,Copper Wire,2017,Apr,Peru,2240147,2.13,112.4076,1992878.5953974642,Advanced Product
7408,Copper Wire,2017,May,Peru,2346896,2.13,112.4076,2087844.5941377627,Advanced Product
7408,Copper Wire,2017,Jun,Peru,2105244,2.13,112.4076,1872866.2474779284,Advanced Product
7408,Copper Wire,2017,Jul,Peru,2518348,2.13,112.4076,2240371.6474686763,Advanced Product
7408,Copper Wire,2017,Aug,Peru,3566909,2.13,112.4076,3173192.0261619324,Advanced Product
7408,Copper Wire,2017,Sep,Peru,2991435,2.13,112.4076,2661239.0977122546,Advanced Product
7408,Copper Wire,2017,Oct,Peru,2107475,2.13,112.4076,1874850.9887231824,Advanced Product
7408,Copper Wire,2017,Nov,Peru,2937293,2.13,112.4076,2613073.3153274334,Advanced Product
7408,Copper Wire,2017,Dec,Peru,3045838,2.13,112.4076,2709637.0708030416,Advanced Product
7408,Copper Wire,2018,Jan,Peru,3203898,2.44,115.1503,2782361.834923574,Advanced Product
7408,Copper Wire,2018,Feb,Peru,6426617,2.44,115.1503,5581068.394958589,Advanced Product
7408,Copper Wire,2018,Mar,Peru,3364573,2.44,115.1503,2921896.8600168647,Advanced Product
7408,Copper Wire,2018,Apr,Peru,2858610,2.44,115.1503,2482503.3022058997,Advanced Product
7408,Copper Wire,2018,May,Peru,3703773,2.44,115.1503,3216468.3895743215,Advanced Product
7408,Copper Wire,2018,Jun,Peru,3639165,2.44,115.1503,3160360.8501237077,Advanced Product
7408,Copper Wire,2018,Jul,Peru,3022537,2.44,115.1503,2624862.4623644054,Advanced Product
7408,Copper Wire,2018,Aug,Peru,2961552,2.44,115.1503,2571901.2455894602,Advanced Product
7408,Copper Wire,2018,Sep,Peru,2773263,2.44,115.1503,2408385.3884879155,Advanced Product
7408,Copper Wire,2018,Oct,Peru,3946838,2.44,115.1503,3427553.3802343546,Advanced Product
7408,Copper Wire,2018,Nov,Peru,2819044,2.44,115.1503,2448142.9922457864,Advanced Product
7408,Copper Wire,2018,Dec,Peru,2612176,2.44,115.1503,2268492.5701452796,Advanced Product
7408,Copper Wire,2019,Jan,Peru,2874524,1.81,117.2345,2451943.753758493,Advanced Product
7408,Copper Wire,2019,Feb,Peru,3275163,1.81,117.2345,2793685.3059466286,Advanced Product
7408,Copper Wire,2019,Mar,Peru,2786015,1.81,117.2345,2376446.353249257,Advanced Product
7408,Copper Wire,2019,Apr,Peru,4172112,1.81,117.2345,3558774.933999804,Advanced Product
7408,Copper Wire,2019,May,Peru,3104312,1.81,117.2345,2647950.901824975,Advanced Product
7408,Copper Wire,2019,Jun,Peru,3568242,1.81,117.2345,3043679.121760233,Advanced Product
7408,Copper Wire,2019,Jul,Peru,3704509,1.81,117.2345,3159913.677287829,Advanced Product
7408,Copper Wire,2019,Aug,Peru,2715964,1.81,117.2345,2316693.4648077143,Advanced Product
7408,Copper Wire,2019,Sep,Peru,2199689,1.81,117.2345,1876315.4190959148,Advanced Product
7408,Copper Wire,2019,Oct,Peru,3194470,1.81,117.2345,2724854.884867509,Advanced Product
7408,Copper Wire,2019,Nov,Peru,3161705,1.81,117.2345,2696906.6273153382,Advanced Product
7408,Copper Wire,2019,Dec,Peru,1723088,1.81,117.2345,1469778.947323527,Advanced Product
7408,Copper Wire,2020,Jan,Peru,2216119,1.23,118.6765,1867361.2720294246,Advanced Product
7408,Copper Wire,2020,Feb,Peru,2439231,1.23,118.6765,2055361.423702249,Advanced Product
7408,Copper Wire,2020,Mar,Peru,1942893,1.23,118.6765,1637133.720660788,Advanced Product
7408,Copper Wire,2020,Apr,Peru,808122,1.23,118.6765,680945.2587496261,Advanced Product
7408,Copper Wire,2020,May,Peru,253130,1.23,118.6765,213294.1230993499,Advanced Product
7408,Copper Wire,2020,Jun,Peru,1253015,1.23,118.6765,1055824.0258180853,Advanced Product
7408,Copper Wire,2020,Jul,Peru,3132594,1.23,118.6765,2639607.6729596844,Advanced Product
7408,Copper Wire,2020,Aug,Peru,2596586,1.23,118.6765,2187952.9645717563,Advanced Product
7408,Copper Wire,2020,Sep,Peru,4184098,1.23,118.6765,3525633.128715457,Advanced Product
7408,Copper Wire,2020,Oct,Peru,3251872,1.23,118.6765,2740114.5129827727,Advanced Product
7408,Copper Wire,2020,Nov,Peru,2764065,1.23,118.6765,2329075.2592130704,Advanced Product
7408,Copper Wire,2020,Dec,Peru,2729580,1.23,118.6765,2300017.2738494985,Advanced Product
7408,Copper Wire,2021,Jan,Peru,2202928,4.7,124.2543,1772918.925139814,Advanced Product
7408,Copper Wire,2021,Feb,Peru,3428939,4.7,124.2543,2759613.952998005,Advanced Product
7408,Copper Wire,2021,Mar,Peru,3967918,4.7,124.2543,3193384.856701136,Advanced Product
7408,Copper Wire,2021,Apr,Peru,4226153,4.7,124.2543,3401212.674329983,Advanced Product
7408,Copper Wire,2021,May,Peru,4643846,4.7,124.2543,3737372.4692022735,Advanced Product
7408,Copper Wire,2021,Jun,Peru,5695949,4.7,124.2543,4584106.143610322,Advanced Product
7408,Copper Wire,2021,Jul,Peru,6312340,4.7,124.2543,5080178.311736495,Advanced Product
7408,Copper Wire,2021,Aug,Peru,6360654,4.7,124.2543,5119061.473124069,Advanced Product
7408,Copper Wire,2021,Sep,Peru,5146164,4.7,124.2543,4141638.558987496,Advanced Product
7408,Copper Wire,2021,Oct,Peru,7403317,4.7,124.2543,5958197.824944489,Advanced Product
7408,Copper Wire,2021,Nov,Peru,5612642,4.7,124.2543,4517060.57657562,Advanced Product
7408,Copper Wire,2021,Dec,Peru,6293627,4.7,124.2543,5065118.06834854,Advanced Product
7408,Copper Wire,2022,Jan,Peru,5260501,8.0,134.1947,3920051.2389833573,Advanced Product
7408,Copper Wire,2022,Feb,Peru,4872157,8.0,134.1947,3630662.7608989025,Advanced Product
7408,Copper Wire,2022,Mar,Peru,5269377,8.0,134.1947,3926665.5091445483,Advanced Product
7408,Copper Wire,2022,Apr,Peru,6318861,8.0,134.1947,4708726.201556395,Advanced Product
7408,Copper Wire,2022,May,Peru,6405412,8.0,134.1947,4773222.787487136,Advanced Product
7408,Copper Wire,2022,Jun,Peru,6683621,8.0,134.1947,4980540.215075557,Advanced Product
7408,Copper Wire,2022,Jul,Peru,4581315,8.0,134.1947,3413931.3996752477,Advanced Product
7408,Copper Wire,2022,Aug,Peru,4386551,8.0,134.1947,3268796.0105726975,Advanced Product
7408,Copper Wire,2022,Sep,Peru,3739167,8.0,134.1947,2786374.5736605097,Advanced Product
7408,Copper Wire,2022,Oct,Peru,6161399,8.0,134.1947,4591387.7373696575,Advanced Product
7408,Copper Wire,2022,Nov,Peru,4482894,8.0,134.1947,3340589.4569606697,Advanced Product
7408,Copper Wire,2022,Dec,Peru,7011327,8.0,134.1947,5224742.10978526,Advanced Product
7408,Copper Wire,2023,Jan,Peru,7175945,4.12,139.7235,5135818.241026026,Advanced Product
7408,Copper Wire,2023,Feb,Peru,3209536,4.12,139.7235,2297062.4125505015,Advanced Product
7408,Copper Wire,2023,Mar,Peru,4055504,4.12,139.7235,2902521.0505033154,Advanced Product
7408,Copper Wire,2023,Apr,Peru,3328557,4.12,139.7235,2382245.6494433647,Advanced Product
7408,Copper Wire,2023,May,Peru,5291048,4.12,139.7235,3786798.9278825684,Advanced Product
7408,Copper Wire,2023,Jun,Peru,4231848,4.12,139.7235,3028730.3137983233,Advanced Product
7408,Copper Wire,2023,Jul,Peru,5636596,4.12,139.7235,4034107.362040029,Advanced Product
7408,Copper Wire,2023,Aug,Peru,2944563,4.12,139.7235,2107421.4430643376,Advanced Product
7408,Copper Wire,2023,Sep,Peru,2597632,4.12,139.7235,1859123.196885277,Advanced Product
7408,Copper Wire,2023,Oct,Peru,4970233,4.12,139.7235,3557191.8825394437,Advanced Product
7408,Copper Wire,2023,Nov,Peru,3537176,4.12,139.7235,2531554.1050718026,Advanced Product
7408,Copper Wire,2023,Dec,Peru,4074209,4.12,139.7235,2915908.204418011,Advanced Product
7408,Copper Wire,2024,Jan,Peru,4537609,2.9,143.7755,3156037.711571165,Advanced Product
7408,Copper Wire,2024,Feb,Peru,4019304,2.9,143.7755,2795541.660435888,Advanced Product
7408,Copper Wire,2024,Mar,Peru,4941741,2.9,143.7755,3437123.1538057597,Advanced Product
7408,Copper Wire,2024,Apr,Peru,4303416,2.9,143.7755,2993149.7369162343,Advanced Product
7408,Copper Wire,2024,May,Peru,4937515,2.9,143.7755,3434183.8491258947,Advanced Product
7408,Copper Wire,2024,Jun,Peru,4325182,2.9,143.7755,3008288.616628007,Advanced Product
7408,Copper Wire,2024,Jul,Peru,8078877,2.9,143.7755,5619091.569843262,Advanced Product
7408,Copper Wire,2024,Aug,Peru,11000850,2.9,143.7755,7651407.924159541,Advanced Product
7408,Copper Wire,2024,Sep,Peru,4719375,2.9,143.7755,3282461.1981874523,Advanced Product
7408,Copper Wire,2024,Oct,Peru,4225381,2.9,143.7755,2938874.147542523,Advanced Product
7408,Copper Wire,2024,Nov,Peru,4453920,2.9,143.7755,3097829.6024009655,Advanced Product
7408,Copper Wire,2024,Dec,Peru,6244628,2.9,143.7755,4343318.576530772,Advanced Product
7408,Copper Wire,2025,Jan,Peru,4723927,2.8,147.8012,3196135.7553253965,Advanced Product
7408,Copper Wire,2025,Feb,Peru,3960847,2.8,147.8012,2679847.6602355056,Advanced Product
7408,Copper Wire,2025,Mar,Peru,5252963,2.8,147.8012,3554073.30928301,Advanced Product
7408,Copper Wire,2025,Apr,Peru,8791209,2.8,147.8012,5947995.686097272,Advanced Product
7408,Copper Wire,2025,May,Peru,8408582,2.8,147.8012,5689116.191208191,Advanced Product
7408,Copper Wire,2025,Jun,Peru,4838283,2.8,147.8012,3273507.2516325987,Advanced Product
7408,Copper Wire,2025,Jul,Peru,7213723,2.8,147.8012,4880693.12021824,Advanced Product
7408,Copper Wire,2025,Aug,Peru,3291260,2.8,147.8012,2226815.47917067,Advanced Product
7408,Copper Wire,2025,Sep,Peru,4792566,2.8,147.8012,3242575.838355846,Advanced Product
7408,Copper Wire,2025,Oct,Peru,2194555,2.8,147.8012,1484801.8825286939,Advanced Product
7408,Copper Wire,2025,Nov,Peru,1408570,2.8,147.8012,953016.6196214915,Advanced Product
7408,Copper Wire,2025,Dec,Peru,2522774,2.8,147.8012,1706869.7683104062,Advanced Product
7408,Copper Wire,2011,Mar,Venezuela,640375,3.16,103.16,620759.0151221404,Advanced Product
7408,Copper Wire,2011,Apr,Venezuela,219173,3.16,103.16,212459.28654517257,Advanced Product
2525,"Mica, Including Splittings; Mica Waste",2012,May,Brazil,4663,2.07,105.2954,4428.493552424892,Ore / Raw
2525,"Mica, Including Splittings; Mica Waste",2013,Jan,Brazil,2100,1.46,106.8327,1965.69028022319,Ore / Raw
2525,"Mica, Including Splittings; Mica Waste",2013,Jul,Brazil,28672,1.46,106.8327,26838.22462598062,Ore / Raw
2525,"Mica, Including Splittings; Mica Waste",2014,Feb,Brazil,49190,1.62,108.5634,45309.929497418096,Ore / Raw
2525,"Mica, Including Splittings; Mica Waste",2014,Mar,Brazil,121830,1.62,108.5634,112220.14048933618,Ore / Raw
2525,"Mica, Including Splittings; Mica Waste",2014,May,Brazil,72640,1.62,108.5634,66910.21099191808,Ore / Raw
2525,"Mica, Including Splittings; Mica Waste",2014,Jul,Brazil,54480,1.62,108.5634,50182.65824393856,Ore / Raw
2525,"Mica, Including Splittings; Mica Waste",2014,Sep,Brazil,108960,1.62,108.5634,100365.31648787712,Ore / Raw
2525,"Mica, Including Splittings; Mica Waste",2014,Nov,Brazil,118040,1.62,108.5634,108729.09286186688,Ore / Raw
2525,"Mica, Including Splittings; Mica Waste",2015,Mar,Brazil,45400,0.12,108.6937,41768.750166752994,Ore / Raw
2525,"Mica, Including Splittings; Mica Waste",2015,Apr,Brazil,72640,0.12,108.6937,66830.0002668048,Ore / Raw
2525,"Mica, Including Splittings; Mica Waste",2015,May,Brazil,45400,0.12,108.6937,41768.750166752994,Ore / Raw
2525,"Mica, Including Splittings; Mica Waste",2015,Jun,Brazil,36320,0.12,108.6937,33415.0001334024,Ore / Raw
2525,"Mica, Including Splittings; Mica Waste",2015,Jul,Brazil,36320,0.12,108.6937,33415.0001334024,Ore / Raw
2525,"Mica, Including Splittings; Mica Waste",2015,Aug,Brazil,65250,0.12,108.6937,60031.07815816371,Ore / Raw
2525,"Mica, Including Splittings; Mica Waste",2015,Sep,Brazil,54480,0.12,108.6937,50122.50020010359,Ore / Raw
2525,"Mica, Including Splittings; Mica Waste",2015,Dec,Brazil,36320,0.12,108.6937,33415.0001334024,Ore / Raw
2525,"Mica, Including Splittings; Mica Waste",2016,Jan,Brazil,36320,1.26,110.0632,32999.222265025914,Ore / Raw
2525,"Mica, Including Splittings; Mica Waste",2016,Mar,Brazil,36320,1.26,110.0632,32999.222265025914,Ore / Raw
2525,"Mica, Including Splittings; Mica Waste",2016,May,Brazil,123680,1.26,110.0632,112371.80092892083,Ore / Raw
2525,"Mica, Including Splittings; Mica Waste",2016,Jun,Brazil,127040,1.26,110.0632,115424.59241599371,Ore / Raw
2525,"Mica, Including Splittings; Mica Waste",2016,Sep,Brazil,126120,1.26,110.0632,114588.70903262853,Ore / Raw
2525,"Mica, Including Splittings; Mica Waste",2016,Oct,Brazil,123680,1.26,110.0632,112371.80092892083,Ore / Raw
2525,"Mica, Including Splittings; Mica Waste",2016,Nov,Brazil,123680,1.26,110.0632,112371.80092892083,Ore / Raw
2525,"Mica, Including Splittings; Mica Waste",2017,Jan,Brazil,263660,2.13,112.4076,234557.09400431998,Ore / Raw
2525,"Mica, Including Splittings; Mica Waste",2017,Apr,Brazil,139140,2.13,112.4076,123781.66600834818,Ore / Raw
2525,"Mica, Including Splittings; Mica Waste",2017,May,Brazil,3200,2.13,112.4076,2846.7826018881287,Ore / Raw
2525,"Mica, Including Splittings; Mica Waste",2017,Jun,Brazil,123680,2.13,112.4076,110028.14756297617,Ore / Raw
2525,"Mica, Including Splittings; Mica Waste",2017,Aug,Brazil,123680,2.13,112.4076,110028.14756297617,Ore / Raw
2525,"Mica, Including Splittings; Mica Waste",2017,Oct,Brazil,139140,2.13,112.4076,123781.66600834818,Ore / Raw
2525,"Mica, Including Splittings; Mica Waste",2017,Dec,Brazil,132235,2.13,112.4076,117638.84292521146,Ore / Raw
2525,"Mica, Including Splittings; Mica Waste",2018,Jan,Brazil,11600,2.44,115.1503,10073.79051552623,Ore / Raw
2525,"Mica, Including Splittings; Mica Waste",2018,Feb,Brazil,123680,2.44,115.1503,107407.44922071414,Ore / Raw
2525,"Mica, Including Splittings; Mica Waste",2018,May,Brazil,61840,2.44,115.1503,53703.72461035707,Ore / Raw
2525,"Mica, Including Splittings; Mica Waste",2018,Jun,Brazil,61840,2.44,115.1503,53703.72461035707,Ore / Raw
2525,"Mica, Including Splittings; Mica Waste",2018,Jul,Brazil,73440,2.44,115.1503,63777.51512588331,Ore / Raw
2525,"Mica, Including Splittings; Mica Waste",2018,Aug,Brazil,65871,2.44,115.1503,57204.36681450244,Ore / Raw
2525,"Mica, Including Splittings; Mica Waste",2018,Oct,Brazil,11600,2.44,115.1503,10073.79051552623,Ore / Raw
2525,"Mica, Including Splittings; Mica Waste",2018,Nov,Brazil,185520,2.44,115.1503,161111.1738310712,Ore / Raw
2525,"Mica, Including Splittings; Mica Waste",2018,Dec,Brazil,355580,2.44,115.1503,308796.4165095532,Ore / Raw
2525,"Mica, Including Splittings; Mica Waste",2019,Jan,Brazil,122098,1.81,117.2345,104148.52283244267,Ore / Raw
2525,"Mica, Including Splittings; Mica Waste",2019,Feb,Brazil,30920,1.81,117.2345,26374.488738383327,Ore / Raw
2525,"Mica, Including Splittings; Mica Waste",2019,Mar,Brazil,42520,1.81,117.2345,36269.186971412,Ore / Raw
2525,"Mica, Including Splittings; Mica Waste",2019,May,Brazil,95840,1.81,117.2345,81750.67919426449,Ore / Raw
2525,"Mica, Including Splittings; Mica Waste",2019,Jul,Brazil,47920,1.81,117.2345,40875.339597132246,Ore / Raw
2525,"Mica, Including Splittings; Mica Waste",2019,Sep,Brazil,47920,1.81,117.2345,40875.339597132246,Ore / Raw
2525,"Mica, Including Splittings; Mica Waste",2019,Oct,Brazil,47920,1.81,117.2345,40875.339597132246,Ore / Raw
2525,"Mica, Including Splittings; Mica Waste",2019,Nov,Brazil,59520,1.81,117.2345,50770.037830160916,Ore / Raw
2525,"Mica, Including Splittings; Mica Waste",2019,Dec,Brazil,47920,1.81,117.2345,40875.339597132246,Ore / Raw
2525,"Mica, Including Splittings; Mica Waste",2020,Jan,Brazil,56240,1.23,118.6765,47389.331502024404,Ore / Raw
2525,"Mica, Including Splittings; Mica Waste",2020,Mar,Brazil,64360,1.23,118.6765,54231.46115701086,Ore / Raw
2525,"Mica, Including Splittings; Mica Waste",2020,May,Brazil,119520,1.23,118.6765,100710.75570984988,Ore / Raw
2525,"Mica, Including Splittings; Mica Waste",2020,Sep,Brazil,89640,1.23,118.6765,75533.06678238741,Ore / Raw
2525,"Mica, Including Splittings; Mica Waste",2020,Oct,Brazil,74700,1.23,118.6765,62944.22231865618,Ore / Raw
2525,"Mica, Including Splittings; Mica Waste",2020,Nov,Brazil,70000,1.23,118.6765,58983.87633609012,Ore / Raw
2525,"Mica, Including Splittings; Mica Waste",2020,Dec,Brazil,137400,1.23,118.6765,115776.9229796969,Ore / Raw
2525,"Mica, Including Splittings; Mica Waste",2021,Jan,Brazil,70906,4.7,124.2543,57065.228326102195,Ore / Raw
2525,"Mica, Including Splittings; Mica Waste",2021,Feb,Brazil,67400,4.7,124.2543,54243.595593874816,Ore / Raw
2525,"Mica, Including Splittings; Mica Waste",2021,Mar,Brazil,202200,4.7,124.2543,162730.78678162445,Ore / Raw
2525,"Mica, Including Splittings; Mica Waste",2021,May,Brazil,101300,4.7,124.2543,81526.3536151264,Ore / Raw
2525,"Mica, Including Splittings; Mica Waste",2021,Jul,Brazil,101300,4.7,124.2543,81526.3536151264,Ore / Raw
2525,"Mica, Including Splittings; Mica Waste",2021,Nov,Brazil,74700,4.7,124.2543,60118.643781341976,Ore / Raw
2525,"Mica, Including Splittings; Mica Waste",2022,Jan,Brazil,78101,8.0,134.1947,58199.764968363124,Ore / Raw
2525,"Mica, Including Splittings; Mica Waste",2022,Feb,Brazil,149400,8.0,134.1947,111330.77535849031,Ore / Raw
2525,"Mica, Including Splittings; Mica Waste",2022,May,Brazil,74700,8.0,134.1947,55665.387679245156,Ore / Raw
2525,"Mica, Including Splittings; Mica Waste",2022,Jun,Brazil,3900,8.0,134.1947,2906.225059558984,Ore / Raw
2525,"Mica, Including Splittings; Mica Waste",2022,Jul,Brazil,160600,8.0,134.1947,119676.85758081355,Ore / Raw
2525,"Mica, Including Splittings; Mica Waste",2022,Oct,Brazil,171800,8.0,134.1947,128022.93980313677,Ore / Raw
2525,"Mica, Including Splittings; Mica Waste",2022,Nov,Brazil,171800,8.0,134.1947,128022.93980313677,Ore / Raw
2525,"Mica, Including Splittings; Mica Waste",2022,Dec,Brazil,343600,8.0,134.1947,256045.87960627355,Ore / Raw
2525,"Mica, Including Splittings; Mica Waste",2023,Jan,Brazil,227338,4.12,139.7235,162705.62933221683,Ore / Raw
2525,"Mica, Including Splittings; Mica Waste",2023,Feb,Brazil,103080,4.12,139.7235,73774.27562292671,Ore / Raw
2525,"Mica, Including Splittings; Mica Waste",2023,Mar,Brazil,103080,4.12,139.7235,73774.27562292671,Ore / Raw
2525,"Mica, Including Splittings; Mica Waste",2023,Apr,Brazil,206160,4.12,139.7235,147548.55124585342,Ore / Raw
2525,"Mica, Including Splittings; Mica Waste",2023,May,Brazil,19536,4.12,139.7235,13981.899966719984,Ore / Raw
2525,"Mica, Including Splittings; Mica Waste",2023,Jun,Brazil,103080,4.12,139.7235,73774.27562292671,Ore / Raw
2525,"Mica, Including Splittings; Mica Waste",2023,Aug,Brazil,19536,4.12,139.7235,13981.899966719984,Ore / Raw
2525,"Mica, Including Splittings; Mica Waste",2023,Dec,Brazil,247800,4.12,139.7235,177350.26677688432,Ore / Raw
2525,"Mica, Including Splittings; Mica Waste",2024,Jan,Brazil,123900,2.9,143.7755,86176.0174716833,Ore / Raw
2525,"Mica, Including Splittings; Mica Waste",2024,Feb,Brazil,11287,2.9,143.7755,7850.433488320333,Ore / Raw
2525,"Mica, Including Splittings; Mica Waste",2024,Mar,Brazil,123900,2.9,143.7755,86176.0174716833,Ore / Raw
2525,"Mica, Including Splittings; Mica Waste",2024,Apr,Brazil,123900,2.9,143.7755,86176.0174716833,Ore / Raw
2525,"Mica, Including Splittings; Mica Waste",2024,May,Brazil,123900,2.9,143.7755,86176.0174716833,Ore / Raw
2525,"Mica, Including Splittings; Mica Waste",2024,Jul,Brazil,123900,2.9,143.7755,86176.0174716833,Ore / Raw
2525,"Mica, Including Splittings; Mica Waste",2024,Aug,Brazil,22070,2.9,143.7755,15350.320464891445,Ore / Raw
2525,"Mica, Including Splittings; Mica Waste",2024,Oct,Brazil,39494,2.9,143.7755,27469.214156793056,Ore / Raw
2525,"Mica, Including Splittings; Mica Waste",2024,Nov,Brazil,145970,2.9,143.7755,101526.33793657474,Ore / Raw
2525,"Mica, Including Splittings; Mica Waste",2025,May,Brazil,22690,2.8,147.8012,15351.702151268055,Ore / Raw
2525,"Mica, Including Splittings; Mica Waste",2025,Aug,Brazil,20126,2.8,147.8012,13616.93951063997,Ore / Raw
2525,"Mica, Including Splittings; Mica Waste",2025,Sep,Brazil,27535,2.8,147.8012,18629.754020941644,Ore / Raw
2525,"Mica, Including Splittings; Mica Waste",2025,Oct,Brazil,45380,2.8,147.8012,30703.40430253611,Ore / Raw
2525,"Mica, Including Splittings; Mica Waste",2025,Nov,Brazil,22690,2.8,147.8012,15351.702151268055,Ore / Raw
2525,"Mica, Including Splittings; Mica Waste",2018,May,Colombia,13832,2.44,115.1503,12012.126759548173,Ore / Raw
2525,"Mica, Including Splittings; Mica Waste",2018,Jun,Colombia,10400,2.44,115.1503,9031.674255299378,Ore / Raw
2525,"Mica, Including Splittings; Mica Waste",2019,Jun,Colombia,6058,1.81,117.2345,5167.420853076526,Ore / Raw
2525,"Mica, Including Splittings; Mica Waste",2019,Nov,Colombia,6916,1.81,117.2345,5899.287325829854,Ore / Raw
2525,"Mica, Including Splittings; Mica Waste",2020,Jan,Colombia,6916,1.23,118.6765,5827.606982005705,Ore / Raw
2525,"Mica, Including Splittings; Mica Waste",2020,Jun,Colombia,3458,1.23,118.6765,2913.8034910028523,Ore / Raw
2525,"Mica, Including Splittings; Mica Waste",2020,Jul,Colombia,2600,1.23,118.6765,2190.8296924833476,Ore / Raw
2525,"Mica, Including Splittings; Mica Waste",2020,Aug,Colombia,6916,1.23,118.6765,5827.606982005705,Ore / Raw
2525,"Mica, Including Splittings; Mica Waste",2020,Sep,Colombia,5200,1.23,118.6765,4381.659384966695,Ore / Raw
2525,"Mica, Including Splittings; Mica Waste",2020,Oct,Colombia,3458,1.23,118.6765,2913.8034910028523,Ore / Raw
2525,"Mica, Including Splittings; Mica Waste",2020,Nov,Colombia,4420,1.23,118.6765,3724.4104772216906,Ore / Raw
2525,"Mica, Including Splittings; Mica Waste",2021,Jun,Colombia,3458,4.7,124.2543,2783.0022783919753,Ore / Raw
2525,"Mica, Including Splittings; Mica Waste",2021,Jul,Colombia,3458,4.7,124.2543,2783.0022783919753,Ore / Raw
2525,"Mica, Including Splittings; Mica Waste",2021,Sep,Colombia,5824,4.7,124.2543,4687.1617320285895,Ore / Raw
2525,"Mica, Including Splittings; Mica Waste",2021,Oct,Colombia,77612,4.7,124.2543,62462.22464735626,Ore / Raw
2525,"Mica, Including Splittings; Mica Waste",2022,Jan,Colombia,6916,8.0,134.1947,5153.7057722845975,Ore / Raw
2525,"Mica, Including Splittings; Mica Waste",2022,Feb,Colombia,5824,8.0,134.1947,4339.962755608082,Ore / Raw
2525,"Mica, Including Splittings; Mica Waste",2022,Mar,Colombia,10326,8.0,134.1947,7694.78973461694,Ore / Raw
2525,"Mica, Including Splittings; Mica Waste",2022,May,Colombia,13832,8.0,134.1947,10307.411544569195,Ore / Raw
2525,"Mica, Including Splittings; Mica Waste",2022,Jun,Colombia,3458,8.0,134.1947,2576.8528861422988,Ore / Raw
2525,"Mica, Including Splittings; Mica Waste",2022,Jul,Colombia,13832,8.0,134.1947,10307.411544569195,Ore / Raw
2525,"Mica, Including Splittings; Mica Waste",2022,Aug,Colombia,10374,8.0,134.1947,7730.558658426897,Ore / Raw
2525,"Mica, Including Splittings; Mica Waste",2022,Oct,Colombia,6916,8.0,134.1947,5153.7057722845975,Ore / Raw
2525,"Mica, Including Splittings; Mica Waste",2022,Dec,Colombia,5850,8.0,134.1947,4359.337589338476,Ore / Raw
2525,"Mica, Including Splittings; Mica Waste",2023,Jan,Colombia,14839,4.12,139.7235,10620.260729225936,Ore / Raw
2525,"Mica, Including Splittings; Mica Waste",2023,Feb,Colombia,5850,4.12,139.7235,4186.840438437342,Ore / Raw
2525,"Mica, Including Splittings; Mica Waste",2023,Mar,Colombia,7748,4.12,139.7235,5545.237558463679,Ore / Raw
2525,"Mica, Including Splittings; Mica Waste",2023,Apr,Colombia,3874,4.12,139.7235,2772.6187792318397,Ore / Raw
2605,Cobalt Ores And Concentrates,2013,Jan,Brazil,129960,1.46,106.8327,121648.147056098,Ore / Raw
2616,Precious Metal Ores And Concentrates,2012,Aug,Bolivia,240397,2.07,105.2954,228307.21949866757,Ore / Raw
2616,Precious Metal Ores And Concentrates,2025,Feb,Chile,2794,2.8,147.8012,1890.3770740697641,Ore / Raw
2616,Precious Metal Ores And Concentrates,2023,Jan,Colombia,103695,4.12,139.7235,74214.43064337783,Ore / Raw
2616,Precious Metal Ores And Concentrates,2023,Feb,Colombia,92484,4.12,139.7235,66190.72668520328,Ore / Raw
2616,Precious Metal Ores And Concentrates,2023,May,Colombia,245862,4.12,139.7235,175963.24168804818,Ore / Raw
2616,Precious Metal Ores And Concentrates,2013,Feb,Ecuador,31300,1.46,106.8327,29298.145605231355,Ore / Raw
2616,Precious Metal Ores And Concentrates,2013,Mar,Ecuador,10120,1.46,106.8327,9472.755064694611,Ore / Raw
2616,Precious Metal Ores And Concentrates,2013,Apr,Ecuador,701982,1.46,106.8327,657085.3306150645,Ore / Raw
2616,Precious Metal Ores And Concentrates,2013,Jun,Ecuador,1588104,1.46,106.8327,1486533.6175159854,Ore / Raw
2616,Precious Metal Ores And Concentrates,2017,Aug,Ecuador,64493,2.13,112.4076,57374.23448236595,Ore / Raw
2616,Precious Metal Ores And Concentrates,2011,Aug,Peru,957856,3.16,103.16,928514.9282667701,Ore / Raw
2616,Precious Metal Ores And Concentrates,2011,Sep,Peru,1767063,3.16,103.16,1712934.276851493,Ore / Raw
2616,Precious Metal Ores And Concentrates,2011,Dec,Peru,957856,3.16,103.16,928514.9282667701,Ore / Raw
2616,Precious Metal Ores And Concentrates,2012,Feb,Peru,1262105,2.07,105.2954,1198632.6088319146,Ore / Raw
2616,Precious Metal Ores And Concentrates,2012,May,Peru,602433,2.07,105.2954,572136.104711127,Ore / Raw
2616,Precious Metal Ores And Concentrates,2012,Jun,Peru,1103354,2.07,105.2954,1047865.3388467112,Ore / Raw
2616,Precious Metal Ores And Concentrates,2012,Jul,Peru,559465,2.07,105.2954,531329.0039260974,Ore / Raw
2616,Precious Metal Ores And Concentrates,2012,Aug,Peru,488018,2.07,105.2954,463475.1375653637,Ore / Raw
2616,Precious Metal Ores And Concentrates,2012,Oct,Peru,811882,2.07,105.2954,771051.7268560639,Ore / Raw
2616,Precious Metal Ores And Concentrates,2012,Nov,Peru,976998,2.07,105.2954,927863.895288873,Ore / Raw
2616,Precious Metal Ores And Concentrates,2012,Dec,Peru,856456,2.07,105.2954,813384.0604622804,Ore / Raw
2616,Precious Metal Ores And Concentrates,2013,Sep,Peru,624473,1.46,106.8327,584533.5744580077,Ore / Raw
2616,Precious Metal Ores And Concentrates,2014,Feb,Peru,177074,1.62,108.5634,163106.5349832448,Ore / Raw
2822,Cobalt Oxide & Hydroxide; Commercial Cobalt Oxides,2012,Aug,Brazil,31299,2.07,105.2954,29724.94524927015,Compound
2822,Cobalt Oxide & Hydroxide; Commercial Cobalt Oxides,2014,Apr,Brazil,143600,1.62,108.5634,132272.93913049885,Compound
2822,Cobalt Oxide & Hydroxide; Commercial Cobalt Oxides,2018,Aug,Brazil,376380,2.44,115.1503,326859.7650201519,Compound
2822,Cobalt Oxide & Hydroxide; Commercial Cobalt Oxides,2021,Feb,Brazil,89078,4.7,124.2543,71690.07430728756,Compound
2822,Cobalt Oxide & Hydroxide; Commercial Cobalt Oxides,2021,Mar,Brazil,644602,4.7,124.2543,518776.4125668085,Compound
2822,Cobalt Oxide & Hydroxide; Commercial Cobalt Oxides,2021,Sep,Brazil,611310,4.7,124.2543,491982.97362747206,Compound
2822,Cobalt Oxide & Hydroxide; Commercial Cobalt Oxides,2022,Jul,Brazil,157200,8.0,134.1947,117143.22547760828,Compound
2825,"Hydrazine Etc, Oth Inorg Bases; Metal Oxides Etc",2015,Feb,Argentina,19740,0.12,108.6937,18161.12617382608,Unknown
2825,"Hydrazine Etc, Oth Inorg Bases; Metal Oxides Etc",2025,May,Argentina,38206,2.8,147.8012,25849.587148142233,Unknown
2825,"Hydrazine Etc, Oth Inorg Bases; Metal Oxides Etc",2025,Aug,Argentina,20409,2.8,147.8012,13808.412922222553,Unknown
2825,"Hydrazine Etc, Oth Inorg Bases; Metal Oxides Etc",2025,Sep,Argentina,2886,2.8,147.8012,1952.6228474464351,Unknown
2825,"Hydrazine Etc, Oth Inorg Bases; Metal Oxides Etc",2010,Jan,Bolivia,855318,1.64,100.0,855318.0,Unknown
2825,"Hydrazine Etc, Oth Inorg Bases; Metal Oxides Etc",2010,Feb,Bolivia,200123,1.64,100.0,200123.0,Unknown
2825,"Hydrazine Etc, Oth Inorg Bases; Metal Oxides Etc",2010,Apr,Bolivia,207365,1.64,100.0,207365.0,Unknown
2825,"Hydrazine Etc, Oth Inorg Bases; Metal Oxides Etc",2010,Jun,Bolivia,595789,1.64,100.0,595789.0,Unknown
2825,"Hydrazine Etc, Oth Inorg Bases; Metal Oxides Etc",2010,Jul,Bolivia,257650,1.64,100.0,257650.0,Unknown
2825,"Hydrazine Etc, Oth Inorg Bases; Metal Oxides Etc",2010,Aug,Bolivia,267948,1.64,100.0,267948.0,Unknown
2825,"Hydrazine Etc, Oth Inorg Bases; Metal Oxides Etc",2010,Oct,Bolivia,679536,1.64,100.0,679536.0,Unknown
2825,"Hydrazine Etc, Oth Inorg Bases; Metal Oxides Etc",2010,Dec,Bolivia,1996142,1.64,100.0,1996141.9999999998,Unknown
2825,"Hydrazine Etc, Oth Inorg Bases; Metal Oxides Etc",2011,Jan,Bolivia,877240,3.16,103.16,850368.3598293912,Unknown
2825,"Hydrazine Etc, Oth Inorg Bases; Metal Oxides Etc",2011,Mar,Bolivia,1932840,3.16,103.16,1873633.1911593643,Unknown
2825,"Hydrazine Etc, Oth Inorg Bases; Metal Oxides Etc",2011,Apr,Bolivia,1865069,3.16,103.16,1807938.1543233811,Unknown
2825,"Hydrazine Etc, Oth Inorg Bases; Metal Oxides Etc",2011,Jun,Bolivia,1671575,3.16,103.16,1620371.2679333074,Unknown
2825,"Hydrazine Etc, Oth Inorg Bases; Metal Oxides Etc",2011,Jul,Bolivia,1830171,3.16,103.16,1774109.1508336565,Unknown
2825,"Hydrazine Etc, Oth Inorg Bases; Metal Oxides Etc",2011,Aug,Bolivia,2291853,3.16,103.16,2221648.894920512,Unknown
2825,"Hydrazine Etc, Oth Inorg Bases; Metal Oxides Etc",2011,Sep,Bolivia,498571,3.16,103.16,483298.75920899573,Unknown
2825,"Hydrazine Etc, Oth Inorg Bases; Metal Oxides Etc",2011,Oct,Bolivia,1462175,3.16,103.16,1417385.6145792943,Unknown
2825,"Hydrazine Etc, Oth Inorg Bases; Metal Oxides Etc",2011,Nov,Bolivia,3134916,3.16,103.16,3038887.1655680495,Unknown
2825,"Hydrazine Etc, Oth Inorg Bases; Metal Oxides Etc",2012,Jan,Bolivia,2196454,2.07,105.2954,2085992.3605399665,Unknown
2825,"Hydrazine Etc, Oth Inorg Bases; Metal Oxides Etc",2012,Feb,Bolivia,1029937,2.07,105.2954,978140.5455508977,Unknown
2825,"Hydrazine Etc, Oth Inorg Bases; Metal Oxides Etc",2012,Mar,Bolivia,1491514,2.07,105.2954,1416504.424694716,Unknown
2825,"Hydrazine Etc, Oth Inorg Bases; Metal Oxides Etc",2012,Apr,Bolivia,1844144,2.07,105.2954,1751400.3460739977,Unknown
2825,"Hydrazine Etc, Oth Inorg Bases; Metal Oxides Etc",2012,May,Bolivia,1276800,2.07,105.2954,1212588.584116685,Unknown
2825,"Hydrazine Etc, Oth Inorg Bases; Metal Oxides Etc",2012,Jul,Bolivia,1350876,2.07,105.2954,1282939.2357121015,Unknown
2825,"Hydrazine Etc, Oth Inorg Bases; Metal Oxides Etc",2012,Aug,Bolivia,825577,2.07,105.2954,784057.9930367329,Unknown
2825,"Hydrazine Etc, Oth Inorg Bases; Metal Oxides Etc",2012,Sep,Bolivia,2339461,2.07,105.2954,2221807.4103901973,Unknown
2825,"Hydrazine Etc, Oth Inorg Bases; Metal Oxides Etc",2012,Oct,Bolivia,1544160,2.07,105.2954,1466502.810189239,Unknown
2825,"Hydrazine Etc, Oth Inorg Bases; Metal Oxides Etc",2012,Nov,Bolivia,952422,2.07,105.2954,904523.8443464766,Unknown
2825,"Hydrazine Etc, Oth Inorg Bases; Metal Oxides Etc",2012,Dec,Bolivia,457689,2.07,105.2954,434671.41014707193,Unknown
2825,"Hydrazine Etc, Oth Inorg Bases; Metal Oxides Etc",2013,Jan,Bolivia,2552560,1.46,106.8327,2389305.8960411935,Unknown
2825,"Hydrazine Etc, Oth Inorg Bases; Metal Oxides Etc",2013,Feb,Bolivia,1363084,1.46,106.8327,1275905.2237751174,Unknown
2825,"Hydrazine Etc, Oth Inorg Bases; Metal Oxides Etc",2013,Mar,Bolivia,2222808,1.46,106.8327,2080643.847810642,Unknown
2825,"Hydrazine Etc, Oth Inorg Bases; Metal Oxides Etc",2013,Apr,Bolivia,721296,1.46,106.8327,675164.0649351743,Unknown
2825,"Hydrazine Etc, Oth Inorg Bases; Metal Oxides Etc",2013,May,Bolivia,3076879,1.46,106.8327,2880091.020820404,Unknown
2825,"Hydrazine Etc, Oth Inorg Bases; Metal Oxides Etc",2013,Jun,Bolivia,2135120,1.46,106.8327,1998564.1100524464,Unknown
2825,"Hydrazine Etc, Oth Inorg Bases; Metal Oxides Etc",2013,Jul,Bolivia,2450815,1.46,106.8327,2294068.2019643798,Unknown
2825,"Hydrazine Etc, Oth Inorg Bases; Metal Oxides Etc",2013,Aug,Bolivia,2517869,1.46,106.8327,2356833.6286548967,Unknown
2825,"Hydrazine Etc, Oth Inorg Bases; Metal Oxides Etc",2013,Sep,Bolivia,2658337,1.46,106.8327,2488317.7154560355,Unknown
2825,"Hydrazine Etc, Oth Inorg Bases; Metal Oxides Etc",2013,Oct,Bolivia,2729990,1.46,106.8327,2555388.0038602413,Unknown
2825,"Hydrazine Etc, Oth Inorg Bases; Metal Oxides Etc",2013,Nov,Bolivia,1904853,1.46,106.8327,1783024.2987399925,Unknown
2825,"Hydrazine Etc, Oth Inorg Bases; Metal Oxides Etc",2013,Dec,Bolivia,1721496,1.46,106.8327,1611394.2641157622,Unknown
2825,"Hydrazine Etc, Oth Inorg Bases; Metal Oxides Etc",2014,Jan,Bolivia,1622255,1.62,108.5634,1494292.7358575726,Unknown
2825,"Hydrazine Etc, Oth Inorg Bases; Metal Oxides Etc",2014,Feb,Bolivia,1079438,1.62,108.5634,994292.7358575725,Unknown
2825,"Hydrazine Etc, Oth Inorg Bases; Metal Oxides Etc",2014,Mar,Bolivia,973146,1.62,108.5634,896384.9695201145,Unknown
2825,"Hydrazine Etc, Oth Inorg Bases; Metal Oxides Etc",2014,Apr,Bolivia,1635319,1.62,108.5634,1506326.2572837623,Unknown
2825,"Hydrazine Etc, Oth Inorg Bases; Metal Oxides Etc",2014,May,Bolivia,675215,1.62,108.5634,621954.5445334248,Unknown
2825,"Hydrazine Etc, Oth Inorg Bases; Metal Oxides Etc",2014,Jun,Bolivia,1843796,1.62,108.5634,1698358.7470547166,Unknown
2825,"Hydrazine Etc, Oth Inorg Bases; Metal Oxides Etc",2014,Jul,Bolivia,1249702,1.62,108.5634,1151126.4385603252,Unknown
2825,"Hydrazine Etc, Oth Inorg Bases; Metal Oxides Etc",2014,Aug,Bolivia,1251908,1.62,108.5634,1153158.4309260764,Unknown
2825,"Hydrazine Etc, Oth Inorg Bases; Metal Oxides Etc",2014,Sep,Bolivia,475854,1.62,108.5634,438318.9914833176,Unknown
2825,"Hydrazine Etc, Oth Inorg Bases; Metal Oxides Etc",2014,Oct,Bolivia,2398554,1.62,108.5634,2209357.84988311,Unknown
2825,"Hydrazine Etc, Oth Inorg Bases; Metal Oxides Etc",2014,Nov,Bolivia,1065132,1.62,108.5634,981115.1824648087,Unknown
2825,"Hydrazine Etc, Oth Inorg Bases; Metal Oxides Etc",2014,Dec,Bolivia,1211131,1.62,108.5634,1115597.8902650434,Unknown
2825,"Hydrazine Etc, Oth Inorg Bases; Metal Oxides Etc",2015,Jan,Bolivia,2356646,0.12,108.6937,2168153.26003255,Unknown
2825,"Hydrazine Etc, Oth Inorg Bases; Metal Oxides Etc",2015,Feb,Bolivia,438563,0.12,108.6937,403485.2065943104,Unknown
2825,"Hydrazine Etc, Oth Inorg Bases; Metal Oxides Etc",2015,Mar,Bolivia,1028504,0.12,108.6937,946240.6744825137,Unknown
2825,"Hydrazine Etc, Oth Inorg Bases; Metal Oxides Etc",2015,Apr,Bolivia,684000,0.12,108.6937,629291.3020717851,Unknown
2825,"Hydrazine Etc, Oth Inorg Bases; Metal Oxides Etc",2015,May,Bolivia,1084929,0.12,108.6937,998152.6068208184,Unknown
2825,"Hydrazine Etc, Oth Inorg Bases; Metal Oxides Etc",2015,Jun,Bolivia,838558,0.12,108.6937,771487.2159103977,Unknown
2825,"Hydrazine Etc, Oth Inorg Bases; Metal Oxides Etc",2015,Jul,Bolivia,692879,0.12,108.6937,637460.128783913,Unknown
2825,"Hydrazine Etc, Oth Inorg Bases; Metal Oxides Etc",2015,Aug,Bolivia,1086964,0.12,108.6937,1000024.8404461343,Unknown
2825,"Hydrazine Etc, Oth Inorg Bases; Metal Oxides Etc",2015,Sep,Bolivia,1049519,0.12,108.6937,965574.821723798,Unknown
2825,"Hydrazine Etc, Oth Inorg Bases; Metal Oxides Etc",2015,Oct,Bolivia,1680835,0.12,108.6937,1546395.9732716798,Unknown
2825,"Hydrazine Etc, Oth Inorg Bases; Metal Oxides Etc",2015,Nov,Bolivia,859996,0.12,108.6937,791210.5301411214,Unknown
2825,"Hydrazine Etc, Oth Inorg Bases; Metal Oxides Etc",2015,Dec,Bolivia,714651,0.12,108.6937,657490.7285334844,Unknown
2825,"Hydrazine Etc, Oth Inorg Bases; Metal Oxides Etc",2016,Jan,Bolivia,366960,1.26,110.0632,333408.44169531687,Unknown
2825,"Hydrazine Etc, Oth Inorg Bases; Metal Oxides Etc",2016,Feb,Bolivia,414915,1.26,110.0632,376978.86305322766,Unknown
2825,"Hydrazine Etc, Oth Inorg Bases; Metal Oxides Etc",2016,Mar,Bolivia,341316,1.26,110.0632,310109.10095290706,Unknown
2825,"Hydrazine Etc, Oth Inorg Bases; Metal Oxides Etc",2016,Apr,Bolivia,88404,1.26,110.0632,80321.12459023543,Unknown
2825,"Hydrazine Etc, Oth Inorg Bases; Metal Oxides Etc",2016,May,Bolivia,604067,1.26,110.0632,548836.4866731114,Unknown
2825,"Hydrazine Etc, Oth Inorg Bases; Metal Oxides Etc",2016,Jun,Bolivia,403894,1.26,110.0632,366965.5252618496,Unknown
2825,"Hydrazine Etc, Oth Inorg Bases; Metal Oxides Etc",2016,Jul,Bolivia,523128,1.26,110.0632,475297.8288837686,Unknown
2825,"Hydrazine Etc, Oth Inorg Bases; Metal Oxides Etc",2016,Aug,Bolivia,315586,1.26,110.0632,286731.6232855305,Unknown
2825,"Hydrazine Etc, Oth Inorg Bases; Metal Oxides Etc",2016,Sep,Bolivia,556468,1.26,110.0632,505589.5158418073,Unknown
2825,"Hydrazine Etc, Oth Inorg Bases; Metal Oxides Etc",2016,Oct,Bolivia,685821,1.26,110.0632,623115.6281118485,Unknown
2825,"Hydrazine Etc, Oth Inorg Bases; Metal Oxides Etc",2016,Nov,Bolivia,853266,1.26,110.0632,775250.9467287885,Unknown
2825,"Hydrazine Etc, Oth Inorg Bases; Metal Oxides Etc",2016,Dec,Bolivia,498415,1.26,110.0632,452844.3657825685,Unknown
2825,"Hydrazine Etc, Oth Inorg Bases; Metal Oxides Etc",2017,Jan,Bolivia,732637,2.13,112.4076,651768.2078435977,Unknown
2825,"Hydrazine Etc, Oth Inorg Bases; Metal Oxides Etc",2017,Feb,Bolivia,586309,2.13,112.4076,521591.95641575835,Unknown
2825,"Hydrazine Etc, Oth Inorg Bases; Metal Oxides Etc",2017,Mar,Bolivia,846887,2.13,112.4076,753407.2429266348,Unknown
2825,"Hydrazine Etc, Oth Inorg Bases; Metal Oxides Etc",2017,Apr,Bolivia,252436,2.13,112.4076,224572.0040281974,Unknown
2825,"Hydrazine Etc, Oth Inorg Bases; Metal Oxides Etc",2017,May,Bolivia,967573,2.13,112.4076,860771.8695177195,Unknown
2825,"Hydrazine Etc, Oth Inorg Bases; Metal Oxides Etc",2017,Jun,Bolivia,438368,2.13,112.4076,389980.7486326547,Unknown
2825,"Hydrazine Etc, Oth Inorg Bases; Metal Oxides Etc",2017,Jul,Bolivia,1018017,2.13,112.4076,905647.8387582335,Unknown
2825,"Hydrazine Etc, Oth Inorg Bases; Metal Oxides Etc",2017,Aug,Bolivia,148586,2.13,112.4076,132185.01240129673,Unknown
2825,"Hydrazine Etc, Oth Inorg Bases; Metal Oxides Etc",2017,Sep,Bolivia,1345363,2.13,112.4076,1196861.2442575058,Unknown
2825,"Hydrazine Etc, Oth Inorg Bases; Metal Oxides Etc",2017,Oct,Bolivia,1089303,2.13,112.4076,969065.2589326701,Unknown
2825,"Hydrazine Etc, Oth Inorg Bases; Metal Oxides Etc",2017,Nov,Bolivia,268956,2.13,112.4076,239268.51921044485,Unknown
2825,"Hydrazine Etc, Oth Inorg Bases; Metal Oxides Etc",2017,Dec,Bolivia,931845,2.13,112.4076,828987.5417676385,Unknown
2825,"Hydrazine Etc, Oth Inorg Bases; Metal Oxides Etc",2018,Jan,Bolivia,920494,2.44,115.1503,799384.8040343794,Unknown
2825,"Hydrazine Etc, Oth Inorg Bases; Metal Oxides Etc",2018,Feb,Bolivia,646893,2.44,115.1503,561781.4282724404,Unknown
2825,"Hydrazine Etc, Oth Inorg Bases; Metal Oxides Etc",2018,Mar,Bolivia,675331,2.44,115.1503,586477.846779383,Unknown
2825,"Hydrazine Etc, Oth Inorg Bases; Metal Oxides Etc",2018,Apr,Bolivia,549654,2.44,115.1503,477336.1424156081,Unknown
2825,"Hydrazine Etc, Oth Inorg Bases; Metal Oxides Etc",2018,May,Bolivia,973938,2.44,115.1503,845797.188544016,Unknown
2825,"Hydrazine Etc, Oth Inorg Bases; Metal Oxides Etc",2018,Jun,Bolivia,1358675,2.44,115.1503,1179914.424886431,Unknown
2825,"Hydrazine Etc, Oth Inorg Bases; Metal Oxides Etc",2018,Jul,Bolivia,139097,2.44,115.1503,120796.03787397861,Unknown
2825,"Hydrazine Etc, Oth Inorg Bases; Metal Oxides Etc",2018,Aug,Bolivia,1177452,2.44,115.1503,1022534.8956971888,Unknown
2825,"Hydrazine Etc, Oth Inorg Bases; Metal Oxides Etc",2018,Sep,Bolivia,254838,2.44,115.1503,221309.01960307528,Unknown
2825,"Hydrazine Etc, Oth Inorg Bases; Metal Oxides Etc",2018,Oct,Bolivia,1054525,2.44,115.1503,915781.3744297669,Unknown
2825,"Hydrazine Etc, Oth Inorg Bases; Metal Oxides Etc",2018,Nov,Bolivia,547077,2.44,115.1503,475098.197746771,Unknown
2825,"Hydrazine Etc, Oth Inorg Bases; Metal Oxides Etc",2018,Dec,Bolivia,944508,2.44,115.1503,820239.2872619524,Unknown
2825,"Hydrazine Etc, Oth Inorg Bases; Metal Oxides Etc",2019,Jan,Bolivia,390769,1.81,117.2345,333322.52877779154,Unknown
2825,"Hydrazine Etc, Oth Inorg Bases; Metal Oxides Etc",2019,Feb,Bolivia,383502,1.81,117.2345,327123.84153128986,Unknown
2825,"Hydrazine Etc, Oth Inorg Bases; Metal Oxides Etc",2019,Mar,Bolivia,901396,1.81,117.2345,768882.8800395788,Unknown
2825,"Hydrazine Etc, Oth Inorg Bases; Metal Oxides Etc",2019,Apr,Bolivia,503725,1.81,117.2345,429673.0058131352,Unknown
2825,"Hydrazine Etc, Oth Inorg Bases; Metal Oxides Etc",2019,May,Bolivia,1112232,1.81,117.2345,948724.1383722369,Unknown
2825,"Hydrazine Etc, Oth Inorg Bases; Metal Oxides Etc",2019,Jun,Bolivia,700342,1.81,117.2345,597385.5818892902,Unknown
2825,"Hydrazine Etc, Oth Inorg Bases; Metal Oxides Etc",2019,Jul,Bolivia,776249,1.81,117.2345,662133.5869560582,Unknown
2825,"Hydrazine Etc, Oth Inorg Bases; Metal Oxides Etc",2019,Aug,Bolivia,987659,1.81,117.2345,842464.4622530057,Unknown
2825,"Hydrazine Etc, Oth Inorg Bases; Metal Oxides Etc",2019,Sep,Bolivia,485035,1.81,117.2345,413730.59978078125,Unknown
2825,"Hydrazine Etc, Oth Inorg Bases; Metal Oxides Etc",2019,Oct,Bolivia,282352,1.81,117.2345,240843.77892173378,Unknown
2825,"Hydrazine Etc, Oth Inorg Bases; Metal Oxides Etc",2019,Nov,Bolivia,184248,1.81,117.2345,157161.92758957474,Unknown
2825,"Hydrazine Etc, Oth Inorg Bases; Metal Oxides Etc",2019,Dec,Bolivia,195970,1.81,117.2345,167160.6907522956,Unknown
2825,"Hydrazine Etc, Oth Inorg Bases; Metal Oxides Etc",2020,Jan,Bolivia,293479,1.23,118.6765,247293.27204627707,Unknown
2825,"Hydrazine Etc, Oth Inorg Bases; Metal Oxides Etc",2020,Mar,Bolivia,369366,1.23,118.6765,311237.69238223234,Unknown
2825,"Hydrazine Etc, Oth Inorg Bases; Metal Oxides Etc",2020,Apr,Bolivia,206351,1.23,118.6765,173876.8837975505,Unknown
2825,"Hydrazine Etc, Oth Inorg Bases; Metal Oxides Etc",2020,May,Bolivia,396423,1.23,118.6765,334036.64583974076,Unknown
2825,"Hydrazine Etc, Oth Inorg Bases; Metal Oxides Etc",2020,Jul,Bolivia,645308,1.23,118.6765,543753.8181527092,Unknown
2825,"Hydrazine Etc, Oth Inorg Bases; Metal Oxides Etc",2020,Aug,Bolivia,365893,1.23,118.6765,308311.24948915746,Unknown
2825,"Hydrazine Etc, Oth Inorg Bases; Metal Oxides Etc",2020,Oct,Bolivia,964295,1.23,118.6765,812540.8147358575,Unknown
2825,"Hydrazine Etc, Oth Inorg Bases; Metal Oxides Etc",2020,Nov,Bolivia,565192,1.23,118.6765,476245.9290592493,Unknown
2825,"Hydrazine Etc, Oth Inorg Bases; Metal Oxides Etc",2020,Dec,Bolivia,871995,1.23,118.6765,734766.3606526987,Unknown
2825,"Hydrazine Etc, Oth Inorg Bases; Metal Oxides Etc",2021,Jan,Bolivia,488183,4.7,124.2543,392890.22593181883,Unknown
2825,"Hydrazine Etc, Oth Inorg Bases; Metal Oxides Etc",2021,Feb,Bolivia,307514,4.7,124.2543,247487.61209873622,Unknown
2825,"Hydrazine Etc, Oth Inorg Bases; Metal Oxides Etc",2021,Mar,Bolivia,285564,4.7,124.2543,229822.2274802562,Unknown
2825,"Hydrazine Etc, Oth Inorg Bases; Metal Oxides Etc",2021,Apr,Bolivia,748506,4.7,124.2543,602398.4683025054,Unknown
2825,"Hydrazine Etc, Oth Inorg Bases; Metal Oxides Etc",2021,May,Bolivia,487310,4.7,124.2543,392187.6345526875,Unknown
2825,"Hydrazine Etc, Oth Inorg Bases; Metal Oxides Etc",2021,Jun,Bolivia,556239,4.7,124.2543,447661.77106144413,Unknown
2825,"Hydrazine Etc, Oth Inorg Bases; Metal Oxides Etc",2021,Jul,Bolivia,517207,4.7,124.2543,416248.773684291,Unknown
2825,"Hydrazine Etc, Oth Inorg Bases; Metal Oxides Etc",2021,Aug,Bolivia,155252,4.7,124.2543,124946.98372611651,Unknown
2825,"Hydrazine Etc, Oth Inorg Bases; Metal Oxides Etc",2021,Sep,Bolivia,926220,4.7,124.2543,745422.8948213462,Unknown
2825,"Hydrazine Etc, Oth Inorg Bases; Metal Oxides Etc",2021,Oct,Bolivia,482553,4.7,124.2543,388359.195617375,Unknown
2825,"Hydrazine Etc, Oth Inorg Bases; Metal Oxides Etc",2021,Nov,Bolivia,1791328,4.7,124.2543,1441662.783501255,Unknown
2825,"Hydrazine Etc, Oth Inorg Bases; Metal Oxides Etc",2021,Dec,Bolivia,798326,4.7,124.2543,642493.6601791648,Unknown
2825,"Hydrazine Etc, Oth Inorg Bases; Metal Oxides Etc",2022,Jan,Bolivia,1035193,8.0,134.1947,771411.2405333444,Unknown
2825,"Hydrazine Etc, Oth Inorg Bases; Metal Oxides Etc",2022,Mar,Bolivia,1250950,8.0,134.1947,932190.3175013618,Unknown
2825,"Hydrazine Etc, Oth Inorg Bases; Metal Oxides Etc",2022,May,Bolivia,2471606,8.0,134.1947,1841805.9729631646,Unknown
2825,"Hydrazine Etc, Oth Inorg Bases; Metal Oxides Etc",2022,Jun,Bolivia,1764586,8.0,134.1947,1314944.6289607561,Unknown
2825,"Hydrazine Etc, Oth Inorg Bases; Metal Oxides Etc",2022,Jul,Bolivia,1109632,8.0,134.1947,826882.1346893728,Unknown
2825,"Hydrazine Etc, Oth Inorg Bases; Metal Oxides Etc",2022,Aug,Bolivia,214755,8.0,134.1947,160032.4006834845,Unknown
2825,"Hydrazine Etc, Oth Inorg Bases; Metal Oxides Etc",2022,Sep,Bolivia,2229562,8.0,134.1947,1661438.193907807,Unknown
2825,"Hydrazine Etc, Oth Inorg Bases; Metal Oxides Etc",2022,Oct,Bolivia,644096,8.0,134.1947,479971.2656312059,Unknown
2825,"Hydrazine Etc, Oth Inorg Bases; Metal Oxides Etc",2022,Nov,Bolivia,620640,8.0,134.1947,462492.1848627404,Unknown
2825,"Hydrazine Etc, Oth Inorg Bases; Metal Oxides Etc",2022,Dec,Bolivia,1857998,8.0,134.1947,1384553.935438583,Unknown
2825,"Hydrazine Etc, Oth Inorg Bases; Metal Oxides Etc",2023,Jan,Bolivia,991195,4.12,139.7235,709397.4886114362,Unknown
2825,"Hydrazine Etc, Oth Inorg Bases; Metal Oxides Etc",2023,Feb,Bolivia,676586,4.12,139.7235,484232.0726291569,Unknown
2825,"Hydrazine Etc, Oth Inorg Bases; Metal Oxides Etc",2023,Mar,Bolivia,747846,4.12,139.7235,535232.7990638654,Unknown
2825,"Hydrazine Etc, Oth Inorg Bases; Metal Oxides Etc",2023,Apr,Bolivia,620618,4.12,139.7235,444175.81867044553,Unknown
2825,"Hydrazine Etc, Oth Inorg Bases; Metal Oxides Etc",2023,May,Bolivia,2085927,4.12,139.7235,1492896.3273894512,Unknown
2825,"Hydrazine Etc, Oth Inorg Bases; Metal Oxides Etc",2023,Jun,Bolivia,560455,4.12,139.7235,401117.2064828035,Unknown
2825,"Hydrazine Etc, Oth Inorg Bases; Metal Oxides Etc",2023,Jul,Bolivia,1498088,4.12,139.7235,1072180.4134594395,Unknown
2825,"Hydrazine Etc, Oth Inorg Bases; Metal Oxides Etc",2023,Aug,Bolivia,968094,4.12,139.7235,692864.1209245402,Unknown
2825,"Hydrazine Etc, Oth Inorg Bases; Metal Oxides Etc",2023,Sep,Bolivia,369837,4.12,139.7235,264692.05251800874,Unknown
2825,"Hydrazine Etc, Oth Inorg Bases; Metal Oxides Etc",2023,Oct,Bolivia,550922,4.12,139.7235,394294.4458162013,Unknown
2825,"Hydrazine Etc, Oth Inorg Bases; Metal Oxides Etc",2023,Nov,Bolivia,1747783,4.12,139.7235,1250886.9302586894,Unknown
2825,"Hydrazine Etc, Oth Inorg Bases; Metal Oxides Etc",2023,Dec,Bolivia,575046,4.12,139.7235,411559.9738054086,Unknown
2825,"Hydrazine Etc, Oth Inorg Bases; Metal Oxides Etc",2024,Jan,Bolivia,557968,2.9,143.7755,388082.8096581128,Unknown
2825,"Hydrazine Etc, Oth Inorg Bases; Metal Oxides Etc",2024,Feb,Bolivia,1099472,2.9,143.7755,764714.4332657512,Unknown
2825,"Hydrazine Etc, Oth Inorg Bases; Metal Oxides Etc",2024,Mar,Bolivia,777808,2.9,143.7755,540987.8595449155,Unknown
2825,"Hydrazine Etc, Oth Inorg Bases; Metal Oxides Etc",2024,Apr,Bolivia,1294331,2.9,143.7755,900244.4783707933,Unknown
2825,"Hydrazine Etc, Oth Inorg Bases; Metal Oxides Etc",2024,May,Bolivia,1568628,2.9,143.7755,1091025.9397463407,Unknown
2825,"Hydrazine Etc, Oth Inorg Bases; Metal Oxides Etc",2024,Jun,Bolivia,1598481,2.9,143.7755,1111789.5608083436,Unknown
2825,"Hydrazine Etc, Oth Inorg Bases; Metal Oxides Etc",2024,Jul,Bolivia,1227775,2.9,143.7755,853952.8640136882,Unknown
2825,"Hydrazine Etc, Oth Inorg Bases; Metal Oxides Etc",2024,Aug,Bolivia,361184,2.9,143.7755,251213.87162625065,Unknown
2825,"Hydrazine Etc, Oth Inorg Bases; Metal Oxides Etc",2024,Sep,Bolivia,2863059,2.9,143.7755,1991339.9709964495,Unknown
2825,"Hydrazine Etc, Oth Inorg Bases; Metal Oxides Etc",2024,Oct,Bolivia,2680706,2.9,143.7755,1864508.2089785815,Unknown
2825,"Hydrazine Etc, Oth Inorg Bases; Metal Oxides Etc",2024,Nov,Bolivia,2048863,2.9,143.7755,1425043.2097262747,Unknown
2825,"Hydrazine Etc, Oth Inorg Bases; Metal Oxides Etc",2024,Dec,Bolivia,875803,2.9,143.7755,609146.2036299648,Unknown
2825,"Hydrazine Etc, Oth Inorg Bases; Metal Oxides Etc",2025,Jan,Bolivia,1896536,2.8,147.8012,1283166.848442367,Unknown
2825,"Hydrazine Etc, Oth Inorg Bases; Metal Oxides Etc",2025,Feb,Bolivia,4643716,2.8,147.8012,3141866.2365393518,Unknown
2825,"Hydrazine Etc, Oth Inorg Bases; Metal Oxides Etc",2025,Mar,Bolivia,5371789,2.8,147.8012,3634469.138274926,Unknown
2825,"Hydrazine Etc, Oth Inorg Bases; Metal Oxides Etc",2025,Apr,Bolivia,2321696,2.8,147.8012,1570823.5115817734,Unknown
2825,"Hydrazine Etc, Oth Inorg Bases; Metal Oxides Etc",2025,May,Bolivia,3914676,2.8,147.8012,2648609.077598829,Unknown
2825,"Hydrazine Etc, Oth Inorg Bases; Metal Oxides Etc",2025,Jun,Bolivia,9843465,2.8,147.8012,6659935.778599903,Unknown
2825,"Hydrazine Etc, Oth Inorg Bases; Metal Oxides Etc",2025,Jul,Bolivia,5075832,2.8,147.8012,3434229.2214136287,Unknown
2825,"Hydrazine Etc, Oth Inorg Bases; Metal Oxides Etc",2025,Aug,Bolivia,3326983,2.8,147.8012,2250985.1070221355,Unknown
2825,"Hydrazine Etc, Oth Inorg Bases; Metal Oxides Etc",2025,Sep,Bolivia,8409500,2.8,147.8012,5689737.295772972,Unknown
2825,"Hydrazine Etc, Oth Inorg Bases; Metal Oxides Etc",2025,Oct,Bolivia,2644011,2.8,147.8012,1788896.8425154872,Unknown
2825,"Hydrazine Etc, Oth Inorg Bases; Metal Oxides Etc",2025,Nov,Bolivia,8083790,2.8,147.8012,5469366.960484759,Unknown
2825,"Hydrazine Etc, Oth Inorg Bases; Metal Oxides Etc",2025,Dec,Bolivia,6688214,2.8,147.8012,4525141.879768229,Unknown
2825,"Hydrazine Etc, Oth Inorg Bases; Metal Oxides Etc",2010,Jan,Brazil,114401,1.64,100.0,114401.0,Unknown
2825,"Hydrazine Etc, Oth Inorg Bases; Metal Oxides Etc",2010,Feb,Brazil,4820,1.64,100.0,4820.0,Unknown
2825,"Hydrazine Etc, Oth Inorg Bases; Metal Oxides Etc",2010,Mar,Brazil,3723755,1.64,100.0,3723755.0000000005,Unknown
2825,"Hydrazine Etc, Oth Inorg Bases; Metal Oxides Etc",2010,Apr,Brazil,2257552,1.64,100.0,2257552.0,Unknown
2825,"Hydrazine Etc, Oth Inorg Bases; Metal Oxides Etc",2010,May,Brazil,4140661,1.64,100.0,4140661.0,Unknown
2825,"Hydrazine Etc, Oth Inorg Bases; Metal Oxides Etc",2010,Jun,Brazil,2253729,1.64,100.0,2253729.0,Unknown
2825,"Hydrazine Etc, Oth Inorg Bases; Metal Oxides Etc",2010,Jul,Brazil,3804304,1.64,100.0,3804304.0,Unknown
2825,"Hydrazine Etc, Oth Inorg Bases; Metal Oxides Etc",2010,Aug,Brazil,2287877,1.64,100.0,2287877.0,Unknown
2825,"Hydrazine Etc, Oth Inorg Bases; Metal Oxides Etc",2010,Sep,Brazil,3327317,1.64,100.0,3327317.0,Unknown
2825,"Hydrazine Etc, Oth Inorg Bases; Metal Oxides Etc",2010,Oct,Brazil,3946143,1.64,100.0,3946143.0,Unknown
2825,"Hydrazine Etc, Oth Inorg Bases; Metal Oxides Etc",2010,Nov,Brazil,2293361,1.64,100.0,2293361.0,Unknown
2825,"Hydrazine Etc, Oth Inorg Bases; Metal Oxides Etc",2010,Dec,Brazil,2220858,1.64,100.0,2220858.0,Unknown
2825,"Hydrazine Etc, Oth Inorg Bases; Metal Oxides Etc",2011,Jan,Brazil,2201373,3.16,103.16,2133940.480806514,Unknown
2825,"Hydrazine Etc, Oth Inorg Bases; Metal Oxides Etc",2011,Feb,Brazil,3157435,3.16,103.16,3060716.362931369,Unknown
2825,"Hydrazine Etc, Oth Inorg Bases; Metal Oxides Etc",2011,Mar,Brazil,3218555,3.16,103.16,3119964.133385033,Unknown
2825,"Hydrazine Etc, Oth Inorg Bases; Metal Oxides Etc",2011,Apr,Brazil,5245281,3.16,103.16,5084607.405971307,Unknown
2825,"Hydrazine Etc, Oth Inorg Bases; Metal Oxides Etc",2011,May,Brazil,4301757,3.16,103.16,4169985.459480419,Unknown
2825,"Hydrazine Etc, Oth Inorg Bases; Metal Oxides Etc",2011,Jun,Brazil,4991230,3.16,103.16,4838338.503295851,Unknown
2825,"Hydrazine Etc, Oth Inorg Bases; Metal Oxides Etc",2011,Jul,Brazil,4824954,3.16,103.16,4677155.874369911,Unknown
2825,"Hydrazine Etc, Oth Inorg Bases; Metal Oxides Etc",2011,Aug,Brazil,1475034,3.16,103.16,1429850.7173322993,Unknown
2825,"Hydrazine Etc, Oth Inorg Bases; Metal Oxides Etc",2011,Sep,Brazil,5272046,3.16,103.16,5110552.539744087,Unknown
2825,"Hydrazine Etc, Oth Inorg Bases; Metal Oxides Etc",2011,Oct,Brazil,5902810,3.16,103.16,5721994.959286545,Unknown
2825,"Hydrazine Etc, Oth Inorg Bases; Metal Oxides Etc",2011,Nov,Brazil,4974419,3.16,103.16,4822042.458317177,Unknown
2825,"Hydrazine Etc, Oth Inorg Bases; Metal Oxides Etc",2011,Dec,Brazil,2737779,3.16,103.16,2653915.2772392402,Unknown
2825,"Hydrazine Etc, Oth Inorg Bases; Metal Oxides Etc",2012,Jan,Brazil,7202810,2.07,105.2954,6840574.232112704,Unknown
2825,"Hydrazine Etc, Oth Inorg Bases; Metal Oxides Etc",2012,Feb,Brazil,3616711,2.07,105.2954,3434823.363603728,Unknown
2825,"Hydrazine Etc, Oth Inorg Bases; Metal Oxides Etc",2012,Mar,Brazil,5286113,2.07,105.2954,5020269.6414088365,Unknown
2825,"Hydrazine Etc, Oth Inorg Bases; Metal Oxides Etc",2012,Apr,Brazil,4665968,2.07,105.2954,4431312.289045866,Unknown
2825,"Hydrazine Etc, Oth Inorg Bases; Metal Oxides Etc",2012,May,Brazil,5182407,2.07,105.2954,4921779.109058895,Unknown
2825,"Hydrazine Etc, Oth Inorg Bases; Metal Oxides Etc",2012,Jun,Brazil,6528882,2.07,105.2954,6200538.675003846,Unknown
2825,"Hydrazine Etc, Oth Inorg Bases; Metal Oxides Etc",2012,Jul,Brazil,4869844,2.07,105.2954,4624935.182353646,Unknown
2825,"Hydrazine Etc, Oth Inorg Bases; Metal Oxides Etc",2012,Aug,Brazil,5894515,2.07,105.2954,5598074.559762345,Unknown
2825,"Hydrazine Etc, Oth Inorg Bases; Metal Oxides Etc",2012,Sep,Brazil,5007967,2.07,105.2954,4756111.852939445,Unknown
2825,"Hydrazine Etc, Oth Inorg Bases; Metal Oxides Etc",2012,Oct,Brazil,4562324,2.07,105.2954,4332880.638660379,Unknown
2825,"Hydrazine Etc, Oth Inorg Bases; Metal Oxides Etc",2012,Nov,Brazil,6772874,2.07,105.2954,6432260.098731759,Unknown
2825,"Hydrazine Etc, Oth Inorg Bases; Metal Oxides Etc",2012,Dec,Brazil,7337443,2.07,105.2954,6968436.417925189,Unknown
2825,"Hydrazine Etc, Oth Inorg Bases; Metal Oxides Etc",2013,Jan,Brazil,7429298,1.46,106.8327,6954142.317848375,Unknown
2825,"Hydrazine Etc, Oth Inorg Bases; Metal Oxides Etc",2013,Feb,Brazil,6640412,1.46,106.8327,6215711.10717973,Unknown
2825,"Hydrazine Etc, Oth Inorg Bases; Metal Oxides Etc",2013,Mar,Brazil,5657442,1.46,106.8327,5295608.928726878,Unknown
2825,"Hydrazine Etc, Oth Inorg Bases; Metal Oxides Etc",2013,Apr,Brazil,4424301,1.46,106.8327,4141335.939277019,Unknown
2825,"Hydrazine Etc, Oth Inorg Bases; Metal Oxides Etc",2013,May,Brazil,6871568,1.46,106.8327,6432083.060710812,Unknown
2825,"Hydrazine Etc, Oth Inorg Bases; Metal Oxides Etc",2013,Jun,Brazil,10218665,1.46,106.8327,9565109.74636043,Unknown
2825,"Hydrazine Etc, Oth Inorg Bases; Metal Oxides Etc",2013,Jul,Brazil,6236878,1.46,106.8327,5837985.9350180235,Unknown
2825,"Hydrazine Etc, Oth Inorg Bases; Metal Oxides Etc",2013,Aug,Brazil,1785442,1.46,106.8327,1671250.4691915489,Unknown
2825,"Hydrazine Etc, Oth Inorg Bases; Metal Oxides Etc",2013,Sep,Brazil,270654,1.46,106.8327,253343.77957310822,Unknown
2825,"Hydrazine Etc, Oth Inorg Bases; Metal Oxides Etc",2013,Oct,Brazil,122243,1.46,106.8327,114424.70329777307,Unknown
2825,"Hydrazine Etc, Oth Inorg Bases; Metal Oxides Etc",2013,Nov,Brazil,3277251,1.46,106.8327,3067647.826929395,Unknown
2825,"Hydrazine Etc, Oth Inorg Bases; Metal Oxides Etc",2013,Dec,Brazil,1956072,1.46,106.8327,1830967.4846746363,Unknown
2825,"Hydrazine Etc, Oth Inorg Bases; Metal Oxides Etc",2014,Jan,Brazil,8874307,1.62,108.5634,8174308.284375765,Unknown
2825,"Hydrazine Etc, Oth Inorg Bases; Metal Oxides Etc",2014,Feb,Brazil,1669853,1.62,108.5634,1538136.2411273043,Unknown
2825,"Hydrazine Etc, Oth Inorg Bases; Metal Oxides Etc",2014,Mar,Brazil,4291618,1.62,108.5634,3953098.373853435,Unknown
2825,"Hydrazine Etc, Oth Inorg Bases; Metal Oxides Etc",2014,Apr,Brazil,2406268,1.62,108.5634,2216463.375318017,Unknown
2825,"Hydrazine Etc, Oth Inorg Bases; Metal Oxides Etc",2014,May,Brazil,304033,1.62,108.5634,280051.1037789899,Unknown
2825,"Hydrazine Etc, Oth Inorg Bases; Metal Oxides Etc",2014,Jun,Brazil,761259,1.62,108.5634,701211.4580051841,Unknown
2825,"Hydrazine Etc, Oth Inorg Bases; Metal Oxides Etc",2014,Jul,Brazil,1898692,1.62,108.5634,1748924.5915290052,Unknown
2825,"Hydrazine Etc, Oth Inorg Bases; Metal Oxides Etc",2014,Aug,Brazil,1419168,1.62,108.5634,1307225.0869077423,Unknown
2825,"Hydrazine Etc, Oth Inorg Bases; Metal Oxides Etc",2014,Sep,Brazil,464838,1.62,108.5634,428171.9253450057,Unknown
2825,"Hydrazine Etc, Oth Inorg Bases; Metal Oxides Etc",2014,Oct,Brazil,1571263,1.62,108.5634,1447322.946775801,Unknown
2825,"Hydrazine Etc, Oth Inorg Bases; Metal Oxides Etc",2014,Nov,Brazil,3024007,1.62,108.5634,2785475.5838523847,Unknown
2825,"Hydrazine Etc, Oth Inorg Bases; Metal Oxides Etc",2014,Dec,Brazil,6083265,1.62,108.5634,5603421.595123218,Unknown
2825,"Hydrazine Etc, Oth Inorg Bases; Metal Oxides Etc",2015,Jan,Brazil,6568551,0.12,108.6937,6043175.455431179,Unknown
2825,"Hydrazine Etc, Oth Inorg Bases; Metal Oxides Etc",2015,Feb,Brazil,1384615,0.12,108.6937,1273868.678681469,Unknown
2825,"Hydrazine Etc, Oth Inorg Bases; Metal Oxides Etc",2015,Mar,Brazil,1919214,0.12,108.6937,1765708.5921263143,Unknown
2825,"Hydrazine Etc, Oth Inorg Bases; Metal Oxides Etc",2015,Apr,Brazil,3215861,0.12,108.6937,2958645.2572688204,Unknown
2825,"Hydrazine Etc, Oth Inorg Bases; Metal Oxides Etc",2015,May,Brazil,3438440,0.12,108.6937,3163421.615052206,Unknown
2825,"Hydrazine Etc, Oth Inorg Bases; Metal Oxides Etc",2015,Jun,Brazil,3248604,0.12,108.6937,2988769.358297675,Unknown
2825,"Hydrazine Etc, Oth Inorg Bases; Metal Oxides Etc",2015,Jul,Brazil,1784339,0.12,108.6937,1641621.3635196888,Unknown
2825,"Hydrazine Etc, Oth Inorg Bases; Metal Oxides Etc",2015,Aug,Brazil,1694345,0.12,108.6937,1558825.3965041211,Unknown
2825,"Hydrazine Etc, Oth Inorg Bases; Metal Oxides Etc",2015,Sep,Brazil,4550958,0.12,108.6937,4186956.557739777,Unknown
2825,"Hydrazine Etc, Oth Inorg Bases; Metal Oxides Etc",2015,Oct,Brazil,1902760,0.12,108.6937,1750570.6402486986,Unknown
2825,"Hydrazine Etc, Oth Inorg Bases; Metal Oxides Etc",2015,Nov,Brazil,979690,0.12,108.6937,901330.9879045428,Unknown
2825,"Hydrazine Etc, Oth Inorg Bases; Metal Oxides Etc",2015,Dec,Brazil,227500,0.12,108.6937,209303.75909551335,Unknown
2825,"Hydrazine Etc, Oth Inorg Bases; Metal Oxides Etc",2016,Jan,Brazil,1768524,1.26,110.0632,1606825.8963940719,Unknown
2825,"Hydrazine Etc, Oth Inorg Bases; Metal Oxides Etc",2016,Feb,Brazil,752190,1.26,110.0632,683416.4371015925,Unknown
2825,"Hydrazine Etc, Oth Inorg Bases; Metal Oxides Etc",2016,Mar,Brazil,4263979,1.26,110.0632,3874118.688171887,Unknown
2825,"Hydrazine Etc, Oth Inorg Bases; Metal Oxides Etc",2016,Apr,Brazil,1652204,1.26,110.0632,1501141.1625320725,Unknown
2825,"Hydrazine Etc, Oth Inorg Bases; Metal Oxides Etc",2016,May,Brazil,1880426,1.26,110.0632,1708496.5728781284,Unknown
2825,"Hydrazine Etc, Oth Inorg Bases; Metal Oxides Etc",2016,Jun,Brazil,3482218,1.26,110.0632,3163834.960277368,Unknown
2825,"Hydrazine Etc, Oth Inorg Bases; Metal Oxides Etc",2016,Jul,Brazil,440196,1.26,110.0632,399948.3932867662,Unknown
2825,"Hydrazine Etc, Oth Inorg Bases; Metal Oxides Etc",2016,Aug,Brazil,2162404,1.26,110.0632,1964693.0127417701,Unknown
2825,"Hydrazine Etc, Oth Inorg Bases; Metal Oxides Etc",2016,Sep,Brazil,3331809,1.26,110.0632,3027178.0213550036,Unknown
2825,"Hydrazine Etc, Oth Inorg Bases; Metal Oxides Etc",2016,Oct,Brazil,2024317,1.26,110.0632,1839231.4597431293,Unknown
2825,"Hydrazine Etc, Oth Inorg Bases; Metal Oxides Etc",2016,Nov,Brazil,1715277,1.26,110.0632,1558447.3284440213,Unknown
2825,"Hydrazine Etc, Oth Inorg Bases; Metal Oxides Etc",2016,Dec,Brazil,4215740,1.26,110.0632,3830290.2332478072,Unknown
2825,"Hydrazine Etc, Oth Inorg Bases; Metal Oxides Etc",2017,Jan,Brazil,1293115,2.13,112.4076,1150380.4013251772,Unknown
2825,"Hydrazine Etc, Oth Inorg Bases; Metal Oxides Etc",2017,Feb,Brazil,1199922,2.13,112.4076,1067474.0853821272,Unknown
2825,"Hydrazine Etc, Oth Inorg Bases; Metal Oxides Etc",2017,Mar,Brazil,3110098,2.13,112.4076,2766804.023927208,Unknown
2825,"Hydrazine Etc, Oth Inorg Bases; Metal Oxides Etc",2017,Apr,Brazil,1591405,2.13,112.4076,1415745.0207993053,Unknown
2825,"Hydrazine Etc, Oth Inorg Bases; Metal Oxides Etc",2017,May,Brazil,3077149,2.13,112.4076,2737491.948942954,Unknown
2825,"Hydrazine Etc, Oth Inorg Bases; Metal Oxides Etc",2017,Jun,Brazil,1221755,2.13,112.4076,1086897.149303072,Unknown
2825,"Hydrazine Etc, Oth Inorg Bases; Metal Oxides Etc",2017,Jul,Brazil,3606232,2.13,112.4076,3208174.536241322,Unknown
2825,"Hydrazine Etc, Oth Inorg Bases; Metal Oxides Etc",2017,Aug,Brazil,3425182,2.13,112.4076,3047108.91434387,Unknown
2825,"Hydrazine Etc, Oth Inorg Bases; Metal Oxides Etc",2017,Sep,Brazil,3786161,2.13,112.4076,3368242.8946085493,Unknown
2825,"Hydrazine Etc, Oth Inorg Bases; Metal Oxides Etc",2017,Oct,Brazil,4037240,2.13,112.4076,3591607.6848896337,Unknown
2825,"Hydrazine Etc, Oth Inorg Bases; Metal Oxides Etc",2017,Nov,Brazil,5397697,2.13,112.4076,4801896.846832421,Unknown
2825,"Hydrazine Etc, Oth Inorg Bases; Metal Oxides Etc",2017,Dec,Brazil,4715136,2.13,112.4076,4194677.22823012,Unknown
2825,"Hydrazine Etc, Oth Inorg Bases; Metal Oxides Etc",2018,Jan,Brazil,4102706,2.44,115.1503,3562913.8612752208,Unknown
2825,"Hydrazine Etc, Oth Inorg Bases; Metal Oxides Etc",2018,Feb,Brazil,8511602,2.44,115.1503,7391732.3706494905,Unknown
2825,"Hydrazine Etc, Oth Inorg Bases; Metal Oxides Etc",2018,Mar,Brazil,8454507,2.44,115.1503,7342149.347418113,Unknown
2825,"Hydrazine Etc, Oth Inorg Bases; Metal Oxides Etc",2018,Apr,Brazil,4275920,2.44,115.1503,3713338.1328576654,Unknown
2825,"Hydrazine Etc, Oth Inorg Bases; Metal Oxides Etc",2018,May,Brazil,14071135,2.44,115.1503,12219798.819455963,Unknown
2825,"Hydrazine Etc, Oth Inorg Bases; Metal Oxides Etc",2018,Jun,Brazil,2278178,2.44,115.1503,1978438.6145759064,Unknown
2825,"Hydrazine Etc, Oth Inorg Bases; Metal Oxides Etc",2018,Jul,Brazil,21683841,2.44,115.1503,18830902.741894722,Unknown
2825,"Hydrazine Etc, Oth Inorg Bases; Metal Oxides Etc",2018,Aug,Brazil,11574990,2.44,115.1503,10052071.075802669,Unknown
2825,"Hydrazine Etc, Oth Inorg Bases; Metal Oxides Etc",2018,Sep,Brazil,3141392,2.44,115.1503,2728079.7357887905,Unknown
2825,"Hydrazine Etc, Oth Inorg Bases; Metal Oxides Etc",2018,Oct,Brazil,20231280,2.44,115.1503,17569454.87766858,Unknown
2825,"Hydrazine Etc, Oth Inorg Bases; Metal Oxides Etc",2018,Nov,Brazil,17140014,2.44,115.1503,14884906.074929895,Unknown
2825,"Hydrazine Etc, Oth Inorg Bases; Metal Oxides Etc",2018,Dec,Brazil,14006214,2.44,115.1503,12163419.461347474,Unknown
2825,"Hydrazine Etc, Oth Inorg Bases; Metal Oxides Etc",2019,Jan,Brazil,17617067,1.81,117.2345,15027203.596211012,Unknown
2825,"Hydrazine Etc, Oth Inorg Bases; Metal Oxides Etc",2019,Feb,Brazil,9542739,1.81,117.2345,8139872.648409811,Unknown
2825,"Hydrazine Etc, Oth Inorg Bases; Metal Oxides Etc",2019,Mar,Brazil,10741598,1.81,117.2345,9162488.857802099,Unknown
2825,"Hydrazine Etc, Oth Inorg Bases; Metal Oxides Etc",2019,Apr,Brazil,10284343,1.81,117.2345,8772454.354306966,Unknown
2825,"Hydrazine Etc, Oth Inorg Bases; Metal Oxides Etc",2019,May,Brazil,6085843,1.81,117.2345,5191170.687809476,Unknown
2825,"Hydrazine Etc, Oth Inorg Bases; Metal Oxides Etc",2019,Jun,Brazil,6146075,1.81,117.2345,5242548.055393251,Unknown
2825,"Hydrazine Etc, Oth Inorg Bases; Metal Oxides Etc",2019,Jul,Brazil,8038707,1.81,117.2345,6856946.547304762,Unknown
2825,"Hydrazine Etc, Oth Inorg Bases; Metal Oxides Etc",2019,Aug,Brazil,3498300,1.81,117.2345,2984019.209362432,Unknown
2825,"Hydrazine Etc, Oth Inorg Bases; Metal Oxides Etc",2019,Sep,Brazil,5160470,1.81,117.2345,4401835.637120472,Unknown
2825,"Hydrazine Etc, Oth Inorg Bases; Metal Oxides Etc",2019,Oct,Brazil,1610329,1.81,117.2345,1373596.5095598993,Unknown
2825,"Hydrazine Etc, Oth Inorg Bases; Metal Oxides Etc",2019,Nov,Brazil,6849306,1.81,117.2345,5842397.928937301,Unknown
2825,"Hydrazine Etc, Oth Inorg Bases; Metal Oxides Etc",2019,Dec,Brazil,3951458,1.81,117.2345,3370559.0078006047,Unknown
2825,"Hydrazine Etc, Oth Inorg Bases; Metal Oxides Etc",2020,Jan,Brazil,5790731,1.23,118.6765,4879425.159993764,Unknown
2825,"Hydrazine Etc, Oth Inorg Bases; Metal Oxides Etc",2020,Feb,Brazil,4305556,1.23,118.6765,3627976.895173012,Unknown
2825,"Hydrazine Etc, Oth Inorg Bases; Metal Oxides Etc",2020,Mar,Brazil,7311393,1.23,118.6765,6160775.7222365,Unknown
2825,"Hydrazine Etc, Oth Inorg Bases; Metal Oxides Etc",2020,Apr,Brazil,5119672,1.23,118.6765,4313972.858990617,Unknown
2825,"Hydrazine Etc, Oth Inorg Bases; Metal Oxides Etc",2020,May,Brazil,4520929,1.23,118.6765,3809455.95800348,Unknown
2825,"Hydrazine Etc, Oth Inorg Bases; Metal Oxides Etc",2020,Jun,Brazil,1296733,1.23,118.6765,1092661.984470388,Unknown
2825,"Hydrazine Etc, Oth Inorg Bases; Metal Oxides Etc",2020,Jul,Brazil,291720,1.23,118.6765,245811.09149663156,Unknown
2825,"Hydrazine Etc, Oth Inorg Bases; Metal Oxides Etc",2020,Aug,Brazil,2494102,1.23,118.6765,2101597.1991085005,Unknown
2825,"Hydrazine Etc, Oth Inorg Bases; Metal Oxides Etc",2020,Sep,Brazil,2837792,1.23,118.6765,2391199.605650655,Unknown
2825,"Hydrazine Etc, Oth Inorg Bases; Metal Oxides Etc",2020,Oct,Brazil,305816,1.23,118.6765,257688.75893711057,Unknown
2825,"Hydrazine Etc, Oth Inorg Bases; Metal Oxides Etc",2020,Nov,Brazil,1351212,1.23,118.6765,1138567.4501691572,Unknown
2825,"Hydrazine Etc, Oth Inorg Bases; Metal Oxides Etc",2021,Jan,Brazil,4980896,4.7,124.2543,4008630.687227726,Unknown
2825,"Hydrazine Etc, Oth Inorg Bases; Metal Oxides Etc",2021,Feb,Brazil,2895541,4.7,124.2543,2330334.64435436,Unknown
2825,"Hydrazine Etc, Oth Inorg Bases; Metal Oxides Etc",2021,Mar,Brazil,2867181,4.7,124.2543,2307510.4845466116,Unknown
2825,"Hydrazine Etc, Oth Inorg Bases; Metal Oxides Etc",2021,Apr,Brazil,1025477,4.7,124.2543,825305.0397451033,Unknown
2825,"Hydrazine Etc, Oth Inorg Bases; Metal Oxides Etc",2021,May,Brazil,5800590,4.7,124.2543,4668321.337772616,Unknown
2825,"Hydrazine Etc, Oth Inorg Bases; Metal Oxides Etc",2021,Jun,Brazil,3772067,4.7,124.2543,3035763.7522403654,Unknown
2825,"Hydrazine Etc, Oth Inorg Bases; Metal Oxides Etc",2021,Jul,Brazil,7231822,4.7,124.2543,5820178.456600698,Unknown
2825,"Hydrazine Etc, Oth Inorg Bases; Metal Oxides Etc",2021,Aug,Brazil,4999829,4.7,124.2543,4023867.986862426,Unknown
2825,"Hydrazine Etc, Oth Inorg Bases; Metal Oxides Etc",2021,Sep,Brazil,1098063,4.7,124.2543,883722.3339554446,Unknown
2825,"Hydrazine Etc, Oth Inorg Bases; Metal Oxides Etc",2021,Oct,Brazil,6550913,4.7,124.2543,5272182.129713017,Unknown
2825,"Hydrazine Etc, Oth Inorg Bases; Metal Oxides Etc",2021,Nov,Brazil,2454618,4.7,124.2543,1975479.3194279794,Unknown
2825,"Hydrazine Etc, Oth Inorg Bases; Metal Oxides Etc",2021,Dec,Brazil,4966157,4.7,124.2543,3996768.723496893,Unknown
2825,"Hydrazine Etc, Oth Inorg Bases; Metal Oxides Etc",2022,Jan,Brazil,2492026,8.0,134.1947,1857022.6693006502,Unknown
2825,"Hydrazine Etc, Oth Inorg Bases; Metal Oxides Etc",2022,Feb,Brazil,3656610,8.0,134.1947,2724854.260265122,Unknown
2825,"Hydrazine Etc, Oth Inorg Bases; Metal Oxides Etc",2022,Mar,Brazil,3269501,8.0,134.1947,2436386.0867828606,Unknown
2825,"Hydrazine Etc, Oth Inorg Bases; Metal Oxides Etc",2022,Apr,Brazil,3541807,8.0,134.1947,2639304.681928571,Unknown
2825,"Hydrazine Etc, Oth Inorg Bases; Metal Oxides Etc",2022,May,Brazil,3051660,8.0,134.1947,2274054.0423727613,Unknown
2825,"Hydrazine Etc, Oth Inorg Bases; Metal Oxides Etc",2022,Jun,Brazil,7466268,8.0,134.1947,5563757.734098291,Unknown
2825,"Hydrazine Etc, Oth Inorg Bases; Metal Oxides Etc",2022,Jul,Brazil,7313579,8.0,134.1947,5449976.042272906,Unknown
2825,"Hydrazine Etc, Oth Inorg Bases; Metal Oxides Etc",2022,Aug,Brazil,4235300,8.0,134.1947,3156085.8960897857,Unknown
2825,"Hydrazine Etc, Oth Inorg Bases; Metal Oxides Etc",2022,Sep,Brazil,6656891,8.0,134.1947,4960621.395628888,Unknown
2825,"Hydrazine Etc, Oth Inorg Bases; Metal Oxides Etc",2022,Oct,Brazil,8430414,8.0,134.1947,6282225.751091511,Unknown
2825,"Hydrazine Etc, Oth Inorg Bases; Metal Oxides Etc",2022,Nov,Brazil,8581644,8.0,134.1947,6394920.216670255,Unknown
2825,"Hydrazine Etc, Oth Inorg Bases; Metal Oxides Etc",2022,Dec,Brazil,4368448,8.0,134.1947,3255305.9099949547,Unknown
2825,"Hydrazine Etc, Oth Inorg Bases; Metal Oxides Etc",2023,Jan,Brazil,1400359,4.12,139.7235,1002235.8443640476,Unknown
2825,"Hydrazine Etc, Oth Inorg Bases; Metal Oxides Etc",2023,Feb,Brazil,4980486,4.12,139.7235,3564529.9466446233,Unknown
2825,"Hydrazine Etc, Oth Inorg Bases; Metal Oxides Etc",2023,Mar,Brazil,5624554,4.12,139.7235,4025488.91202983,Unknown
2825,"Hydrazine Etc, Oth Inorg Bases; Metal Oxides Etc",2023,Apr,Brazil,2935107,4.12,139.7235,2100653.7912376947,Unknown
2825,"Hydrazine Etc, Oth Inorg Bases; Metal Oxides Etc",2023,May,Brazil,9767238,4.12,139.7235,6990404.620554166,Unknown
2825,"Hydrazine Etc, Oth Inorg Bases; Metal Oxides Etc",2023,Jun,Brazil,6697507,4.12,139.7235,4793400.537490115,Unknown
2825,"Hydrazine Etc, Oth Inorg Bases; Metal Oxides Etc",2023,Jul,Brazil,9626899,4.12,139.7235,6889964.107684104,Unknown
2825,"Hydrazine Etc, Oth Inorg Bases; Metal Oxides Etc",2023,Aug,Brazil,7656269,4.12,139.7235,5479585.753291322,Unknown
2825,"Hydrazine Etc, Oth Inorg Bases; Metal Oxides Etc",2023,Sep,Brazil,4773636,4.12,139.7235,3416487.5629367996,Unknown
2825,"Hydrazine Etc, Oth Inorg Bases; Metal Oxides Etc",2023,Oct,Brazil,11094853,4.12,139.7235,7940577.64084066,Unknown
2825,"Hydrazine Etc, Oth Inorg Bases; Metal Oxides Etc",2023,Nov,Brazil,5134420,4.12,139.7235,3674700.3904139246,Unknown
2825,"Hydrazine Etc, Oth Inorg Bases; Metal Oxides Etc",2023,Dec,Brazil,6732447,4.12,139.7235,4818407.068245499,Unknown
2825,"Hydrazine Etc, Oth Inorg Bases; Metal Oxides Etc",2024,Jan,Brazil,7114438,2.9,143.7755,4948296.47610337,Unknown
2825,"Hydrazine Etc, Oth Inorg Bases; Metal Oxides Etc",2024,Feb,Brazil,4242875,2.9,143.7755,2951041.728249945,Unknown
2825,"Hydrazine Etc, Oth Inorg Bases; Metal Oxides Etc",2024,Mar,Brazil,2701529,2.9,143.7755,1878991.2050384108,Unknown
2825,"Hydrazine Etc, Oth Inorg Bases; Metal Oxides Etc",2024,Apr,Brazil,7626895,2.9,143.7755,5304725.074856287,Unknown
2825,"Hydrazine Etc, Oth Inorg Bases; Metal Oxides Etc",2024,May,Brazil,8586726,2.9,143.7755,5972315.1719173305,Unknown
2825,"Hydrazine Etc, Oth Inorg Bases; Metal Oxides Etc",2024,Jun,Brazil,970827,2.9,143.7755,675238.1316705559,Unknown
2825,"Hydrazine Etc, Oth Inorg Bases; Metal Oxides Etc",2024,Jul,Brazil,7249656,2.9,143.7755,5042344.488455961,Unknown
2825,"Hydrazine Etc, Oth Inorg Bases; Metal Oxides Etc",2024,Aug,Brazil,7088282,2.9,143.7755,4930104.2249896545,Unknown
2825,"Hydrazine Etc, Oth Inorg Bases; Metal Oxides Etc",2024,Sep,Brazil,2523124,2.9,143.7755,1754905.3906959114,Unknown
2825,"Hydrazine Etc, Oth Inorg Bases; Metal Oxides Etc",2024,Oct,Brazil,6630685,2.9,143.7755,4611832.335829123,Unknown
2825,"Hydrazine Etc, Oth Inorg Bases; Metal Oxides Etc",2024,Nov,Brazil,6610213,2.9,143.7755,4597593.470375691,Unknown
2825,"Hydrazine Etc, Oth Inorg Bases; Metal Oxides Etc",2024,Dec,Brazil,4236767,2.9,143.7755,2946793.4383813655,Unknown
2825,"Hydrazine Etc, Oth Inorg Bases; Metal Oxides Etc",2025,Jan,Brazil,8485091,2.8,147.8012,5740880.994200318,Unknown
2825,"Hydrazine Etc, Oth Inorg Bases; Metal Oxides Etc",2025,Feb,Brazil,942415,2.8,147.8012,637623.3751823396,Unknown
2825,"Hydrazine Etc, Oth Inorg Bases; Metal Oxides Etc",2025,Mar,Brazil,5757366,2.8,147.8012,3895344.5574190198,Unknown
2825,"Hydrazine Etc, Oth Inorg Bases; Metal Oxides Etc",2025,Apr,Brazil,4326650,2.8,147.8012,2927344.2976105744,Unknown
2825,"Hydrazine Etc, Oth Inorg Bases; Metal Oxides Etc",2025,May,Brazil,2871643,2.8,147.8012,1942909.1238772082,Unknown
2825,"Hydrazine Etc, Oth Inorg Bases; Metal Oxides Etc",2025,Jun,Brazil,5079103,2.8,147.8012,3436442.329290967,Unknown
2825,"Hydrazine Etc, Oth Inorg Bases; Metal Oxides Etc",2025,Jul,Brazil,3756808,2.8,147.8012,2541798.0368224345,Unknown
2825,"Hydrazine Etc, Oth Inorg Bases; Metal Oxides Etc",2025,Aug,Brazil,3604691,2.8,147.8012,2438878.033466575,Unknown
2825,"Hydrazine Etc, Oth Inorg Bases; Metal Oxides Etc",2025,Sep,Brazil,3329980,2.8,147.8012,2253012.83074833,Unknown
2825,"Hydrazine Etc, Oth Inorg Bases; Metal Oxides Etc",2025,Oct,Brazil,246170,2.8,147.8012,166554.8046971202,Unknown
2825,"Hydrazine Etc, Oth Inorg Bases; Metal Oxides Etc",2025,Nov,Brazil,645330,2.8,147.8012,436620.27101268456,Unknown
2825,"Hydrazine Etc, Oth Inorg Bases; Metal Oxides Etc",2025,Dec,Brazil,1852215,2.8,147.8012,1253179.9471181561,Unknown
2825,"Hydrazine Etc, Oth Inorg Bases; Metal Oxides Etc",2010,Jan,Chile,262702,1.64,100.0,262702.0,Unknown
2825,"Hydrazine Etc, Oth Inorg Bases; Metal Oxides Etc",2010,Feb,Chile,817517,1.64,100.0,817517.0,Unknown
2825,"Hydrazine Etc, Oth Inorg Bases; Metal Oxides Etc",2010,Mar,Chile,2057119,1.64,100.0,2057118.9999999998,Unknown
2825,"Hydrazine Etc, Oth Inorg Bases; Metal Oxides Etc",2010,Apr,Chile,518620,1.64,100.0,518620.0,Unknown
2825,"Hydrazine Etc, Oth Inorg Bases; Metal Oxides Etc",2010,May,Chile,255553,1.64,100.0,255553.00000000003,Unknown
2825,"Hydrazine Etc, Oth Inorg Bases; Metal Oxides Etc",2010,Jun,Chile,1530839,1.64,100.0,1530839.0,Unknown
2825,"Hydrazine Etc, Oth Inorg Bases; Metal Oxides Etc",2010,Jul,Chile,3289663,1.64,100.0,3289662.9999999995,Unknown
2825,"Hydrazine Etc, Oth Inorg Bases; Metal Oxides Etc",2010,Aug,Chile,615278,1.64,100.0,615278.0,Unknown
2825,"Hydrazine Etc, Oth Inorg Bases; Metal Oxides Etc",2010,Sep,Chile,1669355,1.64,100.0,1669355.0,Unknown
2825,"Hydrazine Etc, Oth Inorg Bases; Metal Oxides Etc",2010,Oct,Chile,2196759,1.64,100.0,2196759.0,Unknown
2825,"Hydrazine Etc, Oth Inorg Bases; Metal Oxides Etc",2010,Nov,Chile,340237,1.64,100.0,340237.0,Unknown
2825,"Hydrazine Etc, Oth Inorg Bases; Metal Oxides Etc",2010,Dec,Chile,841138,1.64,100.0,841137.9999999999,Unknown
2825,"Hydrazine Etc, Oth Inorg Bases; Metal Oxides Etc",2011,Jan,Chile,88550,3.16,103.16,85837.53392787903,Unknown
2825,"Hydrazine Etc, Oth Inorg Bases; Metal Oxides Etc",2011,Feb,Chile,88550,3.16,103.16,85837.53392787903,Unknown
2825,"Hydrazine Etc, Oth Inorg Bases; Metal Oxides Etc",2011,Mar,Chile,1038476,3.16,103.16,1006665.3741760373,Unknown
2825,"Hydrazine Etc, Oth Inorg Bases; Metal Oxides Etc",2011,Apr,Chile,607230,3.16,103.16,588629.3136874757,Unknown
2825,"Hydrazine Etc, Oth Inorg Bases; Metal Oxides Etc",2011,May,Chile,303969,3.16,103.16,294657.81310585496,Unknown
2825,"Hydrazine Etc, Oth Inorg Bases; Metal Oxides Etc",2011,Jun,Chile,1673698,3.16,103.16,1622429.236138038,Unknown
2825,"Hydrazine Etc, Oth Inorg Bases; Metal Oxides Etc",2011,Jul,Chile,1289433,3.16,103.16,1249935.0523458705,Unknown
2825,"Hydrazine Etc, Oth Inorg Bases; Metal Oxides Etc",2011,Aug,Chile,1016932,3.16,103.16,985781.3105854982,Unknown
2825,"Hydrazine Etc, Oth Inorg Bases; Metal Oxides Etc",2011,Sep,Chile,1367660,3.16,103.16,1325765.8006979448,Unknown
2825,"Hydrazine Etc, Oth Inorg Bases; Metal Oxides Etc",2011,Oct,Chile,1176383,3.16,103.16,1140348.0031019775,Unknown
2825,"Hydrazine Etc, Oth Inorg Bases; Metal Oxides Etc",2011,Nov,Chile,915534,3.16,103.16,887489.3369523071,Unknown
2825,"Hydrazine Etc, Oth Inorg Bases; Metal Oxides Etc",2011,Dec,Chile,1356828,3.16,103.16,1315265.6068243505,Unknown
2825,"Hydrazine Etc, Oth Inorg Bases; Metal Oxides Etc",2012,Jan,Chile,108140,2.07,105.2954,102701.54251752688,Unknown
2825,"Hydrazine Etc, Oth Inorg Bases; Metal Oxides Etc",2012,Feb,Chile,1369848,2.07,105.2954,1300957.1168351134,Unknown
2825,"Hydrazine Etc, Oth Inorg Bases; Metal Oxides Etc",2012,Mar,Chile,1110923,2.07,105.2954,1055053.6870556548,Unknown
2825,"Hydrazine Etc, Oth Inorg Bases; Metal Oxides Etc",2012,Apr,Chile,620388,2.07,105.2954,589188.1316752678,Unknown
2825,"Hydrazine Etc, Oth Inorg Bases; Metal Oxides Etc",2012,May,Chile,4434201,2.07,105.2954,4211201.059115593,Unknown
2825,"Hydrazine Etc, Oth Inorg Bases; Metal Oxides Etc",2012,Jun,Chile,1893395,2.07,105.2954,1798174.469160096,Unknown
2825,"Hydrazine Etc, Oth Inorg Bases; Metal Oxides Etc",2012,Jul,Chile,1319482,2.07,105.2954,1253124.0680979416,Unknown
2825,"Hydrazine Etc, Oth Inorg Bases; Metal Oxides Etc",2012,Aug,Chile,1239546,2.07,105.2954,1177208.121152491,Unknown
2825,"Hydrazine Etc, Oth Inorg Bases; Metal Oxides Etc",2012,Sep,Chile,2430740,2.07,105.2954,2308495.9077034704,Unknown
2825,"Hydrazine Etc, Oth Inorg Bases; Metal Oxides Etc",2012,Oct,Chile,170862,2.07,105.2954,162269.19694497576,Unknown
2825,"Hydrazine Etc, Oth Inorg Bases; Metal Oxides Etc",2012,Nov,Chile,1811263,2.07,105.2954,1720172.9610220392,Unknown
2825,"Hydrazine Etc, Oth Inorg Bases; Metal Oxides Etc",2012,Dec,Chile,880350,2.07,105.2954,836076.4097956795,Unknown
2825,"Hydrazine Etc, Oth Inorg Bases; Metal Oxides Etc",2013,Mar,Chile,389642,1.46,106.8327,364721.6629365354,Unknown
2825,"Hydrazine Etc, Oth Inorg Bases; Metal Oxides Etc",2013,Apr,Chile,504555,1.46,106.8327,472285.17111333885,Unknown
2825,"Hydrazine Etc, Oth Inorg Bases; Metal Oxides Etc",2013,May,Chile,1212981,1.46,106.8327,1135402.3627597168,Unknown
2825,"Hydrazine Etc, Oth Inorg Bases; Metal Oxides Etc",2013,Jun,Chile,709896,1.46,106.8327,664493.1748425341,Unknown
2825,"Hydrazine Etc, Oth Inorg Bases; Metal Oxides Etc",2013,Jul,Chile,449986,1.46,106.8327,421206.241160244,Unknown
2825,"Hydrazine Etc, Oth Inorg Bases; Metal Oxides Etc",2013,Aug,Chile,1595073,1.46,106.8327,1493056.9011173544,Unknown
2825,"Hydrazine Etc, Oth Inorg Bases; Metal Oxides Etc",2013,Sep,Chile,1042334,1.46,106.8327,975669.4345457897,Unknown
2825,"Hydrazine Etc, Oth Inorg Bases; Metal Oxides Etc",2013,Oct,Chile,762586,1.46,106.8327,713813.2800163246,Unknown
2825,"Hydrazine Etc, Oth Inorg Bases; Metal Oxides Etc",2013,Nov,Chile,409630,1.46,106.8327,383431.29023229773,Unknown
2825,"Hydrazine Etc, Oth Inorg Bases; Metal Oxides Etc",2013,Dec,Chile,910048,1.46,106.8327,851844.051493597,Unknown
2825,"Hydrazine Etc, Oth Inorg Bases; Metal Oxides Etc",2014,Jan,Chile,349004,1.62,108.5634,321474.82484889013,Unknown
2825,"Hydrazine Etc, Oth Inorg Bases; Metal Oxides Etc",2014,Feb,Chile,931260,1.62,108.5634,857802.9059517295,Unknown
2825,"Hydrazine Etc, Oth Inorg Bases; Metal Oxides Etc",2014,Mar,Chile,1382509,1.62,108.5634,1273457.7214788778,Unknown
2825,"Hydrazine Etc, Oth Inorg Bases; Metal Oxides Etc",2014,Apr,Chile,1231570,1.62,108.5634,1134424.6771932344,Unknown
2825,"Hydrazine Etc, Oth Inorg Bases; Metal Oxides Etc",2014,May,Chile,3310316,1.62,108.5634,3049200.743528666,Unknown
2825,"Hydrazine Etc, Oth Inorg Bases; Metal Oxides Etc",2014,Jun,Chile,289037,1.62,108.5634,266237.9770714624,Unknown
2825,"Hydrazine Etc, Oth Inorg Bases; Metal Oxides Etc",2014,Jul,Chile,672972,1.62,108.5634,619888.4707000701,Unknown
2825,"Hydrazine Etc, Oth Inorg Bases; Metal Oxides Etc",2014,Aug,Chile,3345597,1.62,108.5634,3081698.804569496,Unknown
2825,"Hydrazine Etc, Oth Inorg Bases; Metal Oxides Etc",2014,Sep,Chile,1144358,1.62,108.5634,1054091.8946901073,Unknown
2825,"Hydrazine Etc, Oth Inorg Bases; Metal Oxides Etc",2014,Oct,Chile,847974,1.62,108.5634,781086.4434975323,Unknown
2825,"Hydrazine Etc, Oth Inorg Bases; Metal Oxides Etc",2014,Nov,Chile,1375450,1.62,108.5634,1266955.530132623,Unknown
2825,"Hydrazine Etc, Oth Inorg Bases; Metal Oxides Etc",2014,Dec,Chile,384504,1.62,108.5634,354174.61133310123,Unknown
2825,"Hydrazine Etc, Oth Inorg Bases; Metal Oxides Etc",2015,Jan,Chile,1663669,0.12,108.6937,1530602.9696293345,Unknown
2825,"Hydrazine Etc, Oth Inorg Bases; Metal Oxides Etc",2015,Feb,Chile,1999897,0.12,108.6937,1839938.2852916038,Unknown
2825,"Hydrazine Etc, Oth Inorg Bases; Metal Oxides Etc",2015,Mar,Chile,1210602,0.12,108.6937,1113773.843378227,Unknown
2825,"Hydrazine Etc, Oth Inorg Bases; Metal Oxides Etc",2015,Apr,Chile,2452311,0.12,108.6937,2256166.640752868,Unknown
2825,"Hydrazine Etc, Oth Inorg Bases; Metal Oxides Etc",2015,May,Chile,1601176,0.12,108.6937,1473108.3770264513,Unknown
2825,"Hydrazine Etc, Oth Inorg Bases; Metal Oxides Etc",2015,Jun,Chile,2535316,0.12,108.6937,2332532.6122857165,Unknown
2825,"Hydrazine Etc, Oth Inorg Bases; Metal Oxides Etc",2015,Jul,Chile,511815,0.12,108.6937,470878.2569734952,Unknown
2825,"Hydrazine Etc, Oth Inorg Bases; Metal Oxides Etc",2015,Aug,Chile,507040,0.12,108.6937,466485.1780737982,Unknown
2825,"Hydrazine Etc, Oth Inorg Bases; Metal Oxides Etc",2015,Sep,Chile,893381,0.12,108.6937,821925.2817780607,Unknown
2825,"Hydrazine Etc, Oth Inorg Bases; Metal Oxides Etc",2015,Oct,Chile,1471088,0.12,108.6937,1353425.2675178046,Unknown
2825,"Hydrazine Etc, Oth Inorg Bases; Metal Oxides Etc",2015,Nov,Chile,2598298,0.12,108.6937,2390477.0929685896,Unknown
2825,"Hydrazine Etc, Oth Inorg Bases; Metal Oxides Etc",2015,Dec,Chile,1797842,0.12,108.6937,1654044.3466364653,Unknown
2825,"Hydrazine Etc, Oth Inorg Bases; Metal Oxides Etc",2016,Jan,Chile,3900233,1.26,110.0632,3543630.3869049787,Unknown
2825,"Hydrazine Etc, Oth Inorg Bases; Metal Oxides Etc",2016,Feb,Chile,2494362,1.26,110.0632,2266299.7259756215,Unknown
2825,"Hydrazine Etc, Oth Inorg Bases; Metal Oxides Etc",2016,Mar,Chile,2190645,1.26,110.0632,1990351.9069043966,Unknown
2825,"Hydrazine Etc, Oth Inorg Bases; Metal Oxides Etc",2016,Apr,Chile,2521117,1.26,110.0632,2290608.486760334,Unknown
2825,"Hydrazine Etc, Oth Inorg Bases; Metal Oxides Etc",2016,May,Chile,2881634,1.26,110.0632,2618163.01906541,Unknown
2825,"Hydrazine Etc, Oth Inorg Bases; Metal Oxides Etc",2016,Jun,Chile,4005178,1.26,110.0632,3638980.1495867833,Unknown
2825,"Hydrazine Etc, Oth Inorg Bases; Metal Oxides Etc",2016,Jul,Chile,2977846,1.26,110.0632,2705578.24958751,Unknown
2825,"Hydrazine Etc, Oth Inorg Bases; Metal Oxides Etc",2016,Aug,Chile,2555116,1.26,110.0632,2321498.9206201527,Unknown
2825,"Hydrazine Etc, Oth Inorg Bases; Metal Oxides Etc",2016,Sep,Chile,4094340,1.26,110.0632,3719989.9693993996,Unknown
2825,"Hydrazine Etc, Oth Inorg Bases; Metal Oxides Etc",2016,Oct,Chile,1682457,1.26,110.0632,1528628.0973113629,Unknown
2825,"Hydrazine Etc, Oth Inorg Bases; Metal Oxides Etc",2016,Nov,Chile,2664627,1.26,110.0632,2420997.2088763546,Unknown
2825,"Hydrazine Etc, Oth Inorg Bases; Metal Oxides Etc",2016,Dec,Chile,2251836,1.26,110.0632,2045948.146156027,Unknown
2825,"Hydrazine Etc, Oth Inorg Bases; Metal Oxides Etc",2017,Jan,Chile,2687836,2.13,112.4076,2391151.487977681,Unknown
2825,"Hydrazine Etc, Oth Inorg Bases; Metal Oxides Etc",2017,Feb,Chile,2036239,2.13,112.4076,1811478.0495269003,Unknown
2825,"Hydrazine Etc, Oth Inorg Bases; Metal Oxides Etc",2017,Mar,Chile,2339294,2.13,112.4076,2081081.7062191523,Unknown
2825,"Hydrazine Etc, Oth Inorg Bases; Metal Oxides Etc",2017,Apr,Chile,3672868,2.13,112.4076,3267455.2254473898,Unknown
2825,"Hydrazine Etc, Oth Inorg Bases; Metal Oxides Etc",2017,May,Chile,1890571,2.13,112.4076,1681888.9470107001,Unknown
2825,"Hydrazine Etc, Oth Inorg Bases; Metal Oxides Etc",2017,Jun,Chile,3783733,2.13,112.4076,3366082.898309367,Unknown
2825,"Hydrazine Etc, Oth Inorg Bases; Metal Oxides Etc",2017,Jul,Chile,2797765,2.13,112.4076,2488946.476928606,Unknown
2825,"Hydrazine Etc, Oth Inorg Bases; Metal Oxides Etc",2017,Aug,Chile,3850360,2.13,112.4076,3425355.580939367,Unknown
2825,"Hydrazine Etc, Oth Inorg Bases; Metal Oxides Etc",2017,Sep,Chile,4822824,2.13,112.4076,4290478.57974016,Unknown
2825,"Hydrazine Etc, Oth Inorg Bases; Metal Oxides Etc",2017,Oct,Chile,2133300,2.13,112.4076,1897825.4139399827,Unknown
2825,"Hydrazine Etc, Oth Inorg Bases; Metal Oxides Etc",2017,Nov,Chile,1671875,2.13,112.4076,1487332.707041161,Unknown
2825,"Hydrazine Etc, Oth Inorg Bases; Metal Oxides Etc",2017,Dec,Chile,3399530,2.13,112.4076,3024288.3933114843,Unknown
2825,"Hydrazine Etc, Oth Inorg Bases; Metal Oxides Etc",2018,Jan,Chile,3791490,2.44,115.1503,3292644.4829062535,Unknown
2825,"Hydrazine Etc, Oth Inorg Bases; Metal Oxides Etc",2018,Feb,Chile,3043447,2.44,115.1503,2643021.3381988583,Unknown
2825,"Hydrazine Etc, Oth Inorg Bases; Metal Oxides Etc",2018,Mar,Chile,6575336,2.44,115.1503,5710220.468379153,Unknown
2825,"Hydrazine Etc, Oth Inorg Bases; Metal Oxides Etc",2018,Apr,Chile,9055310,2.44,115.1503,7863904.826995674,Unknown
2825,"Hydrazine Etc, Oth Inorg Bases; Metal Oxides Etc",2018,May,Chile,5922515,2.44,115.1503,5143290.985781192,Unknown
2825,"Hydrazine Etc, Oth Inorg Bases; Metal Oxides Etc",2018,Jun,Chile,2976797,2.44,115.1503,2585140.4642454255,Unknown
2825,"Hydrazine Etc, Oth Inorg Bases; Metal Oxides Etc",2018,Jul,Chile,8456853,2.44,115.1503,7344186.6847068565,Unknown
2825,"Hydrazine Etc, Oth Inorg Bases; Metal Oxides Etc",2018,Aug,Chile,4843697,2.44,115.1503,4206412.836093349,Unknown
2825,"Hydrazine Etc, Oth Inorg Bases; Metal Oxides Etc",2018,Sep,Chile,4916813,2.44,115.1503,4269908.979828971,Unknown
2825,"Hydrazine Etc, Oth Inorg Bases; Metal Oxides Etc",2018,Oct,Chile,3266512,2.44,115.1503,2836737.724521777,Unknown
2825,"Hydrazine Etc, Oth Inorg Bases; Metal Oxides Etc",2018,Nov,Chile,3053830,2.44,115.1503,2652038.249140471,Unknown
2825,"Hydrazine Etc, Oth Inorg Bases; Metal Oxides Etc",2018,Dec,Chile,3627455,2.44,115.1503,3150191.5322843273,Unknown
2825,"Hydrazine Etc, Oth Inorg Bases; Metal Oxides Etc",2019,Jan,Chile,6998420,1.81,117.2345,5969590.862757977,Unknown
2825,"Hydrazine Etc, Oth Inorg Bases; Metal Oxides Etc",2019,Feb,Chile,3073451,1.81,117.2345,2621626.7395689837,Unknown
2825,"Hydrazine Etc, Oth Inorg Bases; Metal Oxides Etc",2019,Mar,Chile,5698202,1.81,117.2345,4860516.315589694,Unknown
2825,"Hydrazine Etc, Oth Inorg Bases; Metal Oxides Etc",2019,Apr,Chile,4641858,1.81,117.2345,3959464.150911208,Unknown
2825,"Hydrazine Etc, Oth Inorg Bases; Metal Oxides Etc",2019,May,Chile,2485742,1.81,117.2345,2120316.1185487206,Unknown
2825,"Hydrazine Etc, Oth Inorg Bases; Metal Oxides Etc",2019,Jun,Chile,8737387,1.81,117.2345,7452914.457774803,Unknown
2825,"Hydrazine Etc, Oth Inorg Bases; Metal Oxides Etc",2019,Jul,Chile,6425696,1.81,117.2345,5481062.315274088,Unknown
2825,"Hydrazine Etc, Oth Inorg Bases; Metal Oxides Etc",2019,Aug,Chile,2022755,1.81,117.2345,1725392.26934051,Unknown
2825,"Hydrazine Etc, Oth Inorg Bases; Metal Oxides Etc",2019,Sep,Chile,3835396,1.81,117.2345,3271559.140014245,Unknown
2825,"Hydrazine Etc, Oth Inorg Bases; Metal Oxides Etc",2019,Oct,Chile,3555670,1.81,117.2345,3032955.316054574,Unknown
2825,"Hydrazine Etc, Oth Inorg Bases; Metal Oxides Etc",2019,Nov,Chile,411700,1.81,117.2345,351176.4881498194,Unknown
2825,"Hydrazine Etc, Oth Inorg Bases; Metal Oxides Etc",2019,Dec,Chile,3840497,1.81,117.2345,3275910.2482630964,Unknown
2825,"Hydrazine Etc, Oth Inorg Bases; Metal Oxides Etc",2020,Jan,Chile,4548521,1.23,118.6765,3832705.7168015568,Unknown
2825,"Hydrazine Etc, Oth Inorg Bases; Metal Oxides Etc",2020,Feb,Chile,6337067,1.23,118.6765,5339782.51802168,Unknown
2825,"Hydrazine Etc, Oth Inorg Bases; Metal Oxides Etc",2020,Mar,Chile,7317684,1.23,118.6765,6166076.687465505,Unknown
2825,"Hydrazine Etc, Oth Inorg Bases; Metal Oxides Etc",2020,Apr,Chile,4409574,1.23,118.6765,3715625.2501548324,Unknown
2825,"Hydrazine Etc, Oth Inorg Bases; Metal Oxides Etc",2020,May,Chile,3523770,1.23,118.6765,2969223.055954633,Unknown
2825,"Hydrazine Etc, Oth Inorg Bases; Metal Oxides Etc",2020,Jun,Chile,3488796,1.23,118.6765,2939753.0260835127,Unknown
2825,"Hydrazine Etc, Oth Inorg Bases; Metal Oxides Etc",2020,Jul,Chile,3143964,1.23,118.6765,2649188.339730275,Unknown
2825,"Hydrazine Etc, Oth Inorg Bases; Metal Oxides Etc",2020,Aug,Chile,2430412,1.23,118.6765,2047930.2979107068,Unknown
2825,"Hydrazine Etc, Oth Inorg Bases; Metal Oxides Etc",2020,Sep,Chile,3936987,1.23,118.6765,3317410.7763542067,Unknown
2825,"Hydrazine Etc, Oth Inorg Bases; Metal Oxides Etc",2020,Oct,Chile,597624,1.23,118.6765,503574.0015925647,Unknown
2825,"Hydrazine Etc, Oth Inorg Bases; Metal Oxides Etc",2020,Nov,Chile,5597788,1.23,118.6765,4716846.21639499,Unknown
2825,"Hydrazine Etc, Oth Inorg Bases; Metal Oxides Etc",2020,Dec,Chile,3295191,1.23,118.6765,2776616.263539959,Unknown
2825,"Hydrazine Etc, Oth Inorg Bases; Metal Oxides Etc",2021,Jan,Chile,3633422,4.7,124.2543,2924182.1007401757,Unknown
2825,"Hydrazine Etc, Oth Inorg Bases; Metal Oxides Etc",2021,Feb,Chile,5213700,4.7,124.2543,4195991.607533904,Unknown
2825,"Hydrazine Etc, Oth Inorg Bases; Metal Oxides Etc",2021,Mar,Chile,4321410,4.7,124.2543,3477875.614767457,Unknown
2825,"Hydrazine Etc, Oth Inorg Bases; Metal Oxides Etc",2021,Apr,Chile,6764964,4.7,124.2543,5444450.614586377,Unknown
2825,"Hydrazine Etc, Oth Inorg Bases; Metal Oxides Etc",2021,May,Chile,8363083,4.7,124.2543,6730618.578190051,Unknown
2825,"Hydrazine Etc, Oth Inorg Bases; Metal Oxides Etc",2021,Jun,Chile,6404323,4.7,124.2543,5154206.3333019465,Unknown
2825,"Hydrazine Etc, Oth Inorg Bases; Metal Oxides Etc",2021,Jul,Chile,3707308,4.7,124.2543,2983645.636408559,Unknown
2825,"Hydrazine Etc, Oth Inorg Bases; Metal Oxides Etc",2021,Aug,Chile,7195671,4.7,124.2543,5791084.091254789,Unknown
2825,"Hydrazine Etc, Oth Inorg Bases; Metal Oxides Etc",2021,Sep,Chile,5564492,4.7,124.2543,4478309.402571983,Unknown
2825,"Hydrazine Etc, Oth Inorg Bases; Metal Oxides Etc",2021,Oct,Chile,8177302,4.7,124.2543,6581101.821023498,Unknown
2825,"Hydrazine Etc, Oth Inorg Bases; Metal Oxides Etc",2021,Nov,Chile,16148022,4.7,124.2543,12995946.216750648,Unknown
2825,"Hydrazine Etc, Oth Inorg Bases; Metal Oxides Etc",2021,Dec,Chile,10994881,4.7,124.2543,8848692.560337953,Unknown
2825,"Hydrazine Etc, Oth Inorg Bases; Metal Oxides Etc",2022,Jan,Chile,12705233,8.0,134.1947,9467760.649265582,Unknown
2825,"Hydrazine Etc, Oth Inorg Bases; Metal Oxides Etc",2022,Feb,Chile,9548116,8.0,134.1947,7115121.536096433,Unknown
2825,"Hydrazine Etc, Oth Inorg Bases; Metal Oxides Etc",2022,Mar,Chile,13281068,8.0,134.1947,9896864.779309466,Unknown
2825,"Hydrazine Etc, Oth Inorg Bases; Metal Oxides Etc",2022,Apr,Chile,10256088,8.0,134.1947,7642692.297087738,Unknown
2825,"Hydrazine Etc, Oth Inorg Bases; Metal Oxides Etc",2022,May,Chile,11191840,8.0,134.1947,8340001.505275544,Unknown
2825,"Hydrazine Etc, Oth Inorg Bases; Metal Oxides Etc",2022,Jun,Chile,17408021,8.0,134.1947,12972212.017315138,Unknown
2825,"Hydrazine Etc, Oth Inorg Bases; Metal Oxides Etc",2022,Jul,Chile,7777142,8.0,134.1947,5795416.659525301,Unknown
2825,"Hydrazine Etc, Oth Inorg Bases; Metal Oxides Etc",2022,Aug,Chile,7067881,8.0,134.1947,5266885.353892515,Unknown
2825,"Hydrazine Etc, Oth Inorg Bases; Metal Oxides Etc",2022,Sep,Chile,1993554,8.0,134.1947,1485568.3570215513,Unknown
2825,"Hydrazine Etc, Oth Inorg Bases; Metal Oxides Etc",2022,Oct,Chile,10930358,8.0,134.1947,8145148.802448978,Unknown
2825,"Hydrazine Etc, Oth Inorg Bases; Metal Oxides Etc",2022,Nov,Chile,2400031,8.0,134.1947,1788469.2912611302,Unknown
2825,"Hydrazine Etc, Oth Inorg Bases; Metal Oxides Etc",2022,Dec,Chile,12610241,8.0,134.1947,9396973.949045677,Unknown
2825,"Hydrazine Etc, Oth Inorg Bases; Metal Oxides Etc",2023,Jan,Chile,23770762,4.12,139.7235,17012715.828046106,Unknown
2825,"Hydrazine Etc, Oth Inorg Bases; Metal Oxides Etc",2023,Feb,Chile,22410658,4.12,139.7235,16039290.455793047,Unknown
2825,"Hydrazine Etc, Oth Inorg Bases; Metal Oxides Etc",2023,Mar,Chile,23981193,4.12,139.7235,17163321.13066163,Unknown
2825,"Hydrazine Etc, Oth Inorg Bases; Metal Oxides Etc",2023,Apr,Chile,22118218,4.12,139.7235,15829991.375824396,Unknown
2825,"Hydrazine Etc, Oth Inorg Bases; Metal Oxides Etc",2023,May,Chile,8541005,4.12,139.7235,6112790.618614621,Unknown
2825,"Hydrazine Etc, Oth Inorg Bases; Metal Oxides Etc",2023,Jun,Chile,18395027,4.12,139.7235,13165306.48029859,Unknown
2825,"Hydrazine Etc, Oth Inorg Bases; Metal Oxides Etc",2023,Jul,Chile,21031569,4.12,139.7235,15052277.533843627,Unknown
2825,"Hydrazine Etc, Oth Inorg Bases; Metal Oxides Etc",2023,Aug,Chile,10712187,4.12,139.7235,7666703.883026119,Unknown
2825,"Hydrazine Etc, Oth Inorg Bases; Metal Oxides Etc",2023,Sep,Chile,12241781,4.12,139.7235,8761433.11611862,Unknown
2825,"Hydrazine Etc, Oth Inorg Bases; Metal Oxides Etc",2023,Oct,Chile,25891489,4.12,139.7235,18530518.488300107,Unknown
2825,"Hydrazine Etc, Oth Inorg Bases; Metal Oxides Etc",2023,Nov,Chile,14331519,4.12,139.7235,10257056.973236429,Unknown
2825,"Hydrazine Etc, Oth Inorg Bases; Metal Oxides Etc",2023,Dec,Chile,12726211,4.12,139.7235,9108139.289382244,Unknown
2825,"Hydrazine Etc, Oth Inorg Bases; Metal Oxides Etc",2024,Jan,Chile,9053340,2.9,143.7755,6296858.644205724,Unknown
2825,"Hydrazine Etc, Oth Inorg Bases; Metal Oxides Etc",2024,Feb,Chile,5657141,2.9,143.7755,3934704.45242757,Unknown
2825,"Hydrazine Etc, Oth Inorg Bases; Metal Oxides Etc",2024,Mar,Chile,16837322,2.9,143.7755,11710842.25059207,Unknown
2825,"Hydrazine Etc, Oth Inorg Bases; Metal Oxides Etc",2024,Apr,Chile,7397874,2.9,143.7755,5145434.375119544,Unknown
2825,"Hydrazine Etc, Oth Inorg Bases; Metal Oxides Etc",2024,May,Chile,7164318,2.9,143.7755,4982989.452305852,Unknown
2825,"Hydrazine Etc, Oth Inorg Bases; Metal Oxides Etc",2024,Jun,Chile,18472050,2.9,143.7755,12847842.643565837,Unknown
2825,"Hydrazine Etc, Oth Inorg Bases; Metal Oxides Etc",2024,Jul,Chile,7101777,2.9,143.7755,4939490.386053257,Unknown
2825,"Hydrazine Etc, Oth Inorg Bases; Metal Oxides Etc",2024,Aug,Chile,21995709,2.9,143.7755,15298648.9353193,Unknown
2825,"Hydrazine Etc, Oth Inorg Bases; Metal Oxides Etc",2024,Sep,Chile,8154905,2.9,143.7755,5671971.232929116,Unknown
2825,"Hydrazine Etc, Oth Inorg Bases; Metal Oxides Etc",2024,Oct,Chile,5539010,2.9,143.7755,3852540.9405635875,Unknown
2825,"Hydrazine Etc, Oth Inorg Bases; Metal Oxides Etc",2024,Nov,Chile,1326710,2.9,143.7755,922765.0051643014,Unknown
2825,"Hydrazine Etc, Oth Inorg Bases; Metal Oxides Etc",2024,Dec,Chile,17244183,2.9,143.7755,11993825.790903179,Unknown
2825,"Hydrazine Etc, Oth Inorg Bases; Metal Oxides Etc",2025,Jan,Chile,16028180,2.8,147.8012,10844418.042613998,Unknown
2825,"Hydrazine Etc, Oth Inorg Bases; Metal Oxides Etc",2025,Feb,Chile,12467504,2.8,147.8012,8435319.875616707,Unknown
2825,"Hydrazine Etc, Oth Inorg Bases; Metal Oxides Etc",2025,Mar,Chile,4490391,2.8,147.8012,3038128.919115677,Unknown
2825,"Hydrazine Etc, Oth Inorg Bases; Metal Oxides Etc",2025,Apr,Chile,4249677,2.8,147.8012,2875265.559413591,Unknown
2825,"Hydrazine Etc, Oth Inorg Bases; Metal Oxides Etc",2025,May,Chile,7442677,2.8,147.8012,5035599.846280003,Unknown
2825,"Hydrazine Etc, Oth Inorg Bases; Metal Oxides Etc",2025,Jun,Chile,375313,2.8,147.8012,253930.95590563543,Unknown
2825,"Hydrazine Etc, Oth Inorg Bases; Metal Oxides Etc",2025,Jul,Chile,3056080,2.8,147.8012,2067696.3380540889,Unknown
2825,"Hydrazine Etc, Oth Inorg Bases; Metal Oxides Etc",2025,Aug,Chile,6137968,2.8,147.8012,4152853.9687093203,Unknown
2825,"Hydrazine Etc, Oth Inorg Bases; Metal Oxides Etc",2025,Sep,Chile,3140665,2.8,147.8012,2124925.2374134986,Unknown
2825,"Hydrazine Etc, Oth Inorg Bases; Metal Oxides Etc",2025,Oct,Chile,5568927,2.8,147.8012,3767849.652100254,Unknown
2825,"Hydrazine Etc, Oth Inorg Bases; Metal Oxides Etc",2025,Nov,Chile,1075720,2.8,147.8012,727815.471051656,Unknown
2825,"Hydrazine Etc, Oth Inorg Bases; Metal Oxides Etc",2025,Dec,Chile,3655237,2.8,147.8012,2473076.67326111,Unknown
2825,"Hydrazine Etc, Oth Inorg Bases; Metal Oxides Etc",2012,Sep,Colombia,18753,2.07,105.2954,17809.894829213812,Unknown
2825,"Hydrazine Etc, Oth Inorg Bases; Metal Oxides Etc",2010,Apr,Peru,36400,1.64,100.0,36400.0,Unknown
2825,"Hydrazine Etc, Oth Inorg Bases; Metal Oxides Etc",2010,May,Peru,128367,1.64,100.0,128367.0,Unknown
2825,"Hydrazine Etc, Oth Inorg Bases; Metal Oxides Etc",2010,Jul,Peru,150305,1.64,100.0,150305.0,Unknown
2825,"Hydrazine Etc, Oth Inorg Bases; Metal Oxides Etc",2010,Aug,Peru,121218,1.64,100.0,121218.0,Unknown
2825,"Hydrazine Etc, Oth Inorg Bases; Metal Oxides Etc",2010,Sep,Peru,8817,1.64,100.0,8817.0,Unknown
2825,"Hydrazine Etc, Oth Inorg Bases; Metal Oxides Etc",2010,Oct,Peru,6201,1.64,100.0,6201.0,Unknown
2825,"Hydrazine Etc, Oth Inorg Bases; Metal Oxides Etc",2010,Nov,Peru,109764,1.64,100.0,109764.00000000001,Unknown
2825,"Hydrazine Etc, Oth Inorg Bases; Metal Oxides Etc",2011,Jan,Peru,62197,3.16,103.16,60291.77975959675,Unknown
2825,"Hydrazine Etc, Oth Inorg Bases; Metal Oxides Etc",2011,Apr,Peru,130609,3.16,103.16,126608.18146568438,Unknown
2825,"Hydrazine Etc, Oth Inorg Bases; Metal Oxides Etc",2011,May,Peru,142653,3.16,103.16,138283.24932144242,Unknown
2825,"Hydrazine Etc, Oth Inorg Bases; Metal Oxides Etc",2011,Jun,Peru,91687,3.16,103.16,88878.4412563009,Unknown
2825,"Hydrazine Etc, Oth Inorg Bases; Metal Oxides Etc",2011,Aug,Peru,7128,3.16,103.16,6909.654905001939,Unknown
2825,"Hydrazine Etc, Oth Inorg Bases; Metal Oxides Etc",2011,Oct,Peru,122782,3.16,103.16,119020.93834819697,Unknown
2825,"Hydrazine Etc, Oth Inorg Bases; Metal Oxides Etc",2011,Dec,Peru,267726,3.16,103.16,259525.00969367975,Unknown
2825,"Hydrazine Etc, Oth Inorg Bases; Metal Oxides Etc",2012,Jan,Peru,131342,2.07,105.2954,124736.69315088789,Unknown
2825,"Hydrazine Etc, Oth Inorg Bases; Metal Oxides Etc",2012,Feb,Peru,428576,2.07,105.2954,407022.5289993675,Unknown
2825,"Hydrazine Etc, Oth Inorg Bases; Metal Oxides Etc",2012,Mar,Peru,72100,2.07,105.2954,68474.02640571192,Unknown
2825,"Hydrazine Etc, Oth Inorg Bases; Metal Oxides Etc",2012,Apr,Peru,62387,2.07,105.2954,59249.501877574905,Unknown
2825,"Hydrazine Etc, Oth Inorg Bases; Metal Oxides Etc",2012,May,Peru,392413,2.07,105.2954,372678.1986677481,Unknown
2825,"Hydrazine Etc, Oth Inorg Bases; Metal Oxides Etc",2012,Jun,Peru,6825,2.07,105.2954,6481.764635492149,Unknown
2825,"Hydrazine Etc, Oth Inorg Bases; Metal Oxides Etc",2012,Jul,Peru,157219,2.07,105.2954,149312.31563772017,Unknown
2825,"Hydrazine Etc, Oth Inorg Bases; Metal Oxides Etc",2012,Aug,Peru,148633,2.07,105.2954,141158.1132699054,Unknown
2825,"Hydrazine Etc, Oth Inorg Bases; Metal Oxides Etc",2012,Sep,Peru,148633,2.07,105.2954,141158.1132699054,Unknown
2825,"Hydrazine Etc, Oth Inorg Bases; Metal Oxides Etc",2012,Dec,Peru,57561,2.07,105.2954,54666.205741181475,Unknown
2825,"Hydrazine Etc, Oth Inorg Bases; Metal Oxides Etc",2013,Mar,Peru,125257,1.46,106.8327,117245.93687138864,Unknown
2825,"Hydrazine Etc, Oth Inorg Bases; Metal Oxides Etc",2013,May,Peru,7671,1.46,106.8327,7180.385780758138,Unknown
2825,"Hydrazine Etc, Oth Inorg Bases; Metal Oxides Etc",2013,Aug,Peru,209010,1.46,106.8327,195642.34546164237,Unknown
2825,"Hydrazine Etc, Oth Inorg Bases; Metal Oxides Etc",2013,Sep,Peru,138217,1.46,106.8327,129377.05402933745,Unknown
2825,"Hydrazine Etc, Oth Inorg Bases; Metal Oxides Etc",2013,Oct,Peru,32442,1.46,106.8327,30367.10670047654,Unknown
2825,"Hydrazine Etc, Oth Inorg Bases; Metal Oxides Etc",2014,Jan,Peru,112933,1.62,108.5634,104024.92921187068,Unknown
2825,"Hydrazine Etc, Oth Inorg Bases; Metal Oxides Etc",2014,Mar,Peru,134699,1.62,108.5634,124074.04337004921,Unknown
2825,"Hydrazine Etc, Oth Inorg Bases; Metal Oxides Etc",2014,May,Peru,14593,1.62,108.5634,13441.915046875834,Unknown
2825,"Hydrazine Etc, Oth Inorg Bases; Metal Oxides Etc",2014,Jun,Peru,102471,1.62,108.5634,94388.16396686176,Unknown
2825,"Hydrazine Etc, Oth Inorg Bases; Metal Oxides Etc",2014,Jul,Peru,66224,1.62,108.5634,61000.300285363206,Unknown
2825,"Hydrazine Etc, Oth Inorg Bases; Metal Oxides Etc",2014,Sep,Peru,269035,1.62,108.5634,247813.71990928802,Unknown
2825,"Hydrazine Etc, Oth Inorg Bases; Metal Oxides Etc",2014,Oct,Peru,21244,1.62,108.5634,19568.28912874873,Unknown
2825,"Hydrazine Etc, Oth Inorg Bases; Metal Oxides Etc",2015,Jan,Peru,152678,0.12,108.6937,140466.28277443862,Unknown
2825,"Hydrazine Etc, Oth Inorg Bases; Metal Oxides Etc",2015,Mar,Peru,173647,0.12,108.6937,159758.10925564222,Unknown
2825,"Hydrazine Etc, Oth Inorg Bases; Metal Oxides Etc",2015,May,Peru,64511,0.12,108.6937,59351.18594729961,Unknown
2825,"Hydrazine Etc, Oth Inorg Bases; Metal Oxides Etc",2015,Jun,Peru,69957,0.12,108.6937,64361.59593426297,Unknown
2825,"Hydrazine Etc, Oth Inorg Bases; Metal Oxides Etc",2015,Jul,Peru,132125,0.12,108.6937,121557.18316700967,Unknown
2825,"Hydrazine Etc, Oth Inorg Bases; Metal Oxides Etc",2015,Aug,Peru,102503,0.12,108.6937,94304.45370798859,Unknown
2825,"Hydrazine Etc, Oth Inorg Bases; Metal Oxides Etc",2015,Oct,Peru,18739,0.12,108.6937,17240.18963380582,Unknown
2825,"Hydrazine Etc, Oth Inorg Bases; Metal Oxides Etc",2015,Nov,Peru,92810,0.12,108.6937,85386.73354573447,Unknown
2825,"Hydrazine Etc, Oth Inorg Bases; Metal Oxides Etc",2016,Feb,Peru,34635,1.26,110.0632,31468.28367701466,Unknown
2825,"Hydrazine Etc, Oth Inorg Bases; Metal Oxides Etc",2016,Mar,Peru,174551,1.26,110.0632,158591.60918454124,Unknown
2825,"Hydrazine Etc, Oth Inorg Bases; Metal Oxides Etc",2016,Apr,Peru,32948,1.26,110.0632,29935.527951213488,Unknown
2825,"Hydrazine Etc, Oth Inorg Bases; Metal Oxides Etc",2016,May,Peru,95089,1.26,110.0632,86394.90765305753,Unknown
2825,"Hydrazine Etc, Oth Inorg Bases; Metal Oxides Etc",2016,Jun,Peru,7183,1.26,110.0632,6526.250372513247,Unknown
2825,"Hydrazine Etc, Oth Inorg Bases; Metal Oxides Etc",2016,Aug,Peru,117482,1.26,110.0632,106740.49091794534,Unknown
2825,"Hydrazine Etc, Oth Inorg Bases; Metal Oxides Etc",2016,Sep,Peru,9513,1.26,110.0632,8643.215897775097,Unknown
2825,"Hydrazine Etc, Oth Inorg Bases; Metal Oxides Etc",2016,Oct,Peru,113535,1.26,110.0632,103154.36948952965,Unknown
2825,"Hydrazine Etc, Oth Inorg Bases; Metal Oxides Etc",2017,Jan,Peru,8250,2.13,112.4076,7339.361395492831,Unknown
2825,"Hydrazine Etc, Oth Inorg Bases; Metal Oxides Etc",2017,Apr,Peru,46902,2.13,112.4076,41724.93674804907,Unknown
2825,"Hydrazine Etc, Oth Inorg Bases; Metal Oxides Etc",2017,May,Peru,7870,2.13,112.4076,7001.305961518617,Unknown
2825,"Hydrazine Etc, Oth Inorg Bases; Metal Oxides Etc",2017,Aug,Peru,269425,2.13,112.4076,239685.7507855341,Unknown
2825,"Hydrazine Etc, Oth Inorg Bases; Metal Oxides Etc",2017,Sep,Peru,96252,2.13,112.4076,85627.66218654254,Unknown
2825,"Hydrazine Etc, Oth Inorg Bases; Metal Oxides Etc",2017,Oct,Peru,66442,2.13,112.4076,59108.10301082845,Unknown
2825,"Hydrazine Etc, Oth Inorg Bases; Metal Oxides Etc",2017,Nov,Peru,112637,2.13,112.4076,100204.07872777285,Unknown
2825,"Hydrazine Etc, Oth Inorg Bases; Metal Oxides Etc",2017,Dec,Peru,53322,2.13,112.4076,47436.294343087124,Unknown
2825,"Hydrazine Etc, Oth Inorg Bases; Metal Oxides Etc",2018,Mar,Peru,286640,2.44,115.1503,248926.83735952055,Unknown
2825,"Hydrazine Etc, Oth Inorg Bases; Metal Oxides Etc",2018,May,Peru,35471,2.44,115.1503,30804.08822208887,Unknown
2825,"Hydrazine Etc, Oth Inorg Bases; Metal Oxides Etc",2018,Jun,Peru,10587,2.44,115.1503,9194.070705851396,Unknown
2825,"Hydrazine Etc, Oth Inorg Bases; Metal Oxides Etc",2018,Jul,Peru,52843,2.44,115.1503,45890.457949306256,Unknown
2825,"Hydrazine Etc, Oth Inorg Bases; Metal Oxides Etc",2018,Aug,Peru,9377,2.44,115.1503,8143.270143455988,Unknown
2825,"Hydrazine Etc, Oth Inorg Bases; Metal Oxides Etc",2018,Sep,Peru,127295,2.44,115.1503,110546.82445464753,Unknown
2825,"Hydrazine Etc, Oth Inorg Bases; Metal Oxides Etc",2018,Oct,Peru,318893,2.44,115.1503,276936.3171437677,Unknown
2825,"Hydrazine Etc, Oth Inorg Bases; Metal Oxides Etc",2018,Dec,Peru,33892,2.44,115.1503,29432.836909673704,Unknown
2825,"Hydrazine Etc, Oth Inorg Bases; Metal Oxides Etc",2019,Jan,Peru,153399,1.81,117.2345,130848.00122830736,Unknown
2825,"Hydrazine Etc, Oth Inorg Bases; Metal Oxides Etc",2019,Feb,Peru,33806,1.81,117.2345,28836.2214194627,Unknown
2825,"Hydrazine Etc, Oth Inorg Bases; Metal Oxides Etc",2019,Mar,Peru,192142,1.81,117.2345,163895.44033539615,Unknown
2825,"Hydrazine Etc, Oth Inorg Bases; Metal Oxides Etc",2019,Apr,Peru,50104,1.81,117.2345,42738.272436867985,Unknown
2825,"Hydrazine Etc, Oth Inorg Bases; Metal Oxides Etc",2019,May,Peru,122681,1.81,117.2345,104645.81671777504,Unknown
2825,"Hydrazine Etc, Oth Inorg Bases; Metal Oxides Etc",2019,Jun,Peru,122184,1.81,117.2345,104221.8800779634,Unknown
2825,"Hydrazine Etc, Oth Inorg Bases; Metal Oxides Etc",2019,Jul,Peru,139993,1.81,117.2345,119412.80083934337,Unknown
2825,"Hydrazine Etc, Oth Inorg Bases; Metal Oxides Etc",2020,Jan,Peru,32981,1.23,118.6765,27790.674649151264,Unknown
2825,"Hydrazine Etc, Oth Inorg Bases; Metal Oxides Etc",2020,Feb,Peru,53837,1.23,118.6765,45364.49929008692,Unknown
2825,"Hydrazine Etc, Oth Inorg Bases; Metal Oxides Etc",2020,Mar,Peru,79945,1.23,118.6765,67363.79990983893,Unknown
2825,"Hydrazine Etc, Oth Inorg Bases; Metal Oxides Etc",2020,Jun,Peru,32963,1.23,118.6765,27775.50736666484,Unknown
2825,"Hydrazine Etc, Oth Inorg Bases; Metal Oxides Etc",2020,Jul,Peru,61670,1.23,118.6765,51964.795052095404,Unknown
2825,"Hydrazine Etc, Oth Inorg Bases; Metal Oxides Etc",2020,Sep,Peru,72358,1.23,118.6765,60970.79034181156,Unknown
2825,"Hydrazine Etc, Oth Inorg Bases; Metal Oxides Etc",2020,Oct,Peru,35144,1.23,118.6765,29613.27642793645,Unknown
2825,"Hydrazine Etc, Oth Inorg Bases; Metal Oxides Etc",2021,Jan,Peru,16683,4.7,124.2543,13426.497111166373,Unknown
2825,"Hydrazine Etc, Oth Inorg Bases; Metal Oxides Etc",2021,Apr,Peru,57370,4.7,124.2543,46171.440344519266,Unknown
2825,"Hydrazine Etc, Oth Inorg Bases; Metal Oxides Etc",2021,May,Peru,78087,4.7,124.2543,62844.50518010242,Unknown
2825,"Hydrazine Etc, Oth Inorg Bases; Metal Oxides Etc",2021,Oct,Peru,11259,4.7,124.2543,9061.255827766123,Unknown
2825,"Hydrazine Etc, Oth Inorg Bases; Metal Oxides Etc",2021,Nov,Peru,318947,4.7,124.2543,256688.90332165564,Unknown
2825,"Hydrazine Etc, Oth Inorg Bases; Metal Oxides Etc",2021,Dec,Peru,79832,4.7,124.2543,64248.88313724354,Unknown
2825,"Hydrazine Etc, Oth Inorg Bases; Metal Oxides Etc",2022,Jan,Peru,18726,8.0,134.1947,13954.351401359367,Unknown
2825,"Hydrazine Etc, Oth Inorg Bases; Metal Oxides Etc",2022,Feb,Peru,84169,8.0,134.1947,62721.553086671825,Unknown
2825,"Hydrazine Etc, Oth Inorg Bases; Metal Oxides Etc",2022,Mar,Peru,218885,8.0,134.1947,163110.0185029662,Unknown
2825,"Hydrazine Etc, Oth Inorg Bases; Metal Oxides Etc",2022,Apr,Peru,368635,8.0,134.1947,274701.6089309041,Unknown
2825,"Hydrazine Etc, Oth Inorg Bases; Metal Oxides Etc",2022,May,Peru,70016,8.0,134.1947,52174.936864123534,Unknown
2825,"Hydrazine Etc, Oth Inorg Bases; Metal Oxides Etc",2022,Oct,Peru,155462,8.0,134.1947,115848.09236132275,Unknown
2825,"Hydrazine Etc, Oth Inorg Bases; Metal Oxides Etc",2022,Nov,Peru,117843,8.0,134.1947,87814.94351118187,Unknown
2825,"Hydrazine Etc, Oth Inorg Bases; Metal Oxides Etc",2022,Dec,Peru,64494,8.0,134.1947,48060.0202541531,Unknown
2825,"Hydrazine Etc, Oth Inorg Bases; Metal Oxides Etc",2023,Jan,Peru,283855,4.12,139.7235,203154.80216284306,Unknown
2825,"Hydrazine Etc, Oth Inorg Bases; Metal Oxides Etc",2023,Feb,Peru,130152,4.12,139.7235,93149.68491341828,Unknown
2825,"Hydrazine Etc, Oth Inorg Bases; Metal Oxides Etc",2023,May,Peru,124139,4.12,139.7235,88846.18550208089,Unknown
2825,"Hydrazine Etc, Oth Inorg Bases; Metal Oxides Etc",2023,Jul,Peru,24697,4.12,139.7235,17675.62364240804,Unknown
2825,"Hydrazine Etc, Oth Inorg Bases; Metal Oxides Etc",2023,Sep,Peru,121018,4.12,139.7235,86612.48823569407,Unknown
2825,"Hydrazine Etc, Oth Inorg Bases; Metal Oxides Etc",2023,Nov,Peru,114033,4.12,139.7235,81613.32918227786,Unknown
2825,"Hydrazine Etc, Oth Inorg Bases; Metal Oxides Etc",2024,Jan,Peru,99030,2.9,143.7755,68878.21638596285,Unknown
2825,"Hydrazine Etc, Oth Inorg Bases; Metal Oxides Etc",2024,Mar,Peru,117027,2.9,143.7755,81395.64807634124,Unknown
2825,"Hydrazine Etc, Oth Inorg Bases; Metal Oxides Etc",2024,Jun,Peru,10579,2.9,143.7755,7357.999102767857,Unknown
2825,"Hydrazine Etc, Oth Inorg Bases; Metal Oxides Etc",2024,Jul,Peru,135190,2.9,143.7755,94028.53754638309,Unknown
2825,"Hydrazine Etc, Oth Inorg Bases; Metal Oxides Etc",2024,Aug,Peru,159604,2.9,143.7755,111009.17750242565,Unknown
2825,"Hydrazine Etc, Oth Inorg Bases; Metal Oxides Etc",2024,Nov,Peru,15615,2.9,143.7755,10860.682105087446,Unknown
2825,"Hydrazine Etc, Oth Inorg Bases; Metal Oxides Etc",2025,Jan,Peru,747495,2.8,147.8012,505743.52576298435,Unknown
2825,"Hydrazine Etc, Oth Inorg Bases; Metal Oxides Etc",2025,Mar,Peru,288490,2.8,147.8012,195187.86045038878,Unknown
2825,"Hydrazine Etc, Oth Inorg Bases; Metal Oxides Etc",2025,Apr,Peru,22181,2.8,147.8012,15007.32064421669,Unknown
2825,"Hydrazine Etc, Oth Inorg Bases; Metal Oxides Etc",2025,May,Peru,538615,2.8,147.8012,364418.55681821256,Unknown
2825,"Hydrazine Etc, Oth Inorg Bases; Metal Oxides Etc",2025,Jun,Peru,111073,2.8,147.8012,75150.26941594521,Unknown
2825,"Hydrazine Etc, Oth Inorg Bases; Metal Oxides Etc",2025,Jul,Peru,506000,2.8,147.8012,342351.75357168954,Unknown
2825,"Hydrazine Etc, Oth Inorg Bases; Metal Oxides Etc",2025,Aug,Peru,171090,2.8,147.8012,115756.840945811,Unknown
2825,"Hydrazine Etc, Oth Inorg Bases; Metal Oxides Etc",2025,Sep,Peru,140044,2.8,147.8012,94751.5987691575,Unknown
2825,"Hydrazine Etc, Oth Inorg Bases; Metal Oxides Etc",2025,Nov,Peru,260897,2.8,147.8012,176518.8645288401,Unknown
2825,"Hydrazine Etc, Oth Inorg Bases; Metal Oxides Etc",2025,Dec,Peru,372400,2.8,147.8012,251960.0652768719,Unknown
2841,Salts Of Oxometallic Or Peroxometallic Acids,2015,Sep,Argentina,2435,0.12,108.6937,2240.2402347146153,Unknown
2841,Salts Of Oxometallic Or Peroxometallic Acids,2016,Mar,Argentina,11747,1.26,110.0632,10672.958809120579,Unknown
2841,Salts Of Oxometallic Or Peroxometallic Acids,2016,Nov,Argentina,60706,1.26,110.0632,55155.58333757332,Unknown
2841,Salts Of Oxometallic Or Peroxometallic Acids,2016,Dec,Argentina,61820,1.26,110.0632,56167.72908656118,Unknown
2841,Salts Of Oxometallic Or Peroxometallic Acids,2010,Apr,Brazil,11830,1.64,100.0,11830.0,Unknown
2841,Salts Of Oxometallic Or Peroxometallic Acids,2010,Jul,Brazil,70770,1.64,100.0,70770.0,Unknown
2841,Salts Of Oxometallic Or Peroxometallic Acids,2010,Oct,Brazil,53312,1.64,100.0,53312.0,Unknown
2841,Salts Of Oxometallic Or Peroxometallic Acids,2011,Jun,Brazil,54454,3.16,103.16,52785.963551764245,Unknown
2841,Salts Of Oxometallic Or Peroxometallic Acids,2012,Jan,Brazil,53654,2.07,105.2954,50955.69227145725,Unknown
2841,Salts Of Oxometallic Or Peroxometallic Acids,2012,Jun,Brazil,54454,2.07,105.2954,51715.45955473838,Unknown
2841,Salts Of Oxometallic Or Peroxometallic Acids,2012,Nov,Brazil,54454,2.07,105.2954,51715.45955473838,Unknown
2841,Salts Of Oxometallic Or Peroxometallic Acids,2013,Apr,Brazil,54454,1.46,106.8327,50971.2850091779,Unknown
2841,Salts Of Oxometallic Or Peroxometallic Acids,2013,May,Brazil,73041,1.46,106.8327,68369.5160751343,Unknown
2841,Salts Of Oxometallic Or Peroxometallic Acids,2016,Nov,Brazil,10332,1.26,110.0632,9387.333822749111,Unknown
2841,Salts Of Oxometallic Or Peroxometallic Acids,2017,Nov,Brazil,3400,2.13,112.4076,3024.7065145061365,Unknown
2841,Salts Of Oxometallic Or Peroxometallic Acids,2017,Dec,Brazil,96000,2.13,112.4076,85403.47805664386,Unknown
2841,Salts Of Oxometallic Or Peroxometallic Acids,2018,Mar,Brazil,88000,2.44,115.1503,76421.85908330244,Unknown
2841,Salts Of Oxometallic Or Peroxometallic Acids,2018,Apr,Brazil,91000,2.44,115.1503,79027.14973386956,Unknown
2841,Salts Of Oxometallic Or Peroxometallic Acids,2018,Aug,Brazil,100000,2.44,115.1503,86843.02168557094,Unknown
2841,Salts Of Oxometallic Or Peroxometallic Acids,2019,Jan,Brazil,2084,1.81,117.2345,1777.63371703722,Unknown
2841,Salts Of Oxometallic Or Peroxometallic Acids,2020,Feb,Brazil,135138,1.23,118.6765,113870.90114723639,Unknown
2841,Salts Of Oxometallic Or Peroxometallic Acids,2020,Apr,Brazil,110000,1.23,118.6765,92688.94852814163,Unknown
2841,Salts Of Oxometallic Or Peroxometallic Acids,2020,Nov,Brazil,90750,1.23,118.6765,76468.38253571684,Unknown
2841,Salts Of Oxometallic Or Peroxometallic Acids,2021,Jan,Brazil,191233,4.7,124.2543,153904.532881357,Unknown
2841,Salts Of Oxometallic Or Peroxometallic Acids,2021,Jun,Brazil,142972,4.7,124.2543,115064.02595322656,Unknown
2841,Salts Of Oxometallic Or Peroxometallic Acids,2021,Sep,Brazil,268028,4.7,124.2543,215709.2350123899,Unknown
2841,Salts Of Oxometallic Or Peroxometallic Acids,2021,Oct,Brazil,187794,4.7,124.2543,151136.8218242749,Unknown
2841,Salts Of Oxometallic Or Peroxometallic Acids,2021,Nov,Brazil,185094,4.7,124.2543,148963.85879603363,Unknown
2841,Salts Of Oxometallic Or Peroxometallic Acids,2022,Mar,Brazil,196062,8.0,134.1947,146102.6404172445,Unknown
2841,Salts Of Oxometallic Or Peroxometallic Acids,2022,Apr,Brazil,10918,8.0,134.1947,8135.939794939741,Unknown
2841,Salts Of Oxometallic Or Peroxometallic Acids,2022,May,Brazil,369924,8.0,134.1947,275662.153572384,Unknown
2841,Salts Of Oxometallic Or Peroxometallic Acids,2022,Aug,Brazil,8303,8.0,134.1947,6187.278633209806,Unknown
2841,Salts Of Oxometallic Or Peroxometallic Acids,2022,Oct,Brazil,408683,8.0,134.1947,304544.81436301133,Unknown
2841,Salts Of Oxometallic Or Peroxometallic Acids,2022,Dec,Brazil,407253,8.0,134.1947,303479.1985078397,Unknown
2841,Salts Of Oxometallic Or Peroxometallic Acids,2023,Jan,Brazil,340238,4.12,139.7235,243508.0712979563,Unknown
2841,Salts Of Oxometallic Or Peroxometallic Acids,2023,Feb,Brazil,384593,4.12,139.7235,275252.9102119543,Unknown
2841,Salts Of Oxometallic Or Peroxometallic Acids,2023,Mar,Brazil,504648,4.12,139.7235,361176.1800985518,Unknown
2841,Salts Of Oxometallic Or Peroxometallic Acids,2023,Jun,Brazil,457473,4.12,139.7235,327413.0693834609,Unknown
2841,Salts Of Oxometallic Or Peroxometallic Acids,2023,Jul,Brazil,25765,4.12,139.7235,18439.99040963045,Unknown
2841,Salts Of Oxometallic Or Peroxometallic Acids,2023,Oct,Brazil,204246,4.12,139.7235,146178.70293830315,Unknown
2841,Salts Of Oxometallic Or Peroxometallic Acids,2024,Jan,Brazil,45792,2.9,143.7755,31849.654496072002,Unknown
2841,Salts Of Oxometallic Or Peroxometallic Acids,2024,Apr,Brazil,368033,2.9,143.7755,255977.548330557,Unknown
2841,Salts Of Oxometallic Or Peroxometallic Acids,2024,May,Brazil,380988,2.9,143.7755,264988.12384585687,Unknown
2841,Salts Of Oxometallic Or Peroxometallic Acids,2024,Sep,Brazil,447691,2.9,143.7755,311381.98093555577,Unknown
2841,Salts Of Oxometallic Or Peroxometallic Acids,2024,Oct,Brazil,422661,2.9,143.7755,293972.89524293086,Unknown
2841,Salts Of Oxometallic Or Peroxometallic Acids,2025,Jan,Brazil,437748,2.8,147.8012,296173.5087401185,Unknown
2841,Salts Of Oxometallic Or Peroxometallic Acids,2025,Jun,Brazil,50539,2.8,147.8012,34193.90370308225,Unknown
2841,Salts Of Oxometallic Or Peroxometallic Acids,2010,Jan,Chile,1484893,1.64,100.0,1484893.0,Unknown
2841,Salts Of Oxometallic Or Peroxometallic Acids,2010,Feb,Chile,878356,1.64,100.0,878356.0,Unknown
2841,Salts Of Oxometallic Or Peroxometallic Acids,2010,Mar,Chile,1436152,1.64,100.0,1436152.0,Unknown
2841,Salts Of Oxometallic Or Peroxometallic Acids,2010,Apr,Chile,2835054,1.64,100.0,2835054.0,Unknown
2841,Salts Of Oxometallic Or Peroxometallic Acids,2010,May,Chile,484755,1.64,100.0,484755.0,Unknown
2841,Salts Of Oxometallic Or Peroxometallic Acids,2010,Jun,Chile,1976436,1.64,100.0,1976436.0,Unknown
2841,Salts Of Oxometallic Or Peroxometallic Acids,2010,Jul,Chile,2025007,1.64,100.0,2025007.0,Unknown
2841,Salts Of Oxometallic Or Peroxometallic Acids,2010,Aug,Chile,1088976,1.64,100.0,1088976.0,Unknown
2841,Salts Of Oxometallic Or Peroxometallic Acids,2010,Sep,Chile,3354871,1.64,100.0,3354871.0,Unknown
2841,Salts Of Oxometallic Or Peroxometallic Acids,2010,Dec,Chile,447949,1.64,100.0,447949.0,Unknown
2841,Salts Of Oxometallic Or Peroxometallic Acids,2011,Jan,Chile,447114,3.16,103.16,433417.9914695618,Unknown
2841,Salts Of Oxometallic Or Peroxometallic Acids,2011,Mar,Chile,5420526,3.16,103.16,5254484.296238853,Unknown
2841,Salts Of Oxometallic Or Peroxometallic Acids,2011,Apr,Chile,1900509,3.16,103.16,1842292.5552539746,Unknown
2841,Salts Of Oxometallic Or Peroxometallic Acids,2011,Jun,Chile,2720666,3.16,103.16,2637326.483132997,Unknown
2841,Salts Of Oxometallic Or Peroxometallic Acids,2011,Jul,Chile,1279395,3.16,103.16,1240204.5366421095,Unknown
2841,Salts Of Oxometallic Or Peroxometallic Acids,2011,Aug,Chile,831992,3.16,103.16,806506.3978286159,Unknown
2841,Salts Of Oxometallic Or Peroxometallic Acids,2011,Sep,Chile,849007,3.16,103.16,823000.1938735944,Unknown
2841,Salts Of Oxometallic Or Peroxometallic Acids,2011,Oct,Chile,20696,3.16,103.16,20062.039550213263,Unknown
2841,Salts Of Oxometallic Or Peroxometallic Acids,2011,Nov,Chile,1141932,3.16,103.16,1106952.3070957735,Unknown
2841,Salts Of Oxometallic Or Peroxometallic Acids,2011,Dec,Chile,1187316,3.16,103.16,1150946.1031407523,Unknown
2841,Salts Of Oxometallic Or Peroxometallic Acids,2012,Feb,Chile,1102050,2.07,105.2954,1046626.9181749631,Unknown
2841,Salts Of Oxometallic Or Peroxometallic Acids,2012,Mar,Chile,1659285,2.07,105.2954,1575838.0707989144,Unknown
2841,Salts Of Oxometallic Or Peroxometallic Acids,2012,Apr,Chile,803637,2.07,105.2954,763221.3752927479,Unknown
2841,Salts Of Oxometallic Or Peroxometallic Acids,2012,May,Chile,806438,2.07,105.2954,765881.5104933359,Unknown
2841,Salts Of Oxometallic Or Peroxometallic Acids,2012,Jun,Chile,791400,2.07,105.2954,751599.7849858588,Unknown
2841,Salts Of Oxometallic Or Peroxometallic Acids,2012,Jul,Chile,381094,2.07,105.2954,361928.4413184242,Unknown
2841,Salts Of Oxometallic Or Peroxometallic Acids,2012,Aug,Chile,749364,2.07,105.2954,711677.8130858518,Unknown
2841,Salts Of Oxometallic Or Peroxometallic Acids,2012,Sep,Chile,950640,2.07,105.2954,902831.462722968,Unknown
2841,Salts Of Oxometallic Or Peroxometallic Acids,2012,Oct,Chile,1052535,2.07,105.2954,999602.0718853815,Unknown
2841,Salts Of Oxometallic Or Peroxometallic Acids,2012,Dec,Chile,960156,2.07,105.2954,911868.894557597,Unknown
2841,Salts Of Oxometallic Or Peroxometallic Acids,2013,Feb,Chile,684463,1.46,106.8327,640686.7934630502,Unknown
2841,Salts Of Oxometallic Or Peroxometallic Acids,2013,Mar,Chile,1326334,1.46,106.8327,1241505.6438712117,Unknown
2841,Salts Of Oxometallic Or Peroxometallic Acids,2013,Apr,Chile,1225179,1.46,106.8327,1146820.2151588418,Unknown
2841,Salts Of Oxometallic Or Peroxometallic Acids,2013,May,Chile,651491,1.46,106.8327,609823.5839775649,Unknown
2841,Salts Of Oxometallic Or Peroxometallic Acids,2013,Jun,Chile,641252,1.46,106.8327,600239.439796991,Unknown
2841,Salts Of Oxometallic Or Peroxometallic Acids,2013,Oct,Chile,577104,1.46,106.8327,540194.1540371067,Unknown
2841,Salts Of Oxometallic Or Peroxometallic Acids,2013,Nov,Chile,644960,1.46,106.8327,603710.2872060708,Unknown
2841,Salts Of Oxometallic Or Peroxometallic Acids,2014,Jan,Chile,858878,1.62,108.5634,791130.3441122883,Unknown
2841,Salts Of Oxometallic Or Peroxometallic Acids,2014,Feb,Chile,1138926,1.62,108.5634,1049088.36679765,Unknown
2841,Salts Of Oxometallic Or Peroxometallic Acids,2014,Mar,Chile,874625,1.62,108.5634,805635.2325000875,Unknown
2841,Salts Of Oxometallic Or Peroxometallic Acids,2014,May,Chile,2733603,1.62,108.5634,2517978.4347210936,Unknown
2841,Salts Of Oxometallic Or Peroxometallic Acids,2014,Jun,Chile,1595719,1.62,108.5634,1469849.8757408112,Unknown
2841,Salts Of Oxometallic Or Peroxometallic Acids,2014,Jul,Chile,1625913,1.62,108.5634,1497662.1955465653,Unknown
2841,Salts Of Oxometallic Or Peroxometallic Acids,2014,Aug,Chile,1110401,1.62,108.5634,1022813.3975170269,Unknown
2841,Salts Of Oxometallic Or Peroxometallic Acids,2014,Sep,Chile,3685976,1.62,108.5634,3395228.9629838415,Unknown
2841,Salts Of Oxometallic Or Peroxometallic Acids,2014,Oct,Chile,1387782,1.62,108.5634,1278314.7911727156,Unknown
2841,Salts Of Oxometallic Or Peroxometallic Acids,2014,Nov,Chile,888195,1.62,108.5634,818134.8410237704,Unknown
2841,Salts Of Oxometallic Or Peroxometallic Acids,2015,Mar,Chile,4133,0.12,108.6937,3802.4282916121174,Unknown
2841,Salts Of Oxometallic Or Peroxometallic Acids,2015,Apr,Chile,502723,0.12,108.6937,462513.4667418626,Unknown
2841,Salts Of Oxometallic Or Peroxometallic Acids,2015,May,Chile,731965,0.12,108.6937,673419.8946213073,Unknown
2841,Salts Of Oxometallic Or Peroxometallic Acids,2015,Jun,Chile,235901,0.12,108.6937,217032.81790940964,Unknown
2841,Salts Of Oxometallic Or Peroxometallic Acids,2015,Jul,Chile,655764,0.12,108.6937,603313.7155143305,Unknown
2841,Salts Of Oxometallic Or Peroxometallic Acids,2015,Aug,Chile,730093,0.12,108.6937,671697.6236893215,Unknown
2841,Salts Of Oxometallic Or Peroxometallic Acids,2015,Sep,Chile,318522,0.12,108.6937,293045.5030972356,Unknown
2841,Salts Of Oxometallic Or Peroxometallic Acids,2015,Oct,Chile,611466,0.12,108.6937,562558.823556471,Unknown
2841,Salts Of Oxometallic Or Peroxometallic Acids,2015,Nov,Chile,1438613,0.12,108.6937,1323547.730917247,Unknown
2841,Salts Of Oxometallic Or Peroxometallic Acids,2015,Dec,Chile,337994,0.12,108.6937,310960.0648427645,Unknown
2841,Salts Of Oxometallic Or Peroxometallic Acids,2016,Jan,Chile,764461,1.26,110.0632,694565.4860116733,Unknown
2841,Salts Of Oxometallic Or Peroxometallic Acids,2016,Feb,Chile,772177,1.26,110.0632,701576.0036052014,Unknown
2841,Salts Of Oxometallic Or Peroxometallic Acids,2016,Mar,Chile,763198,1.26,110.0632,693417.9634973361,Unknown
2841,Salts Of Oxometallic Or Peroxometallic Acids,2016,Apr,Chile,1561371,1.26,110.0632,1418613.124095974,Unknown
2841,Salts Of Oxometallic Or Peroxometallic Acids,2016,May,Chile,1234067,1.26,110.0632,1121234.8904992768,Unknown
2841,Salts Of Oxometallic Or Peroxometallic Acids,2016,Jun,Chile,1849013,1.26,110.0632,1679955.6981806818,Unknown
2841,Salts Of Oxometallic Or Peroxometallic Acids,2016,Jul,Chile,793577,1.26,110.0632,721019.3779573918,Unknown
2841,Salts Of Oxometallic Or Peroxometallic Acids,2016,Aug,Chile,931589,1.26,110.0632,846412.7882889104,Unknown
2841,Salts Of Oxometallic Or Peroxometallic Acids,2016,Sep,Chile,1773706,1.26,110.0632,1611534.1004077657,Unknown
2841,Salts Of Oxometallic Or Peroxometallic Acids,2016,Oct,Chile,1200379,1.26,110.0632,1090627.0215657912,Unknown
2841,Salts Of Oxometallic Or Peroxometallic Acids,2016,Nov,Chile,1125222,1.26,110.0632,1022341.7091271197,Unknown
2841,Salts Of Oxometallic Or Peroxometallic Acids,2016,Dec,Chile,678853,1.26,110.0632,616784.720051752,Unknown
2841,Salts Of Oxometallic Or Peroxometallic Acids,2017,Jan,Chile,696528,2.13,112.4076,619644.9350399794,Unknown
2841,Salts Of Oxometallic Or Peroxometallic Acids,2017,Feb,Chile,1399548,2.13,112.4076,1245065.2802835396,Unknown
2841,Salts Of Oxometallic Or Peroxometallic Acids,2017,Mar,Chile,763887,2.13,112.4076,679568.8191901615,Unknown
2841,Salts Of Oxometallic Or Peroxometallic Acids,2017,Apr,Chile,2712005,2.13,112.4076,2412652.7031980045,Unknown
2841,Salts Of Oxometallic Or Peroxometallic Acids,2017,May,Chile,1956815,2.13,112.4076,1740820.905348037,Unknown
2841,Salts Of Oxometallic Or Peroxometallic Acids,2017,Jun,Chile,537381,2.13,112.4076,478064.6504328889,Unknown
2841,Salts Of Oxometallic Or Peroxometallic Acids,2017,Jul,Chile,2401037,2.13,112.4076,2136009.4869030206,Unknown
2841,Salts Of Oxometallic Or Peroxometallic Acids,2017,Aug,Chile,1329864,2.13,112.4076,1183073.0306491733,Unknown
2841,Salts Of Oxometallic Or Peroxometallic Acids,2017,Sep,Chile,1358241,2.13,112.4076,1208317.7649909793,Unknown
2841,Salts Of Oxometallic Or Peroxometallic Acids,2017,Oct,Chile,2178906,2.13,112.4076,1938397.4037342672,Unknown
2841,Salts Of Oxometallic Or Peroxometallic Acids,2017,Nov,Chile,807723,2.13,112.4076,718566.1823577766,Unknown
2841,Salts Of Oxometallic Or Peroxometallic Acids,2017,Dec,Chile,1644981,2.13,112.4076,1463407.2785114173,Unknown
2841,Salts Of Oxometallic Or Peroxometallic Acids,2018,Jan,Chile,581762,2.44,115.1503,505219.6998184112,Unknown
2841,Salts Of Oxometallic Or Peroxometallic Acids,2018,Feb,Chile,679469,2.44,115.1503,590071.4110167321,Unknown
2841,Salts Of Oxometallic Or Peroxometallic Acids,2018,Mar,Chile,1168279,2.44,115.1503,1014568.7853179714,Unknown
2841,Salts Of Oxometallic Or Peroxometallic Acids,2018,Apr,Chile,1484869,2.44,115.1503,1289505.1076723204,Unknown
2841,Salts Of Oxometallic Or Peroxometallic Acids,2018,May,Chile,1450146,2.44,115.1503,1259350.6052524396,Unknown
2841,Salts Of Oxometallic Or Peroxometallic Acids,2018,Jun,Chile,1490459,2.44,115.1503,1294359.6325845437,Unknown
2841,Salts Of Oxometallic Or Peroxometallic Acids,2018,Jul,Chile,1184963,2.44,115.1503,1029057.675055992,Unknown
2841,Salts Of Oxometallic Or Peroxometallic Acids,2018,Aug,Chile,433660,2.44,115.1503,376603.44784164696,Unknown
2841,Salts Of Oxometallic Or Peroxometallic Acids,2018,Sep,Chile,1419942,2.44,115.1503,1233120.53898253,Unknown
2841,Salts Of Oxometallic Or Peroxometallic Acids,2018,Oct,Chile,1637969,2.44,115.1503,1422461.7738729296,Unknown
2841,Salts Of Oxometallic Or Peroxometallic Acids,2018,Nov,Chile,1838356,2.44,115.1503,1596483.8997379947,Unknown
2841,Salts Of Oxometallic Or Peroxometallic Acids,2018,Dec,Chile,1771230,2.44,115.1503,1538189.6530013382,Unknown
2841,Salts Of Oxometallic Or Peroxometallic Acids,2019,Jan,Chile,2153425,1.81,117.2345,1836852.63297067,Unknown
2841,Salts Of Oxometallic Or Peroxometallic Acids,2019,Feb,Chile,663418,1.81,117.2345,565889.7338240877,Unknown
2841,Salts Of Oxometallic Or Peroxometallic Acids,2019,Mar,Chile,1979539,1.81,117.2345,1688529.4004751162,Unknown
2841,Salts Of Oxometallic Or Peroxometallic Acids,2019,Apr,Chile,2065879,1.81,117.2345,1762176.663013021,Unknown
2841,Salts Of Oxometallic Or Peroxometallic Acids,2019,May,Chile,1443442,1.81,117.2345,1231243.362662015,Unknown
2841,Salts Of Oxometallic Or Peroxometallic Acids,2019,Jun,Chile,2778490,1.81,117.2345,2370027.594266193,Unknown
2841,Salts Of Oxometallic Or Peroxometallic Acids,2019,Jul,Chile,489961,1.81,117.2345,417932.43456491054,Unknown
2841,Salts Of Oxometallic Or Peroxometallic Acids,2019,Aug,Chile,1178245,1.81,117.2345,1005032.6482392129,Unknown
2841,Salts Of Oxometallic Or Peroxometallic Acids,2019,Sep,Chile,2112364,1.81,117.2345,1801827.9601994294,Unknown
2841,Salts Of Oxometallic Or Peroxometallic Acids,2019,Oct,Chile,1980093,1.81,117.2345,1689001.957614866,Unknown
2841,Salts Of Oxometallic Or Peroxometallic Acids,2019,Nov,Chile,805213,1.81,117.2345,686839.6248544584,Unknown
2841,Salts Of Oxometallic Or Peroxometallic Acids,2019,Dec,Chile,1772927,1.81,117.2345,1512291.1770852436,Unknown
2841,Salts Of Oxometallic Or Peroxometallic Acids,2020,Jan,Chile,262001,1.23,118.6765,220769.0654847421,Unknown
2841,Salts Of Oxometallic Or Peroxometallic Acids,2020,Feb,Chile,844280,1.23,118.6765,711412.958757631,Unknown
2841,Salts Of Oxometallic Or Peroxometallic Acids,2020,Mar,Chile,893760,1.23,118.6765,753106.1330591987,Unknown
2841,Salts Of Oxometallic Or Peroxometallic Acids,2020,Apr,Chile,277273,1.23,118.6765,233637.6620476674,Unknown
2841,Salts Of Oxometallic Or Peroxometallic Acids,2020,Jun,Chile,270295,1.23,118.6765,227757.812203764,Unknown
2841,Salts Of Oxometallic Or Peroxometallic Acids,2020,Sep,Chile,243424,1.23,118.6765,205115.5873319486,Unknown
2841,Salts Of Oxometallic Or Peroxometallic Acids,2020,Dec,Chile,542573,1.23,118.6765,457186.5533614489,Unknown
2841,Salts Of Oxometallic Or Peroxometallic Acids,2021,Jan,Chile,1682704,4.7,124.2543,1354242.0664717439,Unknown
2841,Salts Of Oxometallic Or Peroxometallic Acids,2021,Feb,Chile,1489590,4.7,124.2543,1198823.702680712,Unknown
2841,Salts Of Oxometallic Or Peroxometallic Acids,2021,Mar,Chile,1695584,4.7,124.2543,1364607.9049175764,Unknown
2841,Salts Of Oxometallic Or Peroxometallic Acids,2021,Apr,Chile,2409439,4.7,124.2543,1939119.2095565305,Unknown
2841,Salts Of Oxometallic Or Peroxometallic Acids,2021,May,Chile,998351,4.7,124.2543,803474.0045213727,Unknown
2841,Salts Of Oxometallic Or Peroxometallic Acids,2021,Jun,Chile,1280245,4.7,124.2543,1030342.6118854639,Unknown
2841,Salts Of Oxometallic Or Peroxometallic Acids,2021,Jul,Chile,1139516,4.7,124.2543,917083.7548479207,Unknown
2841,Salts Of Oxometallic Or Peroxometallic Acids,2021,Aug,Chile,2548805,4.7,124.2543,2051281.1226653724,Unknown
2841,Salts Of Oxometallic Or Peroxometallic Acids,2021,Sep,Chile,3658685,4.7,124.2543,2944513.7914744196,Unknown
2841,Salts Of Oxometallic Or Peroxometallic Acids,2021,Oct,Chile,532185,4.7,124.2543,428303.08488317905,Unknown
2841,Salts Of Oxometallic Or Peroxometallic Acids,2021,Nov,Chile,4224783,4.7,124.2543,3400110.0967934313,Unknown
2841,Salts Of Oxometallic Or Peroxometallic Acids,2021,Dec,Chile,1555443,4.7,124.2543,1251822.2709395168,Unknown
2841,Salts Of Oxometallic Or Peroxometallic Acids,2022,Jan,Chile,3275017,8.0,134.1947,2440496.532277355,Unknown
2841,Salts Of Oxometallic Or Peroxometallic Acids,2022,Mar,Chile,3701717,8.0,134.1947,2758467.361229616,Unknown
2841,Salts Of Oxometallic Or Peroxometallic Acids,2022,May,Chile,2401811,8.0,134.1947,1789795.7221857493,Unknown
2841,Salts Of Oxometallic Or Peroxometallic Acids,2022,Jun,Chile,3211674,8.0,134.1947,2393294.221008728,Unknown
2841,Salts Of Oxometallic Or Peroxometallic Acids,2022,Jul,Chile,4963407,8.0,134.1947,3698660.9754334562,Unknown
2841,Salts Of Oxometallic Or Peroxometallic Acids,2022,Aug,Chile,23471,8.0,134.1947,17490.25855715613,Unknown
2841,Salts Of Oxometallic Or Peroxometallic Acids,2022,Sep,Chile,3038912,8.0,134.1947,2264554.412357567,Unknown
2841,Salts Of Oxometallic Or Peroxometallic Acids,2022,Oct,Chile,2364244,8.0,134.1947,1761801.3230030695,Unknown
2841,Salts Of Oxometallic Or Peroxometallic Acids,2022,Dec,Chile,229500,8.0,134.1947,171020.16696635558,Unknown
2841,Salts Of Oxometallic Or Peroxometallic Acids,2023,Jan,Chile,6023481,4.12,139.7235,4311000.654864786,Unknown
2841,Salts Of Oxometallic Or Peroxometallic Acids,2023,Feb,Chile,5358978,4.12,139.7235,3835416.375913858,Unknown
2841,Salts Of Oxometallic Or Peroxometallic Acids,2023,Mar,Chile,2635973,4.12,139.7235,1886563.820688717,Unknown
2841,Salts Of Oxometallic Or Peroxometallic Acids,2023,Apr,Chile,7167628,4.12,139.7235,5129865.770611242,Unknown
2841,Salts Of Oxometallic Or Peroxometallic Acids,2023,May,Chile,3367359,4.12,139.7235,2410016.2105873385,Unknown
2841,Salts Of Oxometallic Or Peroxometallic Acids,2023,Jun,Chile,2313259,4.12,139.7235,1655597.6625263465,Unknown
2841,Salts Of Oxometallic Or Peroxometallic Acids,2023,Jul,Chile,3043347,4.12,139.7235,2178121.074837089,Unknown
2841,Salts Of Oxometallic Or Peroxometallic Acids,2023,Aug,Chile,1451649,4.12,139.7235,1038944.0573704494,Unknown
2841,Salts Of Oxometallic Or Peroxometallic Acids,2023,Sep,Chile,4901291,4.12,139.7235,3507850.146897265,Unknown
2841,Salts Of Oxometallic Or Peroxometallic Acids,2023,Oct,Chile,1964444,4.12,139.7235,1405951.039016343,Unknown
2841,Salts Of Oxometallic Or Peroxometallic Acids,2023,Nov,Chile,2319260,4.12,139.7235,1659892.573547041,Unknown
2841,Salts Of Oxometallic Or Peroxometallic Acids,2023,Dec,Chile,1033494,4.12,139.7235,739670.849928609,Unknown
2841,Salts Of Oxometallic Or Peroxometallic Acids,2024,Jan,Chile,1008211,2.9,143.7755,701239.7800737957,Unknown
2841,Salts Of Oxometallic Or Peroxometallic Acids,2024,Feb,Chile,1110665,2.9,143.7755,772499.487047515,Unknown
2841,Salts Of Oxometallic Or Peroxometallic Acids,2024,Mar,Chile,3331612,2.9,143.7755,2317232.0736147673,Unknown
2841,Salts Of Oxometallic Or Peroxometallic Acids,2024,Apr,Chile,3170131,2.9,143.7755,2204917.3885675934,Unknown
2841,Salts Of Oxometallic Or Peroxometallic Acids,2024,May,Chile,3875900,2.9,143.7755,2695800.0493825446,Unknown
2841,Salts Of Oxometallic Or Peroxometallic Acids,2024,Jun,Chile,3387402,2.9,143.7755,2356035.6249847854,Unknown
2841,Salts Of Oxometallic Or Peroxometallic Acids,2024,Aug,Chile,5397987,2.9,143.7755,3754455.3835667414,Unknown
2841,Salts Of Oxometallic Or Peroxometallic Acids,2024,Sep,Chile,3543930,2.9,143.7755,2464905.355919472,Unknown
2841,Salts Of Oxometallic Or Peroxometallic Acids,2024,Oct,Chile,5677525,2.9,143.7755,3948882.111347205,Unknown
2841,Salts Of Oxometallic Or Peroxometallic Acids,2024,Dec,Chile,544425,2.9,143.7755,378663.26321243885,Unknown
2841,Salts Of Oxometallic Or Peroxometallic Acids,2025,Jan,Chile,1622894,2.8,147.8012,1098024.9145473784,Unknown
2841,Salts Of Oxometallic Or Peroxometallic Acids,2025,Feb,Chile,3833521,2.8,147.8012,2593700.8630511793,Unknown
2841,Salts Of Oxometallic Or Peroxometallic Acids,2025,Mar,Chile,504914,2.8,147.8012,341616.9828120475,Unknown
2841,Salts Of Oxometallic Or Peroxometallic Acids,2025,Apr,Chile,1980039,2.8,147.8012,1339663.6833801079,Unknown
2841,Salts Of Oxometallic Or Peroxometallic Acids,2025,May,Chile,3826505,2.8,147.8012,2588953.9462467153,Unknown
2841,Salts Of Oxometallic Or Peroxometallic Acids,2025,Jun,Chile,1050525,2.8,147.8012,710768.92474486,Unknown
2841,Salts Of Oxometallic Or Peroxometallic Acids,2025,Jul,Chile,1576594,2.8,147.8012,1066699.0525110757,Unknown
2841,Salts Of Oxometallic Or Peroxometallic Acids,2025,Sep,Chile,3301369,2.8,147.8012,2233655.071812678,Unknown
2841,Salts Of Oxometallic Or Peroxometallic Acids,2025,Oct,Chile,614389,2.8,147.8012,415686.07020781975,Unknown
2841,Salts Of Oxometallic Or Peroxometallic Acids,2025,Dec,Chile,940293,2.8,147.8012,636187.6628877168,Unknown
2841,Salts Of Oxometallic Or Peroxometallic Acids,2010,Jan,Colombia,42500,1.64,100.0,42500.0,Unknown
2841,Salts Of Oxometallic Or Peroxometallic Acids,2010,Feb,Colombia,6140,1.64,100.0,6140.0,Unknown
2841,Salts Of Oxometallic Or Peroxometallic Acids,2010,Mar,Colombia,30600,1.64,100.0,30600.0,Unknown
2841,Salts Of Oxometallic Or Peroxometallic Acids,2010,Apr,Colombia,6800,1.64,100.0,6800.0,Unknown
2841,Salts Of Oxometallic Or Peroxometallic Acids,2010,May,Colombia,39270,1.64,100.0,39270.0,Unknown
2841,Salts Of Oxometallic Or Peroxometallic Acids,2010,Jun,Colombia,30600,1.64,100.0,30600.0,Unknown
2841,Salts Of Oxometallic Or Peroxometallic Acids,2010,Jul,Colombia,25515,1.64,100.0,25515.0,Unknown
2841,Salts Of Oxometallic Or Peroxometallic Acids,2010,Aug,Colombia,30310,1.64,100.0,30310.000000000004,Unknown
2841,Salts Of Oxometallic Or Peroxometallic Acids,2010,Sep,Colombia,12750,1.64,100.0,12750.0,Unknown
2841,Salts Of Oxometallic Or Peroxometallic Acids,2010,Oct,Colombia,36550,1.64,100.0,36550.0,Unknown
2841,Salts Of Oxometallic Or Peroxometallic Acids,2010,Nov,Colombia,17000,1.64,100.0,17000.0,Unknown
2841,Salts Of Oxometallic Or Peroxometallic Acids,2011,Jan,Colombia,34000,3.16,103.16,32958.511050794885,Unknown
2841,Salts Of Oxometallic Or Peroxometallic Acids,2011,Feb,Colombia,18000,3.16,103.16,17448.623497479646,Unknown
2841,Salts Of Oxometallic Or Peroxometallic Acids,2011,May,Colombia,5100,3.16,103.16,4943.7766576192325,Unknown
2841,Salts Of Oxometallic Or Peroxometallic Acids,2011,Jun,Colombia,19200,3.16,103.16,18611.865063978286,Unknown
2841,Salts Of Oxometallic Or Peroxometallic Acids,2011,Aug,Colombia,14850,3.16,103.16,14395.114385420706,Unknown
2841,Salts Of Oxometallic Or Peroxometallic Acids,2011,Sep,Colombia,52730,3.16,103.16,51114.773167894535,Unknown
2841,Salts Of Oxometallic Or Peroxometallic Acids,2011,Oct,Colombia,7360,3.16,103.16,7134.548274525009,Unknown
2841,Salts Of Oxometallic Or Peroxometallic Acids,2011,Nov,Colombia,58130,3.16,103.16,56349.36021713843,Unknown
2841,Salts Of Oxometallic Or Peroxometallic Acids,2012,Jan,Colombia,39850,2.07,105.2954,37845.90779844134,Unknown
2841,Salts Of Oxometallic Or Peroxometallic Acids,2012,Feb,Colombia,27160,2.07,105.2954,25794.0992673944,Unknown
2841,Salts Of Oxometallic Or Peroxometallic Acids,2012,Mar,Colombia,23870,2.07,105.2954,22669.556314900747,Unknown
2841,Salts Of Oxometallic Or Peroxometallic Acids,2012,Apr,Colombia,8140,2.07,105.2954,7730.632107385507,Unknown
2841,Salts Of Oxometallic Or Peroxometallic Acids,2012,May,Colombia,23670,2.07,105.2954,22479.614494080462,Unknown
2841,Salts Of Oxometallic Or Peroxometallic Acids,2012,Jun,Colombia,62540,2.07,105.2954,59394.807370502414,Unknown
2841,Salts Of Oxometallic Or Peroxometallic Acids,2012,Jul,Colombia,19800,2.07,105.2954,18804.24026120799,Unknown
2841,Salts Of Oxometallic Or Peroxometallic Acids,2012,Aug,Colombia,33980,2.07,105.2954,32271.11535736604,Unknown
2841,Salts Of Oxometallic Or Peroxometallic Acids,2012,Sep,Colombia,87462,2.07,105.2954,83063.45766291785,Unknown
2841,Salts Of Oxometallic Or Peroxometallic Acids,2012,Oct,Colombia,14610,2.07,105.2954,13875.250010921656,Unknown
2841,Salts Of Oxometallic Or Peroxometallic Acids,2012,Nov,Colombia,19800,2.07,105.2954,18804.24026120799,Unknown
2841,Salts Of Oxometallic Or Peroxometallic Acids,2012,Dec,Colombia,36560,2.07,105.2954,34721.36484594769,Unknown
2841,Salts Of Oxometallic Or Peroxometallic Acids,2013,Feb,Colombia,31700,1.46,106.8327,29672.562801464344,Unknown
2841,Salts Of Oxometallic Or Peroxometallic Acids,2013,Apr,Colombia,28820,1.46,106.8327,26976.75898858683,Unknown
2841,Salts Of Oxometallic Or Peroxometallic Acids,2013,May,Colombia,63550,1.46,106.8327,59485.532051516064,Unknown
2841,Salts Of Oxometallic Or Peroxometallic Acids,2013,Jun,Colombia,25895,1.46,106.8327,24238.8332411331,Unknown
2841,Salts Of Oxometallic Or Peroxometallic Acids,2013,Jul,Colombia,19600,1.46,106.8327,18346.442615416443,Unknown
2841,Salts Of Oxometallic Or Peroxometallic Acids,2013,Aug,Colombia,14850,1.46,106.8327,13900.238410149701,Unknown
2841,Salts Of Oxometallic Or Peroxometallic Acids,2013,Sep,Colombia,4750,1.46,106.8327,4446.204205266739,Unknown
2841,Salts Of Oxometallic Or Peroxometallic Acids,2013,Oct,Colombia,24350,1.46,106.8327,22792.64682068318,Unknown
2841,Salts Of Oxometallic Or Peroxometallic Acids,2013,Nov,Colombia,23870,1.46,106.8327,22343.346185203594,Unknown
2841,Salts Of Oxometallic Or Peroxometallic Acids,2013,Dec,Colombia,24750,1.46,106.8327,23167.064016916167,Unknown
2841,Salts Of Oxometallic Or Peroxometallic Acids,2014,Jan,Colombia,27350,1.62,108.5634,25192.652404033033,Unknown
2841,Salts Of Oxometallic Or Peroxometallic Acids,2014,Feb,Colombia,16280,1.62,108.5634,14995.845745435387,Unknown
2841,Salts Of Oxometallic Or Peroxometallic Acids,2014,Mar,Colombia,51900,1.62,108.5634,47806.16671917055,Unknown
2841,Salts Of Oxometallic Or Peroxometallic Acids,2014,Apr,Colombia,18040,1.62,108.5634,16617.018258455428,Unknown
2841,Salts Of Oxometallic Or Peroxometallic Acids,2014,May,Colombia,22400,1.62,108.5634,20633.104711164167,Unknown
2841,Salts Of Oxometallic Or Peroxometallic Acids,2014,Jun,Colombia,50050,1.62,108.5634,46102.09333900744,Unknown
2841,Salts Of Oxometallic Or Peroxometallic Acids,2014,Aug,Colombia,28620,1.62,108.5634,26362.47575149636,Unknown
2841,Salts Of Oxometallic Or Peroxometallic Acids,2014,Sep,Colombia,40440,1.62,108.5634,37250.122969619595,Unknown
2841,Salts Of Oxometallic Or Peroxometallic Acids,2014,Oct,Colombia,161510,1.62,108.5634,148770.21169196986,Unknown
2841,Salts Of Oxometallic Or Peroxometallic Acids,2014,Dec,Colombia,13340,1.62,108.5634,12287.75075209509,Unknown
2841,Salts Of Oxometallic Or Peroxometallic Acids,2015,Jan,Colombia,26460,0.12,108.6937,24343.637211724323,Unknown
2841,Salts Of Oxometallic Or Peroxometallic Acids,2015,Feb,Colombia,12890,0.12,108.6937,11859.01298787326,Unknown
2841,Salts Of Oxometallic Or Peroxometallic Acids,2015,Mar,Colombia,3680,0.12,108.6937,3385.660806468084,Unknown
2841,Salts Of Oxometallic Or Peroxometallic Acids,2015,Apr,Colombia,14720,0.12,108.6937,13542.643225872336,Unknown
2841,Salts Of Oxometallic Or Peroxometallic Acids,2015,May,Colombia,22080,0.12,108.6937,20313.964838808504,Unknown
2841,Salts Of Oxometallic Or Peroxometallic Acids,2015,Jul,Colombia,11040,0.12,108.6937,10156.982419404252,Unknown
2841,Salts Of Oxometallic Or Peroxometallic Acids,2015,Aug,Colombia,7360,0.12,108.6937,6771.321612936168,Unknown
2841,Salts Of Oxometallic Or Peroxometallic Acids,2015,Oct,Colombia,9840,0.12,108.6937,9052.962591208137,Unknown
2841,Salts Of Oxometallic Or Peroxometallic Acids,2015,Nov,Colombia,7360,0.12,108.6937,6771.321612936168,Unknown
2841,Salts Of Oxometallic Or Peroxometallic Acids,2015,Dec,Colombia,11040,0.12,108.6937,10156.982419404252,Unknown
2841,Salts Of Oxometallic Or Peroxometallic Acids,2016,Jan,Colombia,23080,1.26,110.0632,20969.77009572682,Unknown
2841,Salts Of Oxometallic Or Peroxometallic Acids,2016,Feb,Colombia,15690,1.26,110.0632,14255.445961956402,Unknown
2841,Salts Of Oxometallic Or Peroxometallic Acids,2016,Mar,Colombia,11240,1.26,110.0632,10212.31437937476,Unknown
2841,Salts Of Oxometallic Or Peroxometallic Acids,2016,Oct,Colombia,11954,1.26,110.0632,10861.032570377747,Unknown
2841,Salts Of Oxometallic Or Peroxometallic Acids,2016,Dec,Colombia,10372,1.26,110.0632,9423.676578547598,Unknown
2841,Salts Of Oxometallic Or Peroxometallic Acids,2017,Jan,Colombia,6996,2.13,112.4076,6223.778463377921,Unknown
2841,Salts Of Oxometallic Or Peroxometallic Acids,2017,Feb,Colombia,3414,2.13,112.4076,3037.161188389397,Unknown
2841,Salts Of Oxometallic Or Peroxometallic Acids,2017,May,Colombia,2001,2.13,112.4076,1780.1287457431706,Unknown
2841,Salts Of Oxometallic Or Peroxometallic Acids,2017,Jun,Colombia,21760,2.13,112.4076,19358.121692839275,Unknown
2841,Salts Of Oxometallic Or Peroxometallic Acids,2017,Jul,Colombia,3640,2.13,112.4076,3238.215209647746,Unknown
2841,Salts Of Oxometallic Or Peroxometallic Acids,2017,Aug,Colombia,4061,2.13,112.4076,3612.7450457086534,Unknown
2841,Salts Of Oxometallic Or Peroxometallic Acids,2017,Oct,Colombia,16676,2.13,112.4076,14835.29583408951,Unknown
2841,Salts Of Oxometallic Or Peroxometallic Acids,2017,Dec,Colombia,21950,2.13,112.4076,19527.149409826383,Unknown
2841,Salts Of Oxometallic Or Peroxometallic Acids,2018,Feb,Colombia,18858,2.44,115.1503,16376.857029464969,Unknown
2841,Salts Of Oxometallic Or Peroxometallic Acids,2018,Mar,Colombia,4738,2.44,115.1503,4114.622367462352,Unknown
2841,Salts Of Oxometallic Or Peroxometallic Acids,2018,May,Colombia,3894,2.44,115.1503,3381.6672644361324,Unknown
2841,Salts Of Oxometallic Or Peroxometallic Acids,2018,Jun,Colombia,16166,2.44,115.1503,14039.042885689398,Unknown
2841,Salts Of Oxometallic Or Peroxometallic Acids,2018,Jul,Colombia,7215,2.44,115.1503,6265.724014613944,Unknown
2841,Salts Of Oxometallic Or Peroxometallic Acids,2018,Sep,Colombia,7415,2.44,115.1503,6439.410057985086,Unknown
2841,Salts Of Oxometallic Or Peroxometallic Acids,2018,Oct,Colombia,25573,2.44,115.1503,22208.365935651058,Unknown
2841,Salts Of Oxometallic Or Peroxometallic Acids,2018,Dec,Colombia,14105,2.44,115.1503,12249.208208749782,Unknown
2841,Salts Of Oxometallic Or Peroxometallic Acids,2019,Feb,Colombia,28436,1.81,117.2345,24255.658530552013,Unknown
2841,Salts Of Oxometallic Or Peroxometallic Acids,2019,Mar,Colombia,3969,1.81,117.2345,3385.5221799043798,Unknown
2841,Salts Of Oxometallic Or Peroxometallic Acids,2019,Apr,Colombia,7343,1.81,117.2345,6263.514579752547,Unknown
2841,Salts Of Oxometallic Or Peroxometallic Acids,2019,May,Colombia,14850,1.81,117.2345,12666.919720730672,Unknown
2841,Salts Of Oxometallic Or Peroxometallic Acids,2019,Jun,Colombia,9620,1.81,117.2345,8205.775603597916,Unknown
2841,Salts Of Oxometallic Or Peroxometallic Acids,2019,Jul,Colombia,10156,1.81,117.2345,8662.978901262,Unknown
2841,Salts Of Oxometallic Or Peroxometallic Acids,2019,Sep,Colombia,17757,1.81,117.2345,15146.565217576739,Unknown
2841,Salts Of Oxometallic Or Peroxometallic Acids,2019,Oct,Colombia,7825,1.81,117.2345,6674.656351159429,Unknown
2841,Salts Of Oxometallic Or Peroxometallic Acids,2019,Nov,Colombia,4954,1.81,117.2345,4225.718538484832,Unknown
2841,Salts Of Oxometallic Or Peroxometallic Acids,2019,Dec,Colombia,3529,1.81,117.2345,3010.2060400308783,Unknown
2841,Salts Of Oxometallic Or Peroxometallic Acids,2020,Feb,Colombia,3546,1.23,118.6765,2987.954649825366,Unknown
2841,Salts Of Oxometallic Or Peroxometallic Acids,2020,Mar,Colombia,25166,1.23,118.6765,21205.5461696292,Unknown
2841,Salts Of Oxometallic Or Peroxometallic Acids,2020,Jul,Colombia,46755,1.23,118.6765,39397.0162584842,Unknown
2841,Salts Of Oxometallic Or Peroxometallic Acids,2020,Sep,Colombia,11501,1.23,118.6765,9691.050882019606,Unknown
2841,Salts Of Oxometallic Or Peroxometallic Acids,2020,Oct,Colombia,3547,1.23,118.6765,2988.797276630167,Unknown
2841,Salts Of Oxometallic Or Peroxometallic Acids,2020,Nov,Colombia,2080,1.23,118.6765,1752.6637539866779,Unknown
2841,Salts Of Oxometallic Or Peroxometallic Acids,2021,Jan,Colombia,2600,4.7,124.2543,2092.482916084192,Unknown
2841,Salts Of Oxometallic Or Peroxometallic Acids,2021,Feb,Colombia,3477,4.7,124.2543,2798.293499701821,Unknown
2841,Salts Of Oxometallic Or Peroxometallic Acids,2021,Apr,Colombia,15209,4.7,124.2543,12240.22025797095,Unknown
2841,Salts Of Oxometallic Or Peroxometallic Acids,2021,Jul,Colombia,2750,4.7,124.2543,2213.2030843198186,Unknown
2841,Salts Of Oxometallic Or Peroxometallic Acids,2021,Aug,Colombia,17520,4.7,124.2543,14100.11564992117,Unknown
2841,Salts Of Oxometallic Or Peroxometallic Acids,2021,Sep,Colombia,21350,4.7,124.2543,17182.5039455375,Unknown
2841,Salts Of Oxometallic Or Peroxometallic Acids,2021,Oct,Colombia,2750,4.7,124.2543,2213.2030843198186,Unknown
2841,Salts Of Oxometallic Or Peroxometallic Acids,2021,Nov,Colombia,34433,4.7,124.2543,27711.717019048836,Unknown
2841,Salts Of Oxometallic Or Peroxometallic Acids,2021,Dec,Colombia,8803,4.7,124.2543,7084.664273188132,Unknown
2841,Salts Of Oxometallic Or Peroxometallic Acids,2022,Feb,Colombia,64050,8.0,134.1947,47729.15770891101,Unknown
2841,Salts Of Oxometallic Or Peroxometallic Acids,2022,Mar,Colombia,10013,8.0,134.1947,7461.546543939514,Unknown
2841,Salts Of Oxometallic Or Peroxometallic Acids,2022,Apr,Colombia,6435,8.0,134.1947,4795.271348272323,Unknown
2841,Salts Of Oxometallic Or Peroxometallic Acids,2022,Jun,Colombia,31704,8.0,134.1947,23625.374176476416,Unknown
2841,Salts Of Oxometallic Or Peroxometallic Acids,2022,Aug,Colombia,8749,8.0,134.1947,6519.6315502773205,Unknown
2841,Salts Of Oxometallic Or Peroxometallic Acids,2022,Sep,Colombia,14629,8.0,134.1947,10901.324716997018,Unknown
2841,Salts Of Oxometallic Or Peroxometallic Acids,2022,Oct,Colombia,53589,8.0,134.1947,39933.76787607856,Unknown
2841,Salts Of Oxometallic Or Peroxometallic Acids,2023,Feb,Colombia,25956,4.12,139.7235,18576.688960697375,Unknown
2841,Salts Of Oxometallic Or Peroxometallic Acids,2023,Jun,Colombia,7000,4.12,139.7235,5009.894541719897,Unknown
2841,Salts Of Oxometallic Or Peroxometallic Acids,2023,Jul,Colombia,7925,4.12,139.7235,5671.916320447169,Unknown
2841,Salts Of Oxometallic Or Peroxometallic Acids,2023,Aug,Colombia,12333,4.12,139.7235,8826.718483290211,Unknown
2841,Salts Of Oxometallic Or Peroxometallic Acids,2023,Sep,Colombia,13649,4.12,139.7235,9768.578657133552,Unknown
2841,Salts Of Oxometallic Or Peroxometallic Acids,2023,Oct,Colombia,4592,4.12,139.7235,3286.4908193682522,Unknown
2841,Salts Of Oxometallic Or Peroxometallic Acids,2023,Nov,Colombia,15980,4.12,139.7235,11436.87353952628,Unknown
2841,Salts Of Oxometallic Or Peroxometallic Acids,2023,Dec,Colombia,3500,4.12,139.7235,2504.9472708599483,Unknown
2841,Salts Of Oxometallic Or Peroxometallic Acids,2024,Jan,Colombia,3500,2.9,143.7755,2434.350776036251,Unknown
2841,Salts Of Oxometallic Or Peroxometallic Acids,2024,Feb,Colombia,4900,2.9,143.7755,3408.0910864507514,Unknown
2841,Salts Of Oxometallic Or Peroxometallic Acids,2024,Mar,Colombia,11079,2.9,143.7755,7705.763499344465,Unknown
2841,Salts Of Oxometallic Or Peroxometallic Acids,2024,Jun,Colombia,7828,2.9,143.7755,5444.599392803364,Unknown
2841,Salts Of Oxometallic Or Peroxometallic Acids,2024,Aug,Colombia,23180,2.9,143.7755,16122.357425291515,Unknown
2841,Salts Of Oxometallic Or Peroxometallic Acids,2024,Sep,Colombia,14702,2.9,143.7755,10225.66431693856,Unknown
2841,Salts Of Oxometallic Or Peroxometallic Acids,2024,Nov,Colombia,11006,2.9,143.7755,7654.989897444279,Unknown
2841,Salts Of Oxometallic Or Peroxometallic Acids,2025,Feb,Colombia,29659,2.8,147.8012,20066.81948455087,Unknown
2841,Salts Of Oxometallic Or Peroxometallic Acids,2025,Apr,Colombia,5726,2.8,147.8012,3874.1228082045345,Unknown
2841,Salts Of Oxometallic Or Peroxometallic Acids,2025,Aug,Colombia,15425,2.8,147.8012,10436.315807990733,Unknown
7106,"Silver (incl Prec Plated), Unwr, Semimfr Or Powder",2010,Feb,Argentina,4272594,1.64,100.0,4272594.0,Unknown
7106,"Silver (incl Prec Plated), Unwr, Semimfr Or Powder",2010,Apr,Argentina,5438324,1.64,100.0,5438324.0,Unknown
7106,"Silver (incl Prec Plated), Unwr, Semimfr Or Powder",2010,Jun,Argentina,3680969,1.64,100.0,3680969.0,Unknown
7106,"Silver (incl Prec Plated), Unwr, Semimfr Or Powder",2010,Jul,Argentina,4213030,1.64,100.0,4213030.0,Unknown
7106,"Silver (incl Prec Plated), Unwr, Semimfr Or Powder",2010,Aug,Argentina,8740324,1.64,100.0,8740324.0,Unknown
7106,"Silver (incl Prec Plated), Unwr, Semimfr Or Powder",2010,Sep,Argentina,14524498,1.64,100.0,14524498.000000002,Unknown
7106,"Silver (incl Prec Plated), Unwr, Semimfr Or Powder",2010,Oct,Argentina,5161402,1.64,100.0,5161402.0,Unknown
7106,"Silver (incl Prec Plated), Unwr, Semimfr Or Powder",2010,Dec,Argentina,8664974,1.64,100.0,8664974.0,Unknown
7106,"Silver (incl Prec Plated), Unwr, Semimfr Or Powder",2011,Feb,Argentina,26961447,3.16,103.16,26135563.20279178,Unknown
7106,"Silver (incl Prec Plated), Unwr, Semimfr Or Powder",2011,Mar,Argentina,9499915,3.16,103.16,9208913.338503297,Unknown
7106,"Silver (incl Prec Plated), Unwr, Semimfr Or Powder",2011,Apr,Argentina,7285352,3.16,103.16,7062186.8941450175,Unknown
7106,"Silver (incl Prec Plated), Unwr, Semimfr Or Powder",2011,Jun,Argentina,7101588,3.16,103.16,6884051.958123304,Unknown
7106,"Silver (incl Prec Plated), Unwr, Semimfr Or Powder",2011,Jul,Argentina,8764954,3.16,103.16,8496465.684373789,Unknown
7106,"Silver (incl Prec Plated), Unwr, Semimfr Or Powder",2011,Aug,Argentina,19824350,3.16,103.16,19217089.95734781,Unknown
7106,"Silver (incl Prec Plated), Unwr, Semimfr Or Powder",2011,Sep,Argentina,11703878,3.16,103.16,11345364.482357502,Unknown
7106,"Silver (incl Prec Plated), Unwr, Semimfr Or Powder",2011,Oct,Argentina,11583186,3.16,103.16,11228369.523070958,Unknown
7106,"Silver (incl Prec Plated), Unwr, Semimfr Or Powder",2011,Nov,Argentina,19806708,3.16,103.16,19199988.367584337,Unknown
7106,"Silver (incl Prec Plated), Unwr, Semimfr Or Powder",2011,Dec,Argentina,16658411,3.16,103.16,16148130.089181853,Unknown
7106,"Silver (incl Prec Plated), Unwr, Semimfr Or Powder",2012,Jan,Argentina,8173161,2.07,105.2954,7762125.410986614,Unknown
7106,"Silver (incl Prec Plated), Unwr, Semimfr Or Powder",2012,Feb,Argentina,834190,2.07,105.2954,792237.8375503583,Unknown
7106,"Silver (incl Prec Plated), Unwr, Semimfr Or Powder",2012,Mar,Argentina,11122768,2.07,105.2954,10563394.032407874,Unknown
7106,"Silver (incl Prec Plated), Unwr, Semimfr Or Powder",2012,Apr,Argentina,1952293,2.07,105.2954,1854110.4359734615,Unknown
7106,"Silver (incl Prec Plated), Unwr, Semimfr Or Powder",2012,May,Argentina,849411,2.07,105.2954,806693.359823886,Unknown
7106,"Silver (incl Prec Plated), Unwr, Semimfr Or Powder",2012,Jun,Argentina,5865442,2.07,105.2954,5570463.666978804,Unknown
7106,"Silver (incl Prec Plated), Unwr, Semimfr Or Powder",2012,Jul,Argentina,8326867,2.07,105.2954,7908101.398541627,Unknown
7106,"Silver (incl Prec Plated), Unwr, Semimfr Or Powder",2012,Sep,Argentina,7940236,2.07,105.2954,7540914.417913794,Unknown
7106,"Silver (incl Prec Plated), Unwr, Semimfr Or Powder",2012,Oct,Argentina,1008795,2.07,105.2954,958061.7956719856,Unknown
7106,"Silver (incl Prec Plated), Unwr, Semimfr Or Powder",2012,Nov,Argentina,7662742,2.07,105.2954,7277375.839780276,Unknown
7106,"Silver (incl Prec Plated), Unwr, Semimfr Or Powder",2012,Dec,Argentina,1001979,2.07,105.2954,951588.5784184304,Unknown
7106,"Silver (incl Prec Plated), Unwr, Semimfr Or Powder",2013,Jan,Argentina,274698,1.46,106.8327,257129.13742702376,Unknown
7106,"Silver (incl Prec Plated), Unwr, Semimfr Or Powder",2013,Mar,Argentina,1060352,1.46,106.8327,992535.0571501047,Unknown
7106,"Silver (incl Prec Plated), Unwr, Semimfr Or Powder",2013,May,Argentina,363737,1.46,106.8327,340473.4692654964,Unknown
7106,"Silver (incl Prec Plated), Unwr, Semimfr Or Powder",2013,Jun,Argentina,337865,1.46,106.8327,316256.1650131467,Unknown
7106,"Silver (incl Prec Plated), Unwr, Semimfr Or Powder",2013,Jul,Argentina,5167403,1.46,106.8327,4836911.357664835,Unknown
7106,"Silver (incl Prec Plated), Unwr, Semimfr Or Powder",2013,Aug,Argentina,295592,1.46,106.8327,276686.8196722539,Unknown
7106,"Silver (incl Prec Plated), Unwr, Semimfr Or Powder",2013,Oct,Argentina,5772180,1.46,106.8327,5403008.62938033,Unknown
7106,"Silver (incl Prec Plated), Unwr, Semimfr Or Powder",2013,Nov,Argentina,2440137,1.46,106.8327,2284073.13491094,Unknown
7106,"Silver (incl Prec Plated), Unwr, Semimfr Or Powder",2013,Dec,Argentina,174610,1.46,106.8327,163442.46658560535,Unknown
7106,"Silver (incl Prec Plated), Unwr, Semimfr Or Powder",2014,Jan,Argentina,3861123,1.62,108.5634,3556560.498289479,Unknown
7106,"Silver (incl Prec Plated), Unwr, Semimfr Or Powder",2014,Feb,Argentina,1113178,1.62,108.5634,1025371.3498287636,Unknown
7106,"Silver (incl Prec Plated), Unwr, Semimfr Or Powder",2014,Mar,Argentina,2636707,1.62,108.5634,2428725.518913372,Unknown
7106,"Silver (incl Prec Plated), Unwr, Semimfr Or Powder",2014,Apr,Argentina,4036527,1.62,108.5634,3718128.761626846,Unknown
7106,"Silver (incl Prec Plated), Unwr, Semimfr Or Powder",2014,May,Argentina,6456032,1.62,108.5634,5946785.012260118,Unknown
7106,"Silver (incl Prec Plated), Unwr, Semimfr Or Powder",2014,Jun,Argentina,4223889,1.62,108.5634,3890711.78684529,Unknown
7106,"Silver (incl Prec Plated), Unwr, Semimfr Or Powder",2014,Jul,Argentina,193387,1.62,108.5634,178132.77771329932,Unknown
7106,"Silver (incl Prec Plated), Unwr, Semimfr Or Powder",2014,Aug,Argentina,5741467,1.62,108.5634,5288584.3663702505,Unknown
7106,"Silver (incl Prec Plated), Unwr, Semimfr Or Powder",2014,Sep,Argentina,2074512,1.62,108.5634,1910876.0410967232,Unknown
7106,"Silver (incl Prec Plated), Unwr, Semimfr Or Powder",2014,Oct,Argentina,9290280,1.62,108.5634,8557469.644465813,Unknown
7106,"Silver (incl Prec Plated), Unwr, Semimfr Or Powder",2014,Nov,Argentina,6115270,1.62,108.5634,5632902.064600039,Unknown
7106,"Silver (incl Prec Plated), Unwr, Semimfr Or Powder",2014,Dec,Argentina,10838209,1.62,108.5634,9983299.159753656,Unknown
7106,"Silver (incl Prec Plated), Unwr, Semimfr Or Powder",2015,Jan,Argentina,8264560,0.12,108.6937,7603531.759430398,Unknown
7106,"Silver (incl Prec Plated), Unwr, Semimfr Or Powder",2015,Feb,Argentina,13436280,0.12,108.6937,12361599.614329074,Unknown
7106,"Silver (incl Prec Plated), Unwr, Semimfr Or Powder",2015,Mar,Argentina,8038084,0.12,108.6937,7395170.097254946,Unknown
7106,"Silver (incl Prec Plated), Unwr, Semimfr Or Powder",2015,Apr,Argentina,11093708,0.12,108.6937,10206394.666848216,Unknown
7106,"Silver (incl Prec Plated), Unwr, Semimfr Or Powder",2015,May,Argentina,12121273,0.12,108.6937,11151771.445815166,Unknown
7106,"Silver (incl Prec Plated), Unwr, Semimfr Or Powder",2015,Jun,Argentina,5121516,0.12,108.6937,4711879.345353043,Unknown
7106,"Silver (incl Prec Plated), Unwr, Semimfr Or Powder",2015,Jul,Argentina,12867805,0.12,108.6937,11838593.221134251,Unknown
7106,"Silver (incl Prec Plated), Unwr, Semimfr Or Powder",2015,Aug,Argentina,11613503,0.12,108.6937,10684614.655679215,Unknown
7106,"Silver (incl Prec Plated), Unwr, Semimfr Or Powder",2015,Sep,Argentina,12727101,0.12,108.6937,11709143.216212163,Unknown
7106,"Silver (incl Prec Plated), Unwr, Semimfr Or Powder",2015,Oct,Argentina,3960802,0.12,108.6937,3644003.2862990214,Unknown
7106,"Silver (incl Prec Plated), Unwr, Semimfr Or Powder",2015,Nov,Argentina,6113135,0.12,108.6937,5624185.210366378,Unknown
7106,"Silver (incl Prec Plated), Unwr, Semimfr Or Powder",2015,Dec,Argentina,4415398,0.12,108.6937,4062239.1178145553,Unknown
7106,"Silver (incl Prec Plated), Unwr, Semimfr Or Powder",2016,Feb,Argentina,6070663,1.26,110.0632,5515615.573597714,Unknown
7106,"Silver (incl Prec Plated), Unwr, Semimfr Or Powder",2016,Apr,Argentina,4926575,1.26,110.0632,4476132.803698239,Unknown
7106,"Silver (incl Prec Plated), Unwr, Semimfr Or Powder",2016,May,Argentina,4129805,1.26,110.0632,3752212.365259233,Unknown
7106,"Silver (incl Prec Plated), Unwr, Semimfr Or Powder",2016,Jun,Argentina,4671677,1.26,110.0632,4244540.409510172,Unknown
7106,"Silver (incl Prec Plated), Unwr, Semimfr Or Powder",2016,Jul,Argentina,16334226,1.26,110.0632,14840769.666882303,Unknown
7106,"Silver (incl Prec Plated), Unwr, Semimfr Or Powder",2016,Aug,Argentina,9606984,1.26,110.0632,8728606.836799221,Unknown
7106,"Silver (incl Prec Plated), Unwr, Semimfr Or Powder",2016,Sep,Argentina,6007505,1.26,110.0632,5458232.179329694,Unknown
7106,"Silver (incl Prec Plated), Unwr, Semimfr Or Powder",2016,Oct,Argentina,11863398,1.26,110.0632,10778714.411356384,Unknown
7106,"Silver (incl Prec Plated), Unwr, Semimfr Or Powder",2016,Nov,Argentina,534572,1.26,110.0632,485695.4913177156,Unknown
7106,"Silver (incl Prec Plated), Unwr, Semimfr Or Powder",2016,Dec,Argentina,20060257,1.26,110.0632,18226125.535147082,Unknown
7106,"Silver (incl Prec Plated), Unwr, Semimfr Or Powder",2017,Jan,Argentina,4735238,2.13,112.4076,4212560.3606873555,Unknown
7106,"Silver (incl Prec Plated), Unwr, Semimfr Or Powder",2017,Feb,Argentina,13456279,2.13,112.4076,11970969.044797683,Unknown
7106,"Silver (incl Prec Plated), Unwr, Semimfr Or Powder",2017,Mar,Argentina,5891711,2.13,112.4076,5241381.365672783,Unknown
7106,"Silver (incl Prec Plated), Unwr, Semimfr Or Powder",2017,Apr,Argentina,10823575,2.13,112.4076,9628864.06257228,Unknown
7106,"Silver (incl Prec Plated), Unwr, Semimfr Or Powder",2017,May,Argentina,8249728,2.13,112.4076,7339119.418971671,Unknown
7106,"Silver (incl Prec Plated), Unwr, Semimfr Or Powder",2017,Jun,Argentina,10785652,2.13,112.4076,9595127.019881219,Unknown
7106,"Silver (incl Prec Plated), Unwr, Semimfr Or Powder",2017,Jul,Argentina,2770323,2.13,112.4076,2464533.536878289,Unknown
7106,"Silver (incl Prec Plated), Unwr, Semimfr Or Powder",2017,Aug,Argentina,8845547,2.13,112.4076,7869171.657432415,Unknown
7106,"Silver (incl Prec Plated), Unwr, Semimfr Or Powder",2017,Sep,Argentina,9138043,2.13,112.4076,8129381.821158,Unknown
7106,"Silver (incl Prec Plated), Unwr, Semimfr Or Powder",2017,Oct,Argentina,9204741,2.13,112.4076,8188717.666776979,Unknown
7106,"Silver (incl Prec Plated), Unwr, Semimfr Or Powder",2017,Nov,Argentina,7582661,2.13,112.4076,6745683.565879887,Unknown
7106,"Silver (incl Prec Plated), Unwr, Semimfr Or Powder",2017,Dec,Argentina,12101557,2.13,112.4076,10765781.851049216,Unknown
7106,"Silver (incl Prec Plated), Unwr, Semimfr Or Powder",2018,Jan,Argentina,7300144,2.44,115.1503,6339665.6369979065,Unknown
7106,"Silver (incl Prec Plated), Unwr, Semimfr Or Powder",2018,Feb,Argentina,11470168,2.44,115.1503,9961040.48361142,Unknown
7106,"Silver (incl Prec Plated), Unwr, Semimfr Or Powder",2018,Mar,Argentina,16103745,2.44,115.1503,13984978.762539046,Unknown
7106,"Silver (incl Prec Plated), Unwr, Semimfr Or Powder",2018,Apr,Argentina,10688389,2.44,115.1503,9282119.97710818,Unknown
7106,"Silver (incl Prec Plated), Unwr, Semimfr Or Powder",2018,May,Argentina,13966929,2.44,115.1503,12129303.180278296,Unknown
7106,"Silver (incl Prec Plated), Unwr, Semimfr Or Powder",2018,Jun,Argentina,10022188,2.44,115.1503,8703570.898208689,Unknown
7106,"Silver (incl Prec Plated), Unwr, Semimfr Or Powder",2018,Jul,Argentina,3460526,2.44,115.1503,3005225.3446148206,Unknown
7106,"Silver (incl Prec Plated), Unwr, Semimfr Or Powder",2018,Aug,Argentina,6758582,2.44,115.1503,5869356.831897095,Unknown
7106,"Silver (incl Prec Plated), Unwr, Semimfr Or Powder",2018,Oct,Argentina,23981612,2.44,115.1503,20826356.509709485,Unknown
7106,"Silver (incl Prec Plated), Unwr, Semimfr Or Powder",2018,Nov,Argentina,26684727,2.44,115.1503,23173823.255345404,Unknown
7106,"Silver (incl Prec Plated), Unwr, Semimfr Or Powder",2018,Dec,Argentina,22593133,2.44,115.1503,19620559.390639886,Unknown
7106,"Silver (incl Prec Plated), Unwr, Semimfr Or Powder",2019,Jan,Argentina,16224963,1.81,117.2345,13839751.097159967,Unknown
7106,"Silver (incl Prec Plated), Unwr, Semimfr Or Powder",2019,Feb,Argentina,15645902,1.81,117.2345,13345817.144270672,Unknown
7106,"Silver (incl Prec Plated), Unwr, Semimfr Or Powder",2019,Mar,Argentina,15503909,1.81,117.2345,13224698.360977357,Unknown
7106,"Silver (incl Prec Plated), Unwr, Semimfr Or Powder",2019,Apr,Argentina,10762881,1.81,117.2345,9180643.070086025,Unknown
7106,"Silver (incl Prec Plated), Unwr, Semimfr Or Powder",2019,May,Argentina,14487076,1.81,117.2345,12357348.732668284,Unknown
7106,"Silver (incl Prec Plated), Unwr, Semimfr Or Powder",2019,Jun,Argentina,8103426,1.81,117.2345,6912151.286524017,Unknown
7106,"Silver (incl Prec Plated), Unwr, Semimfr Or Powder",2019,Jul,Argentina,5785920,1.81,117.2345,4935339.000038385,Unknown
7106,"Silver (incl Prec Plated), Unwr, Semimfr Or Powder",2019,Aug,Argentina,12242120,1.81,117.2345,10442420.95970043,Unknown
7106,"Silver (incl Prec Plated), Unwr, Semimfr Or Powder",2019,Sep,Argentina,5626148,1.81,117.2345,4799054.8857205,Unknown
7106,"Silver (incl Prec Plated), Unwr, Semimfr Or Powder",2019,Oct,Argentina,9509046,1.81,117.2345,8111132.814998997,Unknown
7106,"Silver (incl Prec Plated), Unwr, Semimfr Or Powder",2019,Nov,Argentina,9306351,1.81,117.2345,7938235.758245227,Unknown
7106,"Silver (incl Prec Plated), Unwr, Semimfr Or Powder",2019,Dec,Argentina,11467562,1.81,117.2345,9781729.780909203,Unknown
7106,"Silver (incl Prec Plated), Unwr, Semimfr Or Powder",2020,Jan,Argentina,8284336,1.23,118.6765,6980603.573580278,Unknown
7106,"Silver (incl Prec Plated), Unwr, Semimfr Or Powder",2020,Feb,Argentina,17551592,1.23,118.6765,14789441.886135839,Unknown
7106,"Silver (incl Prec Plated), Unwr, Semimfr Or Powder",2020,Mar,Argentina,4815124,1.23,118.6765,4057352.5508419946,Unknown
7106,"Silver (incl Prec Plated), Unwr, Semimfr Or Powder",2020,Apr,Argentina,12145808,1.23,118.6765,10234383.386769915,Unknown
7106,"Silver (incl Prec Plated), Unwr, Semimfr Or Powder",2020,Jun,Argentina,27290090,1.23,118.6765,22995361.339439567,Unknown
7106,"Silver (incl Prec Plated), Unwr, Semimfr Or Powder",2020,Jul,Argentina,3581100,1.23,118.6765,3017530.8506738907,Unknown
7106,"Silver (incl Prec Plated), Unwr, Semimfr Or Powder",2020,Oct,Argentina,2044645,1.23,118.6765,1722872.6833029287,Unknown
7106,"Silver (incl Prec Plated), Unwr, Semimfr Or Powder",2020,Nov,Argentina,13158,1.23,118.6765,11087.283497575341,Unknown
7106,"Silver (incl Prec Plated), Unwr, Semimfr Or Powder",2020,Dec,Argentina,17839341,1.23,118.6765,15031906.906590605,Unknown
7106,"Silver (incl Prec Plated), Unwr, Semimfr Or Powder",2021,Mar,Argentina,4909756,4.7,124.2543,3951377.1354391756,Unknown
7106,"Silver (incl Prec Plated), Unwr, Semimfr Or Powder",2021,Sep,Argentina,3129561,4.7,124.2543,2518674.202824369,Unknown
7106,"Silver (incl Prec Plated), Unwr, Semimfr Or Powder",2022,Jun,Argentina,2504360,8.0,134.1947,1866213.7923479837,Unknown
7106,"Silver (incl Prec Plated), Unwr, Semimfr Or Powder",2022,Oct,Argentina,2687350,8.0,134.1947,2002575.3625143166,Unknown
7106,"Silver (incl Prec Plated), Unwr, Semimfr Or Powder",2022,Dec,Argentina,7772535,8.0,134.1947,5791983.588025458,Unknown
7106,"Silver (incl Prec Plated), Unwr, Semimfr Or Powder",2023,Jan,Argentina,3753299,4.12,139.7235,2686233.1676489636,Unknown
7106,"Silver (incl Prec Plated), Unwr, Semimfr Or Powder",2023,Feb,Argentina,2254795,4.12,139.7235,1613755.023313902,Unknown
7106,"Silver (incl Prec Plated), Unwr, Semimfr Or Powder",2023,Mar,Argentina,1946512,4.12,139.7235,1393117.120598897,Unknown
7106,"Silver (incl Prec Plated), Unwr, Semimfr Or Powder",2023,Apr,Argentina,2301434,4.12,139.7235,1647134.5192469412,Unknown
7106,"Silver (incl Prec Plated), Unwr, Semimfr Or Powder",2023,May,Argentina,353589,4.12,139.7235,253063.37158745664,Unknown
7106,"Silver (incl Prec Plated), Unwr, Semimfr Or Powder",2023,Jun,Argentina,2823351,4.12,139.7235,2020670.109179916,Unknown
7106,"Silver (incl Prec Plated), Unwr, Semimfr Or Powder",2023,Jul,Argentina,897503,4.12,139.7235,642342.1972681761,Unknown
7106,"Silver (incl Prec Plated), Unwr, Semimfr Or Powder",2023,Aug,Argentina,2421505,4.12,139.7235,1733069.2403210625,Unknown
7106,"Silver (incl Prec Plated), Unwr, Semimfr Or Powder",2023,Sep,Argentina,2470408,4.12,139.7235,1768069.079288738,Unknown
7106,"Silver (incl Prec Plated), Unwr, Semimfr Or Powder",2023,Oct,Argentina,2125183,4.12,139.7235,1520991.8159794165,Unknown
7106,"Silver (incl Prec Plated), Unwr, Semimfr Or Powder",2023,Nov,Argentina,1470653,4.12,139.7235,1052545.2053519988,Unknown
7106,"Silver (incl Prec Plated), Unwr, Semimfr Or Powder",2023,Dec,Argentina,3390414,4.12,139.7235,2426516.6561101032,Unknown
7106,"Silver (incl Prec Plated), Unwr, Semimfr Or Powder",2024,Jan,Argentina,1810721,2.9,143.7755,1259408.591867182,Unknown
7106,"Silver (incl Prec Plated), Unwr, Semimfr Or Powder",2024,Feb,Argentina,2129168,2.9,143.7755,1480897.6494604435,Unknown
7106,"Silver (incl Prec Plated), Unwr, Semimfr Or Powder",2024,Mar,Argentina,2653522,2.9,143.7755,1845600.9542655044,Unknown
7106,"Silver (incl Prec Plated), Unwr, Semimfr Or Powder",2024,Jun,Argentina,4236036,2.9,143.7755,2946285.0068335705,Unknown
7106,"Silver (incl Prec Plated), Unwr, Semimfr Or Powder",2024,Jul,Argentina,2333444,2.9,143.7755,1622977.4892106098,Unknown
7106,"Silver (incl Prec Plated), Unwr, Semimfr Or Powder",2024,Aug,Argentina,1437851,2.9,143.7755,1000066.7707641427,Unknown
7106,"Silver (incl Prec Plated), Unwr, Semimfr Or Powder",2024,Sep,Argentina,3071341,2.9,143.7755,2136206.099091987,Unknown
7106,"Silver (incl Prec Plated), Unwr, Semimfr Or Powder",2024,Oct,Argentina,1895859,2.9,143.7755,1318624.5222586603,Unknown
7106,"Silver (incl Prec Plated), Unwr, Semimfr Or Powder",2024,Nov,Argentina,4356976,2.9,143.7755,3030402.25907752,Unknown
7106,"Silver (incl Prec Plated), Unwr, Semimfr Or Powder",2024,Dec,Argentina,4318968,2.9,143.7755,3003966.600707353,Unknown
7106,"Silver (incl Prec Plated), Unwr, Semimfr Or Powder",2025,Jan,Argentina,2094568,2.8,147.8012,1417152.2288046377,Unknown
7106,"Silver (incl Prec Plated), Unwr, Semimfr Or Powder",2025,Feb,Argentina,1449428,2.8,147.8012,980660.5088456657,Unknown
7106,"Silver (incl Prec Plated), Unwr, Semimfr Or Powder",2025,Mar,Argentina,1851703,2.8,147.8012,1252833.535857625,Unknown
7106,"Silver (incl Prec Plated), Unwr, Semimfr Or Powder",2025,May,Argentina,3475295,2.8,147.8012,2351330.7063812744,Unknown
7106,"Silver (incl Prec Plated), Unwr, Semimfr Or Powder",2025,Jun,Argentina,2627726,2.8,147.8012,1777878.6640433231,Unknown
7106,"Silver (incl Prec Plated), Unwr, Semimfr Or Powder",2025,Jul,Argentina,2268970,2.8,147.8012,1535149.9175920088,Unknown
7106,"Silver (incl Prec Plated), Unwr, Semimfr Or Powder",2025,Aug,Argentina,3770830,2.8,147.8012,2551285.104586431,Unknown
7106,"Silver (incl Prec Plated), Unwr, Semimfr Or Powder",2025,Sep,Argentina,4749131,2.8,147.8012,3213188.390892632,Unknown
7106,"Silver (incl Prec Plated), Unwr, Semimfr Or Powder",2025,Oct,Argentina,5767536,2.8,147.8012,3902225.4217151143,Unknown
7106,"Silver (incl Prec Plated), Unwr, Semimfr Or Powder",2025,Nov,Argentina,4623124,2.8,147.8012,3127934.008654869,Unknown
7106,"Silver (incl Prec Plated), Unwr, Semimfr Or Powder",2025,Dec,Argentina,7652155,2.8,147.8012,5177329.412751723,Unknown
7106,"Silver (incl Prec Plated), Unwr, Semimfr Or Powder",2010,Jan,Bolivia,3149071,1.64,100.0,3149071.0,Unknown
7106,"Silver (incl Prec Plated), Unwr, Semimfr Or Powder",2010,Feb,Bolivia,6030630,1.64,100.0,6030630.0,Unknown
7106,"Silver (incl Prec Plated), Unwr, Semimfr Or Powder",2010,Mar,Bolivia,5263767,1.64,100.0,5263767.0,Unknown
7106,"Silver (incl Prec Plated), Unwr, Semimfr Or Powder",2010,Apr,Bolivia,5582692,1.64,100.0,5582692.0,Unknown
7106,"Silver (incl Prec Plated), Unwr, Semimfr Or Powder",2010,May,Bolivia,3521680,1.64,100.0,3521680.0000000005,Unknown
7106,"Silver (incl Prec Plated), Unwr, Semimfr Or Powder",2010,Jun,Bolivia,7617441,1.64,100.0,7617441.0,Unknown
7106,"Silver (incl Prec Plated), Unwr, Semimfr Or Powder",2010,Jul,Bolivia,3840915,1.64,100.0,3840915.0,Unknown
7106,"Silver (incl Prec Plated), Unwr, Semimfr Or Powder",2010,Aug,Bolivia,3931281,1.64,100.0,3931281.0,Unknown
7106,"Silver (incl Prec Plated), Unwr, Semimfr Or Powder",2010,Sep,Bolivia,7465380,1.64,100.0,7465380.0,Unknown
7106,"Silver (incl Prec Plated), Unwr, Semimfr Or Powder",2010,Oct,Bolivia,8255360,1.64,100.0,8255360.000000001,Unknown
7106,"Silver (incl Prec Plated), Unwr, Semimfr Or Powder",2010,Nov,Bolivia,12406566,1.64,100.0,12406566.0,Unknown
7106,"Silver (incl Prec Plated), Unwr, Semimfr Or Powder",2010,Dec,Bolivia,6191877,1.64,100.0,6191877.0,Unknown
7106,"Silver (incl Prec Plated), Unwr, Semimfr Or Powder",2011,Jan,Bolivia,5655223,3.16,103.16,5481992.05118263,Unknown
7106,"Silver (incl Prec Plated), Unwr, Semimfr Or Powder",2011,Feb,Bolivia,5955335,3.16,103.16,5772911.012020163,Unknown
7106,"Silver (incl Prec Plated), Unwr, Semimfr Or Powder",2011,Mar,Bolivia,13821261,3.16,103.16,13397887.747188833,Unknown
7106,"Silver (incl Prec Plated), Unwr, Semimfr Or Powder",2011,Apr,Bolivia,6228415,3.16,103.16,6037626.0178363705,Unknown
7106,"Silver (incl Prec Plated), Unwr, Semimfr Or Powder",2011,May,Bolivia,18004150,3.16,103.16,17452646.374563787,Unknown
7106,"Silver (incl Prec Plated), Unwr, Semimfr Or Powder",2011,Jun,Bolivia,23888746,3.16,103.16,23156985.265606824,Unknown
7106,"Silver (incl Prec Plated), Unwr, Semimfr Or Powder",2011,Jul,Bolivia,7898034,3.16,103.16,7656101.202016286,Unknown
7106,"Silver (incl Prec Plated), Unwr, Semimfr Or Powder",2011,Aug,Bolivia,8869322,3.16,103.16,8597636.680884063,Unknown
7106,"Silver (incl Prec Plated), Unwr, Semimfr Or Powder",2011,Oct,Bolivia,15055429,3.16,103.16,14594250.67855758,Unknown
7106,"Silver (incl Prec Plated), Unwr, Semimfr Or Powder",2011,Nov,Bolivia,7343648,3.16,103.16,7118697.169445522,Unknown
7106,"Silver (incl Prec Plated), Unwr, Semimfr Or Powder",2012,Jan,Bolivia,12867937,2.07,105.2954,12220796.919903435,Unknown
7106,"Silver (incl Prec Plated), Unwr, Semimfr Or Powder",2012,Feb,Bolivia,7823411,2.07,105.2954,7429964.651827146,Unknown
7106,"Silver (incl Prec Plated), Unwr, Semimfr Or Powder",2012,Mar,Bolivia,7179844,2.07,105.2954,6818763.212827911,Unknown
7106,"Silver (incl Prec Plated), Unwr, Semimfr Or Powder",2012,Apr,Bolivia,7103505,2.07,105.2954,6746263.369529912,Unknown
7106,"Silver (incl Prec Plated), Unwr, Semimfr Or Powder",2012,Dec,Bolivia,7935942,2.07,105.2954,7536836.367020782,Unknown
7106,"Silver (incl Prec Plated), Unwr, Semimfr Or Powder",2013,Jan,Bolivia,12502817,1.46,106.8327,11703174.215385364,Unknown
7106,"Silver (incl Prec Plated), Unwr, Semimfr Or Powder",2013,Feb,Bolivia,7779643,1.46,106.8327,7282080.29938399,Unknown
7106,"Silver (incl Prec Plated), Unwr, Semimfr Or Powder",2013,Mar,Bolivia,15420609,1.46,106.8327,14434352.964962976,Unknown
7106,"Silver (incl Prec Plated), Unwr, Semimfr Or Powder",2013,Apr,Bolivia,7267012,1.46,106.8327,6802235.6450787075,Unknown
7106,"Silver (incl Prec Plated), Unwr, Semimfr Or Powder",2013,May,Bolivia,6822409,1.46,106.8327,6386068.123336769,Unknown
7106,"Silver (incl Prec Plated), Unwr, Semimfr Or Powder",2013,Jun,Bolivia,5959995,1.46,106.8327,5578811.543656577,Unknown
7106,"Silver (incl Prec Plated), Unwr, Semimfr Or Powder",2013,Aug,Bolivia,5284383,1.46,106.8327,4946409.666703172,Unknown
7106,"Silver (incl Prec Plated), Unwr, Semimfr Or Powder",2013,Sep,Bolivia,5339706,1.46,106.8327,4998194.373071166,Unknown
7106,"Silver (incl Prec Plated), Unwr, Semimfr Or Powder",2013,Oct,Bolivia,5978251,1.46,106.8327,5595899.944492651,Unknown
7106,"Silver (incl Prec Plated), Unwr, Semimfr Or Powder",2013,Nov,Bolivia,5510043,1.46,106.8327,5157637.127958013,Unknown
7106,"Silver (incl Prec Plated), Unwr, Semimfr Or Powder",2013,Dec,Bolivia,5003732,1.46,106.8327,4683708.265353211,Unknown
7106,"Silver (incl Prec Plated), Unwr, Semimfr Or Powder",2014,Jan,Bolivia,4763367,1.62,108.5634,4387636.164674282,Unknown
7106,"Silver (incl Prec Plated), Unwr, Semimfr Or Powder",2014,Feb,Bolivia,3863383,1.62,108.5634,3558642.231175516,Unknown
7106,"Silver (incl Prec Plated), Unwr, Semimfr Or Powder",2014,Mar,Bolivia,5096867,1.62,108.5634,4694829.9334766595,Unknown
7106,"Silver (incl Prec Plated), Unwr, Semimfr Or Powder",2014,Apr,Bolivia,4799969,1.62,108.5634,4421351.026220623,Unknown
7106,"Silver (incl Prec Plated), Unwr, Semimfr Or Powder",2014,May,Bolivia,4933456,1.62,108.5634,4544308.671246479,Unknown
7106,"Silver (incl Prec Plated), Unwr, Semimfr Or Powder",2014,Jun,Bolivia,3836093,1.62,108.5634,3533504.846016245,Unknown
7106,"Silver (incl Prec Plated), Unwr, Semimfr Or Powder",2014,Jul,Bolivia,10692399,1.62,108.5634,9848990.54377442,Unknown
7106,"Silver (incl Prec Plated), Unwr, Semimfr Or Powder",2014,Aug,Bolivia,4912668,1.62,108.5634,4525160.413177921,Unknown
7106,"Silver (incl Prec Plated), Unwr, Semimfr Or Powder",2014,Sep,Bolivia,10313772,1.62,108.5634,9500229.359065762,Unknown
7106,"Silver (incl Prec Plated), Unwr, Semimfr Or Powder",2014,Oct,Bolivia,14106280,1.62,108.5634,12993587.15736611,Unknown
7106,"Silver (incl Prec Plated), Unwr, Semimfr Or Powder",2014,Nov,Bolivia,6715723,1.62,108.5634,6185991.779918462,Unknown
7106,"Silver (incl Prec Plated), Unwr, Semimfr Or Powder",2014,Dec,Bolivia,3753982,1.62,108.5634,3457870.7004386378,Unknown
7106,"Silver (incl Prec Plated), Unwr, Semimfr Or Powder",2015,Jan,Bolivia,12263161,0.12,108.6937,11282310.750301074,Unknown
7106,"Silver (incl Prec Plated), Unwr, Semimfr Or Powder",2015,Feb,Bolivia,3405526,0.12,108.6937,3133140.1911978335,Unknown
7106,"Silver (incl Prec Plated), Unwr, Semimfr Or Powder",2015,Mar,Bolivia,6883057,0.12,108.6937,6332526.172170051,Unknown
7106,"Silver (incl Prec Plated), Unwr, Semimfr Or Powder",2015,Apr,Bolivia,7025630,0.12,108.6937,6463695.687974555,Unknown
7106,"Silver (incl Prec Plated), Unwr, Semimfr Or Powder",2015,May,Bolivia,11452335,0.12,108.6937,10536337.432620289,Unknown
7106,"Silver (incl Prec Plated), Unwr, Semimfr Or Powder",2015,Jun,Bolivia,3870845,0.12,108.6937,3561241.3598948237,Unknown
7106,"Silver (incl Prec Plated), Unwr, Semimfr Or Powder",2015,Jul,Bolivia,4464786,0.12,108.6937,4107676.893877014,Unknown
7106,"Silver (incl Prec Plated), Unwr, Semimfr Or Powder",2015,Aug,Bolivia,10672927,0.12,108.6937,9819269.194074724,Unknown
7106,"Silver (incl Prec Plated), Unwr, Semimfr Or Powder",2015,Sep,Bolivia,7176935,0.12,108.6937,6602898.788062233,Unknown
7106,"Silver (incl Prec Plated), Unwr, Semimfr Or Powder",2015,Oct,Bolivia,7929333,0.12,108.6937,7295117.38030815,Unknown
7106,"Silver (incl Prec Plated), Unwr, Semimfr Or Powder",2015,Nov,Bolivia,3768158,0.12,108.6937,3466767.623146511,Unknown
7106,"Silver (incl Prec Plated), Unwr, Semimfr Or Powder",2015,Dec,Bolivia,6945243,0.12,108.6937,6389738.3197002215,Unknown
7106,"Silver (incl Prec Plated), Unwr, Semimfr Or Powder",2016,Jan,Bolivia,7435006,1.26,110.0632,6755215.185457084,Unknown
7106,"Silver (incl Prec Plated), Unwr, Semimfr Or Powder",2016,Feb,Bolivia,8994616,1.26,110.0632,8172228.319729029,Unknown
7106,"Silver (incl Prec Plated), Unwr, Semimfr Or Powder",2016,Mar,Bolivia,4099747,1.26,110.0632,3724902.6014144607,Unknown
7106,"Silver (incl Prec Plated), Unwr, Semimfr Or Powder",2016,Apr,Bolivia,9098454,1.26,110.0632,8266572.29664411,Unknown
7106,"Silver (incl Prec Plated), Unwr, Semimfr Or Powder",2016,May,Bolivia,2531052,1.26,110.0632,2299635.1187317832,Unknown
7106,"Silver (incl Prec Plated), Unwr, Semimfr Or Powder",2016,Jun,Bolivia,8673739,1.26,110.0632,7880689.458420252,Unknown
7106,"Silver (incl Prec Plated), Unwr, Semimfr Or Powder",2016,Jul,Bolivia,13142614,1.26,110.0632,11940970.278894309,Unknown
7106,"Silver (incl Prec Plated), Unwr, Semimfr Or Powder",2016,Aug,Bolivia,5280334,1.26,110.0632,4797547.22741116,Unknown
7106,"Silver (incl Prec Plated), Unwr, Semimfr Or Powder",2016,Sep,Bolivia,12236270,1.26,110.0632,11117494.312358718,Unknown
7106,"Silver (incl Prec Plated), Unwr, Semimfr Or Powder",2016,Oct,Bolivia,4304348,1.26,110.0632,3910796.7058926146,Unknown
7106,"Silver (incl Prec Plated), Unwr, Semimfr Or Powder",2016,Nov,Bolivia,7764742,1.26,110.0632,7054803.058606328,Unknown
7106,"Silver (incl Prec Plated), Unwr, Semimfr Or Powder",2016,Dec,Bolivia,9101060,1.26,110.0632,8268940.027184381,Unknown
7106,"Silver (incl Prec Plated), Unwr, Semimfr Or Powder",2017,Jan,Bolivia,4560167,2.13,112.4076,4056813.774157619,Unknown
7106,"Silver (incl Prec Plated), Unwr, Semimfr Or Powder",2017,Feb,Bolivia,8028606,2.13,112.4076,7142404.961942075,Unknown
7106,"Silver (incl Prec Plated), Unwr, Semimfr Or Powder",2017,Mar,Bolivia,7276484,2.13,112.4076,6473302.516911668,Unknown
7106,"Silver (incl Prec Plated), Unwr, Semimfr Or Powder",2017,Apr,Bolivia,4191225,2.13,112.4076,3728595.7533120536,Unknown
7106,"Silver (incl Prec Plated), Unwr, Semimfr Or Powder",2017,May,Bolivia,13052983,2.13,112.4076,11612189.03348172,Unknown
7106,"Silver (incl Prec Plated), Unwr, Semimfr Or Powder",2017,Jun,Bolivia,7026666,2.13,112.4076,6251059.53689964,Unknown
7106,"Silver (incl Prec Plated), Unwr, Semimfr Or Powder",2017,Jul,Bolivia,5843698,2.13,112.4076,5198668.061590142,Unknown
7106,"Silver (incl Prec Plated), Unwr, Semimfr Or Powder",2017,Aug,Bolivia,3489375,2.13,112.4076,3104216.262957309,Unknown
7106,"Silver (incl Prec Plated), Unwr, Semimfr Or Powder",2017,Sep,Bolivia,2716838,2.13,112.4076,2416952.234546419,Unknown
7106,"Silver (incl Prec Plated), Unwr, Semimfr Or Powder",2017,Oct,Bolivia,6491117,2.13,112.4076,5774624.669506333,Unknown
7106,"Silver (incl Prec Plated), Unwr, Semimfr Or Powder",2017,Nov,Bolivia,4003907,2.13,112.4076,3561953.9959931537,Unknown
7106,"Silver (incl Prec Plated), Unwr, Semimfr Or Powder",2017,Dec,Bolivia,5826123,2.13,112.4076,5183032.997768834,Unknown
7106,"Silver (incl Prec Plated), Unwr, Semimfr Or Powder",2018,Jan,Bolivia,6779257,2.44,115.1503,5887311.626630587,Unknown
7106,"Silver (incl Prec Plated), Unwr, Semimfr Or Powder",2018,Feb,Bolivia,5428913,2.44,115.1503,4714632.09388078,Unknown
7106,"Silver (incl Prec Plated), Unwr, Semimfr Or Powder",2018,Mar,Bolivia,6633042,2.44,115.1503,5760334.102473029,Unknown
7106,"Silver (incl Prec Plated), Unwr, Semimfr Or Powder",2018,Apr,Bolivia,3911877,2.44,115.1503,3397192.1914228625,Unknown
7106,"Silver (incl Prec Plated), Unwr, Semimfr Or Powder",2018,May,Bolivia,7531187,2.44,115.1503,6540310.3595909,Unknown
7106,"Silver (incl Prec Plated), Unwr, Semimfr Or Powder",2018,Jun,Bolivia,3711857,2.44,115.1503,3223488.7794473832,Unknown
7106,"Silver (incl Prec Plated), Unwr, Semimfr Or Powder",2018,Jul,Bolivia,12318840,2.44,115.1503,10698052.892610786,Unknown
7106,"Silver (incl Prec Plated), Unwr, Semimfr Or Powder",2018,Aug,Bolivia,8167414,2.44,115.1503,7092829.111170357,Unknown
7106,"Silver (incl Prec Plated), Unwr, Semimfr Or Powder",2018,Sep,Bolivia,6967912,2.44,115.1503,6051145.3291915,Unknown
7106,"Silver (incl Prec Plated), Unwr, Semimfr Or Powder",2018,Oct,Bolivia,3513686,2.44,115.1503,3051391.0949428705,Unknown
7106,"Silver (incl Prec Plated), Unwr, Semimfr Or Powder",2018,Nov,Bolivia,8690809,2.44,115.1503,7547361.144521551,Unknown
7106,"Silver (incl Prec Plated), Unwr, Semimfr Or Powder",2018,Dec,Bolivia,4374910,2.44,115.1503,3799304.040024212,Unknown
7106,"Silver (incl Prec Plated), Unwr, Semimfr Or Powder",2019,Jan,Bolivia,8724687,1.81,117.2345,7442081.4691920895,Unknown
7106,"Silver (incl Prec Plated), Unwr, Semimfr Or Powder",2019,Feb,Bolivia,8158066,1.81,117.2345,6958758.727166492,Unknown
7106,"Silver (incl Prec Plated), Unwr, Semimfr Or Powder",2019,Mar,Bolivia,11680596,1.81,117.2345,9963445.913958775,Unknown
7106,"Silver (incl Prec Plated), Unwr, Semimfr Or Powder",2019,Apr,Bolivia,5266789,1.81,117.2345,4492524.811382315,Unknown
7106,"Silver (incl Prec Plated), Unwr, Semimfr Or Powder",2019,May,Bolivia,5842430,1.81,117.2345,4983541.53427532,Unknown
7106,"Silver (incl Prec Plated), Unwr, Semimfr Or Powder",2019,Jun,Bolivia,5877380,1.81,117.2345,5013353.577658454,Unknown
7106,"Silver (incl Prec Plated), Unwr, Semimfr Or Powder",2019,Jul,Bolivia,8704472,1.81,117.2345,7424838.251538583,Unknown
7106,"Silver (incl Prec Plated), Unwr, Semimfr Or Powder",2019,Aug,Bolivia,2779716,1.81,117.2345,2371073.3615104766,Unknown
7106,"Silver (incl Prec Plated), Unwr, Semimfr Or Powder",2019,Sep,Bolivia,12823714,1.81,117.2345,10938515.539367678,Unknown
7106,"Silver (incl Prec Plated), Unwr, Semimfr Or Powder",2019,Oct,Bolivia,4633226,1.81,117.2345,3952101.1306398716,Unknown
7106,"Silver (incl Prec Plated), Unwr, Semimfr Or Powder",2019,Nov,Bolivia,5757821,1.81,117.2345,4911370.799551327,Unknown
7106,"Silver (incl Prec Plated), Unwr, Semimfr Or Powder",2019,Dec,Bolivia,9632600,1.81,117.2345,8216523.293057931,Unknown
7106,"Silver (incl Prec Plated), Unwr, Semimfr Or Powder",2020,Jan,Bolivia,9425321,1.23,118.6765,7942028.118456475,Unknown
7106,"Silver (incl Prec Plated), Unwr, Semimfr Or Powder",2020,Feb,Bolivia,5825875,1.23,118.6765,4909038.436421701,Unknown
7106,"Silver (incl Prec Plated), Unwr, Semimfr Or Powder",2020,Mar,Bolivia,6239211,1.23,118.6765,5257326.429411045,Unknown
7106,"Silver (incl Prec Plated), Unwr, Semimfr Or Powder",2020,Oct,Bolivia,8790043,1.23,118.6765,7406725.847155924,Unknown
7106,"Silver (incl Prec Plated), Unwr, Semimfr Or Powder",2020,Dec,Bolivia,7401037,1.23,118.6765,6236312.159526107,Unknown
7106,"Silver (incl Prec Plated), Unwr, Semimfr Or Powder",2021,Jan,Bolivia,6437060,4.7,124.2543,5180553.107618811,Unknown
7106,"Silver (incl Prec Plated), Unwr, Semimfr Or Powder",2021,Oct,Bolivia,6327227,4.7,124.2543,5092159.386033321,Unknown
7106,"Silver (incl Prec Plated), Unwr, Semimfr Or Powder",2022,Oct,Bolivia,4948964,8.0,134.1947,3687898.2552962224,Unknown
7106,"Silver (incl Prec Plated), Unwr, Semimfr Or Powder",2023,Apr,Bolivia,74141,4.12,139.7235,53062.655888236404,Unknown
7106,"Silver (incl Prec Plated), Unwr, Semimfr Or Powder",2023,May,Bolivia,177704,4.12,139.7235,127182.61423454178,Unknown
7106,"Silver (incl Prec Plated), Unwr, Semimfr Or Powder",2023,Oct,Bolivia,5945629,4.12,139.7235,4255282.039170219,Unknown
7106,"Silver (incl Prec Plated), Unwr, Semimfr Or Powder",2023,Nov,Bolivia,4733187,4.12,139.7235,3387538.245177082,Unknown
7106,"Silver (incl Prec Plated), Unwr, Semimfr Or Powder",2023,Dec,Bolivia,3467702,4.12,139.7235,2481831.617444453,Unknown
7106,"Silver (incl Prec Plated), Unwr, Semimfr Or Powder",2024,May,Bolivia,708440,2.9,143.7755,492740.4182214634,Unknown
7106,"Silver (incl Prec Plated), Unwr, Semimfr Or Powder",2024,Jun,Bolivia,342888,2.9,143.7755,238488.47682671944,Unknown
7106,"Silver (incl Prec Plated), Unwr, Semimfr Or Powder",2024,Jul,Bolivia,157817,2.9,143.7755,109766.26754906088,Unknown
7106,"Silver (incl Prec Plated), Unwr, Semimfr Or Powder",2024,Sep,Bolivia,53022,2.9,143.7755,36878.32767056974,Unknown
7106,"Silver (incl Prec Plated), Unwr, Semimfr Or Powder",2024,Oct,Bolivia,50795,2.9,143.7755,35329.38504821753,Unknown
7106,"Silver (incl Prec Plated), Unwr, Semimfr Or Powder",2025,Jul,Bolivia,72501,2.8,147.8012,49053.05234328273,Unknown
7106,"Silver (incl Prec Plated), Unwr, Semimfr Or Powder",2025,Nov,Bolivia,147913,2.8,147.8012,100075.64214634252,Unknown
7106,"Silver (incl Prec Plated), Unwr, Semimfr Or Powder",2010,Jan,Brazil,89573,1.64,100.0,89573.0,Unknown
7106,"Silver (incl Prec Plated), Unwr, Semimfr Or Powder",2010,Feb,Brazil,1154701,1.64,100.0,1154701.0,Unknown
7106,"Silver (incl Prec Plated), Unwr, Semimfr Or Powder",2010,Mar,Brazil,628791,1.64,100.0,628791.0,Unknown
7106,"Silver (incl Prec Plated), Unwr, Semimfr Or Powder",2010,Apr,Brazil,532890,1.64,100.0,532890.0,Unknown
7106,"Silver (incl Prec Plated), Unwr, Semimfr Or Powder",2010,May,Brazil,97694,1.64,100.0,97694.0,Unknown
7106,"Silver (incl Prec Plated), Unwr, Semimfr Or Powder",2010,Jun,Brazil,466361,1.64,100.0,466360.99999999994,Unknown
7106,"Silver (incl Prec Plated), Unwr, Semimfr Or Powder",2010,Jul,Brazil,1095601,1.64,100.0,1095601.0,Unknown
7106,"Silver (incl Prec Plated), Unwr, Semimfr Or Powder",2010,Aug,Brazil,487031,1.64,100.0,487031.00000000006,Unknown
7106,"Silver (incl Prec Plated), Unwr, Semimfr Or Powder",2010,Oct,Brazil,383584,1.64,100.0,383584.0,Unknown
7106,"Silver (incl Prec Plated), Unwr, Semimfr Or Powder",2010,Nov,Brazil,37595,1.64,100.0,37595.0,Unknown
7106,"Silver (incl Prec Plated), Unwr, Semimfr Or Powder",2011,Feb,Brazil,203741,3.16,103.16,197500.0,Unknown
7106,"Silver (incl Prec Plated), Unwr, Semimfr Or Powder",2011,Mar,Brazil,2058407,3.16,103.16,1995353.8193098102,Unknown
7106,"Silver (incl Prec Plated), Unwr, Semimfr Or Powder",2011,Apr,Brazil,1376458,3.16,103.16,1334294.300116324,Unknown
7106,"Silver (incl Prec Plated), Unwr, Semimfr Or Powder",2011,May,Brazil,1700806,3.16,103.16,1648706.8631252423,Unknown
7106,"Silver (incl Prec Plated), Unwr, Semimfr Or Powder",2011,Jun,Brazil,510478,3.16,103.16,494841.0236525785,Unknown
7106,"Silver (incl Prec Plated), Unwr, Semimfr Or Powder",2011,Aug,Brazil,1100506,3.16,103.16,1066795.2694842962,Unknown
7106,"Silver (incl Prec Plated), Unwr, Semimfr Or Powder",2011,Sep,Brazil,10301,3.16,103.16,9985.459480418767,Unknown
7106,"Silver (incl Prec Plated), Unwr, Semimfr Or Powder",2011,Oct,Brazil,51555,3.16,103.16,49975.76580069795,Unknown
7106,"Silver (incl Prec Plated), Unwr, Semimfr Or Powder",2011,Nov,Brazil,135825,3.16,103.16,131664.40480806513,Unknown
7106,"Silver (incl Prec Plated), Unwr, Semimfr Or Powder",2011,Dec,Brazil,1082844,3.16,103.16,1049674.2923613805,Unknown
7106,"Silver (incl Prec Plated), Unwr, Semimfr Or Powder",2012,Jan,Brazil,390683,2.07,105.2954,371035.2019176526,Unknown
7106,"Silver (incl Prec Plated), Unwr, Semimfr Or Powder",2012,Feb,Brazil,97325,2.07,105.2954,92430.4385566701,Unknown
7106,"Silver (incl Prec Plated), Unwr, Semimfr Or Powder",2012,Mar,Brazil,713739,2.07,105.2954,677844.4262522389,Unknown
7106,"Silver (incl Prec Plated), Unwr, Semimfr Or Powder",2012,Apr,Brazil,67437,2.07,105.2954,64045.53285328703,Unknown
7106,"Silver (incl Prec Plated), Unwr, Semimfr Or Powder",2012,Jun,Brazil,811262,2.07,105.2954,770462.9072115211,Unknown
7106,"Silver (incl Prec Plated), Unwr, Semimfr Or Powder",2012,Jul,Brazil,263487,2.07,105.2954,250236.0027123692,Unknown
7106,"Silver (incl Prec Plated), Unwr, Semimfr Or Powder",2012,Aug,Brazil,24476,2.07,105.2954,23245.080031986203,Unknown
7106,"Silver (incl Prec Plated), Unwr, Semimfr Or Powder",2012,Sep,Brazil,33716,2.07,105.2954,32020.392153883266,Unknown
7106,"Silver (incl Prec Plated), Unwr, Semimfr Or Powder",2012,Oct,Brazil,84717,2.07,105.2954,80456.50617215947,Unknown
7106,"Silver (incl Prec Plated), Unwr, Semimfr Or Powder",2013,Feb,Brazil,277616,1.46,106.8327,259860.5108735434,Unknown
7106,"Silver (incl Prec Plated), Unwr, Semimfr Or Powder",2013,Mar,Brazil,264873,1.46,106.8327,247932.51504455096,Unknown
7106,"Silver (incl Prec Plated), Unwr, Semimfr Or Powder",2013,May,Brazil,282965,1.46,106.8327,264867.404830169,Unknown
7106,"Silver (incl Prec Plated), Unwr, Semimfr Or Powder",2013,Oct,Brazil,204174,1.46,106.8327,191115.64155918552,Unknown
7106,"Silver (incl Prec Plated), Unwr, Semimfr Or Powder",2013,Nov,Brazil,42721,1.46,106.8327,39988.69260067376,Unknown
7106,"Silver (incl Prec Plated), Unwr, Semimfr Or Powder",2013,Dec,Brazil,83019,1.46,106.8327,77709.3530351662,Unknown
7106,"Silver (incl Prec Plated), Unwr, Semimfr Or Powder",2014,Jan,Brazil,158861,1.62,108.5634,146330.1628357255,Unknown
7106,"Silver (incl Prec Plated), Unwr, Semimfr Or Powder",2014,Feb,Brazil,101190,1.62,108.5634,93208.20829119206,Unknown
7106,"Silver (incl Prec Plated), Unwr, Semimfr Or Powder",2014,Mar,Brazil,263389,1.62,108.5634,242613.0721771794,Unknown
7106,"Silver (incl Prec Plated), Unwr, Semimfr Or Powder",2014,May,Brazil,22020,1.62,108.5634,20283.078827671205,Unknown
7106,"Silver (incl Prec Plated), Unwr, Semimfr Or Powder",2014,Jun,Brazil,30748,1.62,108.5634,28322.620699056955,Unknown
7106,"Silver (incl Prec Plated), Unwr, Semimfr Or Powder",2014,Jul,Brazil,26596,1.62,108.5634,24498.127361523315,Unknown
7106,"Silver (incl Prec Plated), Unwr, Semimfr Or Powder",2014,Aug,Brazil,99183,1.62,108.5634,91359.51895390158,Unknown
7106,"Silver (incl Prec Plated), Unwr, Semimfr Or Powder",2014,Sep,Brazil,406551,1.62,108.5634,374482.56042091537,Unknown
7106,"Silver (incl Prec Plated), Unwr, Semimfr Or Powder",2014,Oct,Brazil,47131,1.62,108.5634,43413.34188133386,Unknown
7106,"Silver (incl Prec Plated), Unwr, Semimfr Or Powder",2014,Nov,Brazil,89515,1.62,108.5634,82454.12358124377,Unknown
7106,"Silver (incl Prec Plated), Unwr, Semimfr Or Powder",2015,Feb,Brazil,296807,0.12,108.6937,273067.34428950347,Unknown
7106,"Silver (incl Prec Plated), Unwr, Semimfr Or Powder",2015,Mar,Brazil,36721,0.12,108.6937,33783.9267593246,Unknown
7106,"Silver (incl Prec Plated), Unwr, Semimfr Or Powder",2015,Apr,Brazil,190797,0.12,108.6937,175536.3926336117,Unknown
7106,"Silver (incl Prec Plated), Unwr, Semimfr Or Powder",2015,May,Brazil,13421,0.12,108.6937,12347.541761850041,Unknown
7106,"Silver (incl Prec Plated), Unwr, Semimfr Or Powder",2015,Jun,Brazil,5539,0.12,108.6937,5095.9715236485645,Unknown
7106,"Silver (incl Prec Plated), Unwr, Semimfr Or Powder",2015,Jul,Brazil,292359,0.12,108.6937,268975.11079298984,Unknown
7106,"Silver (incl Prec Plated), Unwr, Semimfr Or Powder",2015,Aug,Brazil,337416,0.12,108.6937,310428.2952921834,Unknown
7106,"Silver (incl Prec Plated), Unwr, Semimfr Or Powder",2015,Sep,Brazil,81688,0.12,108.6937,75154.30977140348,Unknown
7106,"Silver (incl Prec Plated), Unwr, Semimfr Or Powder",2015,Oct,Brazil,5513,0.12,108.6937,5072.051094037649,Unknown
7106,"Silver (incl Prec Plated), Unwr, Semimfr Or Powder",2015,Nov,Brazil,107363,0.12,108.6937,98775.73401218285,Unknown
7106,"Silver (incl Prec Plated), Unwr, Semimfr Or Powder",2015,Dec,Brazil,8394,0.12,108.6937,7722.6186982318195,Unknown
7106,"Silver (incl Prec Plated), Unwr, Semimfr Or Powder",2016,Feb,Brazil,104335,1.26,110.0632,94795.53565587773,Unknown
7106,"Silver (incl Prec Plated), Unwr, Semimfr Or Powder",2016,Mar,Brazil,57040,1.26,110.0632,51824.76976864202,Unknown
7106,"Silver (incl Prec Plated), Unwr, Semimfr Or Powder",2016,Apr,Brazil,197608,1.26,110.0632,179540.48219568393,Unknown
7106,"Silver (incl Prec Plated), Unwr, Semimfr Or Powder",2016,May,Brazil,164983,1.26,110.0632,149898.42199754322,Unknown
7106,"Silver (incl Prec Plated), Unwr, Semimfr Or Powder",2016,Jun,Brazil,232083,1.26,110.0632,210863.39484950466,Unknown
7106,"Silver (incl Prec Plated), Unwr, Semimfr Or Powder",2016,Jul,Brazil,214765,1.26,110.0632,195128.79872654984,Unknown
7106,"Silver (incl Prec Plated), Unwr, Semimfr Or Powder",2016,Aug,Brazil,267602,1.26,110.0632,243134.85342966588,Unknown
7106,"Silver (incl Prec Plated), Unwr, Semimfr Or Powder",2016,Oct,Brazil,3673,1.26,110.0632,3337.17355119604,Unknown
7106,"Silver (incl Prec Plated), Unwr, Semimfr Or Powder",2016,Nov,Brazil,57041,1.26,110.0632,51825.67833753698,Unknown
7106,"Silver (incl Prec Plated), Unwr, Semimfr Or Powder",2016,Dec,Brazil,32814,1.26,110.0632,29813.779719288555,Unknown
7106,"Silver (incl Prec Plated), Unwr, Semimfr Or Powder",2017,Jan,Brazil,127628,2.13,112.4076,113540.36559805565,Unknown
7106,"Silver (incl Prec Plated), Unwr, Semimfr Or Powder",2017,Mar,Brazil,254631,2.13,112.4076,226524.71896918002,Unknown
7106,"Silver (incl Prec Plated), Unwr, Semimfr Or Powder",2017,Apr,Brazil,40373,2.13,112.4076,35916.610620634194,Unknown
7106,"Silver (incl Prec Plated), Unwr, Semimfr Or Powder",2017,May,Brazil,117749,2.13,112.4076,104751.81393428914,Unknown
7106,"Silver (incl Prec Plated), Unwr, Semimfr Or Powder",2017,Jun,Brazil,166033,2.13,112.4076,147706.20491852865,Unknown
7106,"Silver (incl Prec Plated), Unwr, Semimfr Or Powder",2017,Jul,Brazil,71974,2.13,112.4076,64029.47843384255,Unknown
7106,"Silver (incl Prec Plated), Unwr, Semimfr Or Powder",2017,Aug,Brazil,31602,2.13,112.4076,28113.75743277145,Unknown
7106,"Silver (incl Prec Plated), Unwr, Semimfr Or Powder",2017,Sep,Brazil,27969,2.13,112.4076,24881.769560065335,Unknown
7106,"Silver (incl Prec Plated), Unwr, Semimfr Or Powder",2017,Oct,Brazil,322994,2.13,112.4076,287341.78116070444,Unknown
7106,"Silver (incl Prec Plated), Unwr, Semimfr Or Powder",2017,Nov,Brazil,195155,2.13,112.4076,173613.7058348368,Unknown
7106,"Silver (incl Prec Plated), Unwr, Semimfr Or Powder",2017,Dec,Brazil,32956,2.13,112.4076,29318.302321195362,Unknown
7106,"Silver (incl Prec Plated), Unwr, Semimfr Or Powder",2018,Jan,Brazil,25426,2.44,115.1503,22080.706693773267,Unknown
7106,"Silver (incl Prec Plated), Unwr, Semimfr Or Powder",2018,Feb,Brazil,4020,2.44,115.1503,3491.0894717599517,Unknown
7106,"Silver (incl Prec Plated), Unwr, Semimfr Or Powder",2018,Mar,Brazil,99953,2.44,115.1503,86802.20546537872,Unknown
7106,"Silver (incl Prec Plated), Unwr, Semimfr Or Powder",2018,Apr,Brazil,127182,2.44,115.1503,110448.69184014283,Unknown
7106,"Silver (incl Prec Plated), Unwr, Semimfr Or Powder",2018,May,Brazil,41551,2.44,115.1503,36084.14394057159,Unknown
7106,"Silver (incl Prec Plated), Unwr, Semimfr Or Powder",2018,Jun,Brazil,8772,2.44,115.1503,7617.869862258283,Unknown
7106,"Silver (incl Prec Plated), Unwr, Semimfr Or Powder",2018,Jul,Brazil,69663,2.44,115.1503,60497.454196819286,Unknown
7106,"Silver (incl Prec Plated), Unwr, Semimfr Or Powder",2018,Aug,Brazil,208630,2.44,115.1503,181180.59614260666,Unknown
7106,"Silver (incl Prec Plated), Unwr, Semimfr Or Powder",2018,Sep,Brazil,47505,2.44,115.1503,41254.77745173048,Unknown
7106,"Silver (incl Prec Plated), Unwr, Semimfr Or Powder",2018,Oct,Brazil,63142,2.44,115.1503,54834.420752703205,Unknown
7106,"Silver (incl Prec Plated), Unwr, Semimfr Or Powder",2018,Nov,Brazil,14516,2.44,115.1503,12606.133027877477,Unknown
7106,"Silver (incl Prec Plated), Unwr, Semimfr Or Powder",2018,Dec,Brazil,44871,2.44,115.1503,38967.33226053254,Unknown
7106,"Silver (incl Prec Plated), Unwr, Semimfr Or Powder",2019,Jan,Brazil,68508,1.81,117.2345,58436.72297830417,Unknown
7106,"Silver (incl Prec Plated), Unwr, Semimfr Or Powder",2019,Feb,Brazil,118729,1.81,117.2345,101274.79538872943,Unknown
7106,"Silver (incl Prec Plated), Unwr, Semimfr Or Powder",2019,Mar,Brazil,42827,1.81,117.2345,36531.055278096464,Unknown
7106,"Silver (incl Prec Plated), Unwr, Semimfr Or Powder",2019,Apr,Brazil,126380,1.81,117.2345,107801.03126639342,Unknown
7106,"Silver (incl Prec Plated), Unwr, Semimfr Or Powder",2019,May,Brazil,80008,1.81,117.2345,68246.12208863432,Unknown
7106,"Silver (incl Prec Plated), Unwr, Semimfr Or Powder",2019,Jun,Brazil,83041,1.81,117.2345,70833.24448008052,Unknown
7106,"Silver (incl Prec Plated), Unwr, Semimfr Or Powder",2019,Jul,Brazil,201368,1.81,117.2345,171765.1373955619,Unknown
7106,"Silver (incl Prec Plated), Unwr, Semimfr Or Powder",2019,Aug,Brazil,166988,1.81,117.2345,142439.29901180966,Unknown
7106,"Silver (incl Prec Plated), Unwr, Semimfr Or Powder",2019,Sep,Brazil,185089,1.81,117.2345,157879.29321146934,Unknown
7106,"Silver (incl Prec Plated), Unwr, Semimfr Or Powder",2019,Oct,Brazil,113236,1.81,117.2345,96589.31457889956,Unknown
7106,"Silver (incl Prec Plated), Unwr, Semimfr Or Powder",2019,Nov,Brazil,84099,1.81,117.2345,71735.70919823089,Unknown
7106,"Silver (incl Prec Plated), Unwr, Semimfr Or Powder",2019,Dec,Brazil,95789,1.81,117.2345,81707.17664168825,Unknown
7106,"Silver (incl Prec Plated), Unwr, Semimfr Or Powder",2020,Jan,Brazil,83165,1.23,118.6765,70077.05822129908,Unknown
7106,"Silver (incl Prec Plated), Unwr, Semimfr Or Powder",2020,Feb,Brazil,87127,1.23,118.6765,73415.54562192177,Unknown
7106,"Silver (incl Prec Plated), Unwr, Semimfr Or Powder",2020,Mar,Brazil,102052,1.23,118.6765,85991.75068358099,Unknown
7106,"Silver (incl Prec Plated), Unwr, Semimfr Or Powder",2020,Apr,Brazil,139692,1.23,118.6765,117708.22361630146,Unknown
7106,"Silver (incl Prec Plated), Unwr, Semimfr Or Powder",2020,Jun,Brazil,206808,1.23,118.6765,174261.96424734467,Unknown
7106,"Silver (incl Prec Plated), Unwr, Semimfr Or Powder",2020,Jul,Brazil,194944,1.23,118.6765,164265.0398351822,Unknown
7106,"Silver (incl Prec Plated), Unwr, Semimfr Or Powder",2020,Sep,Brazil,261773,1.23,118.6765,220576.9465732474,Unknown
7106,"Silver (incl Prec Plated), Unwr, Semimfr Or Powder",2020,Oct,Brazil,7697,1.23,118.6765,6485.698516555511,Unknown
7106,"Silver (incl Prec Plated), Unwr, Semimfr Or Powder",2020,Nov,Brazil,35832,1.23,118.6765,30193.003669639733,Unknown
7106,"Silver (incl Prec Plated), Unwr, Semimfr Or Powder",2020,Dec,Brazil,65283,1.23,118.6765,55009.205697842444,Unknown
7106,"Silver (incl Prec Plated), Unwr, Semimfr Or Powder",2021,Jan,Brazil,54192,4.7,124.2543,43613.782380167126,Unknown
7106,"Silver (incl Prec Plated), Unwr, Semimfr Or Powder",2021,Feb,Brazil,282989,4.7,124.2543,227749.86459221132,Unknown
7106,"Silver (incl Prec Plated), Unwr, Semimfr Or Powder",2021,Mar,Brazil,230145,4.7,124.2543,185220.95412392166,Unknown
7106,"Silver (incl Prec Plated), Unwr, Semimfr Or Powder",2021,Apr,Brazil,82294,4.7,124.2543,66230.30349855094,Unknown
7106,"Silver (incl Prec Plated), Unwr, Semimfr Or Powder",2021,May,Brazil,247843,4.7,124.2543,199464.32437348244,Unknown
7106,"Silver (incl Prec Plated), Unwr, Semimfr Or Powder",2021,Jun,Brazil,377450,4.7,124.2543,303772.1833369147,Unknown
7106,"Silver (incl Prec Plated), Unwr, Semimfr Or Powder",2021,Aug,Brazil,153767,4.7,124.2543,123751.8540605838,Unknown
7106,"Silver (incl Prec Plated), Unwr, Semimfr Or Powder",2021,Sep,Brazil,97857,4.7,124.2543,78755.42335355798,Unknown
7106,"Silver (incl Prec Plated), Unwr, Semimfr Or Powder",2021,Oct,Brazil,240603,4.7,124.2543,193637.56425330954,Unknown
7106,"Silver (incl Prec Plated), Unwr, Semimfr Or Powder",2021,Nov,Brazil,81603,4.7,124.2543,65674.1859235455,Unknown
7106,"Silver (incl Prec Plated), Unwr, Semimfr Or Powder",2021,Dec,Brazil,88936,4.7,124.2543,71575.79254802449,Unknown
7106,"Silver (incl Prec Plated), Unwr, Semimfr Or Powder",2022,Feb,Brazil,100816,8.0,134.1947,75126.66297551244,Unknown
7106,"Silver (incl Prec Plated), Unwr, Semimfr Or Powder",2022,Mar,Brazil,82656,8.0,134.1947,61594.086800745485,Unknown
7106,"Silver (incl Prec Plated), Unwr, Semimfr Or Powder",2022,Apr,Brazil,70512,8.0,134.1947,52544.54907682642,Unknown
7106,"Silver (incl Prec Plated), Unwr, Semimfr Or Powder",2022,May,Brazil,104184,8.0,134.1947,77636.44912951108,Unknown
7106,"Silver (incl Prec Plated), Unwr, Semimfr Or Powder",2022,Jun,Brazil,36074,8.0,134.1947,26881.836615007895,Unknown
7106,"Silver (incl Prec Plated), Unwr, Semimfr Or Powder",2022,Aug,Brazil,166740,8.0,134.1947,124252.29908483716,Unknown
7106,"Silver (incl Prec Plated), Unwr, Semimfr Or Powder",2022,Sep,Brazil,67710,8.0,134.1947,50456.5381494202,Unknown
7106,"Silver (incl Prec Plated), Unwr, Semimfr Or Powder",2022,Oct,Brazil,110007,8.0,134.1947,81975.66669920644,Unknown
7106,"Silver (incl Prec Plated), Unwr, Semimfr Or Powder",2022,Nov,Brazil,130188,8.0,134.1947,97014.26360355513,Unknown
7106,"Silver (incl Prec Plated), Unwr, Semimfr Or Powder",2022,Dec,Brazil,110174,8.0,134.1947,82100.11274662858,Unknown
7106,"Silver (incl Prec Plated), Unwr, Semimfr Or Powder",2023,Jan,Brazil,147726,4.12,139.7235,105727.3830100162,Unknown
7106,"Silver (incl Prec Plated), Unwr, Semimfr Or Powder",2023,Feb,Brazil,75151,4.12,139.7235,53785.51210068457,Unknown
7106,"Silver (incl Prec Plated), Unwr, Semimfr Or Powder",2023,Mar,Brazil,66652,4.12,139.7235,47702.78442781636,Unknown
7106,"Silver (incl Prec Plated), Unwr, Semimfr Or Powder",2023,Apr,Brazil,92575,4.12,139.7235,66255.85531424564,Unknown
7106,"Silver (incl Prec Plated), Unwr, Semimfr Or Powder",2023,May,Brazil,90337,4.12,139.7235,64654.12045933576,Unknown
7106,"Silver (incl Prec Plated), Unwr, Semimfr Or Powder",2023,Jun,Brazil,269027,4.12,139.7235,192542.41412503982,Unknown
7106,"Silver (incl Prec Plated), Unwr, Semimfr Or Powder",2023,Jul,Brazil,3125,4.12,139.7235,2236.560063267811,Unknown
7106,"Silver (incl Prec Plated), Unwr, Semimfr Or Powder",2023,Aug,Brazil,178427,4.12,139.7235,127700.06477077943,Unknown
7106,"Silver (incl Prec Plated), Unwr, Semimfr Or Powder",2023,Sep,Brazil,166880,4.12,139.7235,119435.88587460233,Unknown
7106,"Silver (incl Prec Plated), Unwr, Semimfr Or Powder",2023,Oct,Brazil,220499,4.12,139.7235,157810.9623649565,Unknown
7106,"Silver (incl Prec Plated), Unwr, Semimfr Or Powder",2023,Dec,Brazil,189157,4.12,139.7235,135379.5174040158,Unknown
7106,"Silver (incl Prec Plated), Unwr, Semimfr Or Powder",2024,Feb,Brazil,105858,2.9,143.7755,73627.28698561298,Unknown
7106,"Silver (incl Prec Plated), Unwr, Semimfr Or Powder",2024,Mar,Brazil,106108,2.9,143.7755,73801.1691839013,Unknown
7106,"Silver (incl Prec Plated), Unwr, Semimfr Or Powder",2024,Apr,Brazil,155554,2.9,143.7755,108192.28589015515,Unknown
7106,"Silver (incl Prec Plated), Unwr, Semimfr Or Powder",2024,Jun,Brazil,102364,2.9,143.7755,71197.10938233565,Unknown
7106,"Silver (incl Prec Plated), Unwr, Semimfr Or Powder",2024,Jul,Brazil,149383,2.9,143.7755,103900.17770760665,Unknown
7106,"Silver (incl Prec Plated), Unwr, Semimfr Or Powder",2024,Aug,Brazil,122872,2.9,143.7755,85461.01387232178,Unknown
7106,"Silver (incl Prec Plated), Unwr, Semimfr Or Powder",2024,Sep,Brazil,39623,2.9,143.7755,27558.937371109823,Unknown
7106,"Silver (incl Prec Plated), Unwr, Semimfr Or Powder",2024,Oct,Brazil,126733,2.9,143.7755,88146.45054268635,Unknown
7106,"Silver (incl Prec Plated), Unwr, Semimfr Or Powder",2024,Nov,Brazil,87223,2.9,143.7755,60666.107925202836,Unknown
7106,"Silver (incl Prec Plated), Unwr, Semimfr Or Powder",2024,Dec,Brazil,298122,2.9,143.7755,207352.43487242266,Unknown
7106,"Silver (incl Prec Plated), Unwr, Semimfr Or Powder",2025,Feb,Brazil,183154,2.8,147.8012,123919.15627207357,Unknown
7106,"Silver (incl Prec Plated), Unwr, Semimfr Or Powder",2025,Mar,Brazil,180384,2.8,147.8012,122045.0172258412,Unknown
7106,"Silver (incl Prec Plated), Unwr, Semimfr Or Powder",2025,Apr,Brazil,62017,2.8,147.8012,41959.74051631516,Unknown
7106,"Silver (incl Prec Plated), Unwr, Semimfr Or Powder",2025,Jun,Brazil,347124,2.8,147.8012,234858.71562612482,Unknown
7106,"Silver (incl Prec Plated), Unwr, Semimfr Or Powder",2025,Jul,Brazil,2048444,2.8,147.8012,1385945.4456391423,Unknown
7106,"Silver (incl Prec Plated), Unwr, Semimfr Or Powder",2025,Aug,Brazil,70642,2.8,147.8012,47795.28177037805,Unknown
7106,"Silver (incl Prec Plated), Unwr, Semimfr Or Powder",2010,Jan,Chile,2275353,1.64,100.0,2275353.0,Unknown
7106,"Silver (incl Prec Plated), Unwr, Semimfr Or Powder",2010,Feb,Chile,4565385,1.64,100.0,4565385.0,Unknown
7106,"Silver (incl Prec Plated), Unwr, Semimfr Or Powder",2010,Apr,Chile,5090790,1.64,100.0,5090790.0,Unknown
7106,"Silver (incl Prec Plated), Unwr, Semimfr Or Powder",2010,May,Chile,3203112,1.64,100.0,3203112.0,Unknown
7106,"Silver (incl Prec Plated), Unwr, Semimfr Or Powder",2010,Jul,Chile,4747143,1.64,100.0,4747143.0,Unknown
7106,"Silver (incl Prec Plated), Unwr, Semimfr Or Powder",2010,Aug,Chile,2312338,1.64,100.0,2312338.0,Unknown
7106,"Silver (incl Prec Plated), Unwr, Semimfr Or Powder",2010,Sep,Chile,9571177,1.64,100.0,9571177.0,Unknown
7106,"Silver (incl Prec Plated), Unwr, Semimfr Or Powder",2010,Oct,Chile,6143970,1.64,100.0,6143970.0,Unknown
7106,"Silver (incl Prec Plated), Unwr, Semimfr Or Powder",2010,Nov,Chile,3010700,1.64,100.0,3010700.0,Unknown
7106,"Silver (incl Prec Plated), Unwr, Semimfr Or Powder",2010,Dec,Chile,9843285,1.64,100.0,9843285.0,Unknown
7106,"Silver (incl Prec Plated), Unwr, Semimfr Or Powder",2011,Jan,Chile,14885638,3.16,103.16,14429660.72120977,Unknown
7106,"Silver (incl Prec Plated), Unwr, Semimfr Or Powder",2011,Feb,Chile,6474352,3.16,103.16,6276029.468786351,Unknown
7106,"Silver (incl Prec Plated), Unwr, Semimfr Or Powder",2011,Mar,Chile,11890430,3.16,103.16,11526202.016285382,Unknown
7106,"Silver (incl Prec Plated), Unwr, Semimfr Or Powder",2011,Apr,Chile,7684713,3.16,103.16,7449314.656843739,Unknown
7106,"Silver (incl Prec Plated), Unwr, Semimfr Or Powder",2011,May,Chile,10129782,3.16,103.16,9819486.234974798,Unknown
7106,"Silver (incl Prec Plated), Unwr, Semimfr Or Powder",2011,Jun,Chile,524300,3.16,103.16,508239.62776269874,Unknown
7106,"Silver (incl Prec Plated), Unwr, Semimfr Or Powder",2011,Jul,Chile,18863577,3.16,103.16,18285747.38270648,Unknown
7106,"Silver (incl Prec Plated), Unwr, Semimfr Or Powder",2011,Aug,Chile,11943614,3.16,103.16,11577756.882512601,Unknown
7106,"Silver (incl Prec Plated), Unwr, Semimfr Or Powder",2011,Sep,Chile,12224402,3.16,103.16,11849943.77665762,Unknown
7106,"Silver (incl Prec Plated), Unwr, Semimfr Or Powder",2011,Oct,Chile,17491823,3.16,103.16,16956012.989530824,Unknown
7106,"Silver (incl Prec Plated), Unwr, Semimfr Or Powder",2011,Nov,Chile,1005900,3.16,103.16,975087.2431174874,Unknown
7106,"Silver (incl Prec Plated), Unwr, Semimfr Or Powder",2011,Dec,Chile,23072673,3.16,103.16,22365910.236525785,Unknown
7106,"Silver (incl Prec Plated), Unwr, Semimfr Or Powder",2012,Jan,Chile,12121184,2.07,105.2954,11511598.79728839,Unknown
7106,"Silver (incl Prec Plated), Unwr, Semimfr Or Powder",2012,Feb,Chile,5912242,2.07,105.2954,5614910.053050751,Unknown
7106,"Silver (incl Prec Plated), Unwr, Semimfr Or Powder",2012,Mar,Chile,9417683,2.07,105.2954,8944059.284641115,Unknown
7106,"Silver (incl Prec Plated), Unwr, Semimfr Or Powder",2012,Apr,Chile,11777118,2.07,105.2954,11184836.184676634,Unknown
7106,"Silver (incl Prec Plated), Unwr, Semimfr Or Powder",2012,May,Chile,7986062,2.07,105.2954,7584435.787318344,Unknown
7106,"Silver (incl Prec Plated), Unwr, Semimfr Or Powder",2012,Jun,Chile,5746592,2.07,105.2954,5457590.739956351,Unknown
7106,"Silver (incl Prec Plated), Unwr, Semimfr Or Powder",2012,Jul,Chile,4976967,2.07,105.2954,4726670.870712301,Unknown
7106,"Silver (incl Prec Plated), Unwr, Semimfr Or Powder",2012,Aug,Chile,3239314,2.07,105.2954,3076405.996843167,Unknown
7106,"Silver (incl Prec Plated), Unwr, Semimfr Or Powder",2012,Sep,Chile,2182943,2.07,105.2954,2073160.8408344523,Unknown
7106,"Silver (incl Prec Plated), Unwr, Semimfr Or Powder",2012,Oct,Chile,544872,2.07,105.2954,517469.89896994544,Unknown
7106,"Silver (incl Prec Plated), Unwr, Semimfr Or Powder",2012,Nov,Chile,10979375,2.07,105.2954,10427212.39484346,Unknown
7106,"Silver (incl Prec Plated), Unwr, Semimfr Or Powder",2012,Dec,Chile,6523395,2.07,105.2954,6195327.621149642,Unknown
7106,"Silver (incl Prec Plated), Unwr, Semimfr Or Powder",2013,Jan,Chile,6463132,1.46,106.8327,6049769.405809269,Unknown
7106,"Silver (incl Prec Plated), Unwr, Semimfr Or Powder",2013,Feb,Chile,3751408,1.46,106.8327,3511479.163215008,Unknown
7106,"Silver (incl Prec Plated), Unwr, Semimfr Or Powder",2013,Mar,Chile,678004,1.46,106.8327,634640.891786878,Unknown
7106,"Silver (incl Prec Plated), Unwr, Semimfr Or Powder",2013,Apr,Chile,714864,1.46,106.8327,669143.4364197479,Unknown
7106,"Silver (incl Prec Plated), Unwr, Semimfr Or Powder",2013,May,Chile,628075,1.46,106.8327,587905.2013100858,Unknown
7106,"Silver (incl Prec Plated), Unwr, Semimfr Or Powder",2013,Jun,Chile,541440,1.46,106.8327,506811.11682097334,Unknown
7106,"Silver (incl Prec Plated), Unwr, Semimfr Or Powder",2013,Jul,Chile,424485,1.46,106.8327,397336.2088574004,Unknown
7106,"Silver (incl Prec Plated), Unwr, Semimfr Or Powder",2014,Sep,Chile,77592,1.62,108.5634,71471.60092627902,Unknown
7106,"Silver (incl Prec Plated), Unwr, Semimfr Or Powder",2016,Sep,Chile,10084597,1.26,110.0632,9162551.152428787,Unknown
7106,"Silver (incl Prec Plated), Unwr, Semimfr Or Powder",2016,Oct,Chile,14172474,1.26,110.0632,12876669.041060047,Unknown
7106,"Silver (incl Prec Plated), Unwr, Semimfr Or Powder",2016,Nov,Chile,15860687,1.26,110.0632,14410526.860930812,Unknown
7106,"Silver (incl Prec Plated), Unwr, Semimfr Or Powder",2016,Dec,Chile,14395332,1.26,110.0632,13079150.887853524,Unknown
7106,"Silver (incl Prec Plated), Unwr, Semimfr Or Powder",2017,Jan,Chile,14869022,2.13,112.4076,13227772.855216194,Unknown
7106,"Silver (incl Prec Plated), Unwr, Semimfr Or Powder",2017,Feb,Chile,4363618,2.13,112.4076,3881959.9386518346,Unknown
7106,"Silver (incl Prec Plated), Unwr, Semimfr Or Powder",2017,Mar,Chile,17923863,2.13,112.4076,15945419.170945738,Unknown
7106,"Silver (incl Prec Plated), Unwr, Semimfr Or Powder",2017,Apr,Chile,26151730,2.13,112.4076,23265090.616648696,Unknown
7106,"Silver (incl Prec Plated), Unwr, Semimfr Or Powder",2017,May,Chile,18732524,2.13,112.4076,16664819.816453692,Unknown
7106,"Silver (incl Prec Plated), Unwr, Semimfr Or Powder",2017,Jun,Chile,18383511,2.13,112.4076,16354331.023880947,Unknown
7106,"Silver (incl Prec Plated), Unwr, Semimfr Or Powder",2017,Aug,Chile,11047625,2.13,112.4076,9828183.325682605,Unknown
7106,"Silver (incl Prec Plated), Unwr, Semimfr Or Powder",2017,Sep,Chile,13684967,2.13,112.4076,12174414.363441618,Unknown
7106,"Silver (incl Prec Plated), Unwr, Semimfr Or Powder",2017,Oct,Chile,16404272,2.13,112.4076,14593561.28945018,Unknown
7106,"Silver (incl Prec Plated), Unwr, Semimfr Or Powder",2017,Nov,Chile,16583369,2.13,112.4076,14752889.484340915,Unknown
7106,"Silver (incl Prec Plated), Unwr, Semimfr Or Powder",2017,Dec,Chile,16194584,2.13,112.4076,14407018.742504954,Unknown
7106,"Silver (incl Prec Plated), Unwr, Semimfr Or Powder",2018,Jan,Chile,13400963,2.44,115.1503,11637801.20416534,Unknown
7106,"Silver (incl Prec Plated), Unwr, Semimfr Or Powder",2018,Feb,Chile,17915705,2.44,115.1503,15558539.578272918,Unknown
7106,"Silver (incl Prec Plated), Unwr, Semimfr Or Powder",2018,Mar,Chile,10834910,2.44,115.1503,9409363.240912095,Unknown
7106,"Silver (incl Prec Plated), Unwr, Semimfr Or Powder",2018,Apr,Chile,12793602,2.44,115.1503,11110350.559225637,Unknown
7106,"Silver (incl Prec Plated), Unwr, Semimfr Or Powder",2018,May,Chile,17726892,2.44,115.1503,15394568.66373774,Unknown
7106,"Silver (incl Prec Plated), Unwr, Semimfr Or Powder",2018,Jun,Chile,16468721,2.44,115.1503,14301934.949366175,Unknown
7106,"Silver (incl Prec Plated), Unwr, Semimfr Or Powder",2018,Jul,Chile,13417405,2.44,115.1503,11652079.93379088,Unknown
7106,"Silver (incl Prec Plated), Unwr, Semimfr Or Powder",2018,Aug,Chile,19881011,2.44,115.1503,17265270.694040745,Unknown
7106,"Silver (incl Prec Plated), Unwr, Semimfr Or Powder",2018,Sep,Chile,12481981,2.44,115.1503,10839729.466618845,Unknown
7106,"Silver (incl Prec Plated), Unwr, Semimfr Or Powder",2018,Oct,Chile,13109213,2.44,115.1503,11384436.688397685,Unknown
7106,"Silver (incl Prec Plated), Unwr, Semimfr Or Powder",2018,Nov,Chile,12003153,2.44,115.1503,10423900.762742259,Unknown
7106,"Silver (incl Prec Plated), Unwr, Semimfr Or Powder",2018,Dec,Chile,13692623,2.44,115.1503,11891087.561213475,Unknown
7106,"Silver (incl Prec Plated), Unwr, Semimfr Or Powder",2019,Jan,Chile,9901052,1.81,117.2345,8445510.493924571,Unknown
7106,"Silver (incl Prec Plated), Unwr, Semimfr Or Powder",2019,Feb,Chile,10708405,1.81,117.2345,9134175.520004777,Unknown
7106,"Silver (incl Prec Plated), Unwr, Semimfr Or Powder",2019,Mar,Chile,11773942,1.81,117.2345,10043069.233032938,Unknown
7106,"Silver (incl Prec Plated), Unwr, Semimfr Or Powder",2019,Apr,Chile,10508934,1.81,117.2345,8964028.506966805,Unknown
7106,"Silver (incl Prec Plated), Unwr, Semimfr Or Powder",2019,May,Chile,8950371,1.81,117.2345,7634587.941263024,Unknown
7106,"Silver (incl Prec Plated), Unwr, Semimfr Or Powder",2019,Jun,Chile,15534859,1.81,117.2345,13251098.43945255,Unknown
7106,"Silver (incl Prec Plated), Unwr, Semimfr Or Powder",2019,Jul,Chile,8020164,1.81,117.2345,6841129.530982774,Unknown
7106,"Silver (incl Prec Plated), Unwr, Semimfr Or Powder",2019,Aug,Chile,9872382,1.81,117.2345,8421055.235446904,Unknown
7106,"Silver (incl Prec Plated), Unwr, Semimfr Or Powder",2019,Sep,Chile,9207964,1.81,117.2345,7854312.510395831,Unknown
7106,"Silver (incl Prec Plated), Unwr, Semimfr Or Powder",2019,Oct,Chile,12255621,1.81,117.2345,10453937.194255957,Unknown
7106,"Silver (incl Prec Plated), Unwr, Semimfr Or Powder",2019,Nov,Chile,9422413,1.81,117.2345,8037235.626031587,Unknown
7106,"Silver (incl Prec Plated), Unwr, Semimfr Or Powder",2019,Dec,Chile,19876735,1.81,117.2345,16954680.576110277,Unknown
7106,"Silver (incl Prec Plated), Unwr, Semimfr Or Powder",2020,Jan,Chile,8258268,1.23,118.6765,6958637.978032718,Unknown
7106,"Silver (incl Prec Plated), Unwr, Semimfr Or Powder",2020,Feb,Chile,10070351,1.23,118.6765,8485547.68635745,Unknown
7106,"Silver (incl Prec Plated), Unwr, Semimfr Or Powder",2020,Apr,Chile,15031928,1.23,118.6765,12666305.460643008,Unknown
7106,"Silver (incl Prec Plated), Unwr, Semimfr Or Powder",2020,May,Chile,9090773,1.23,118.6765,7660129.006163815,Unknown
7106,"Silver (incl Prec Plated), Unwr, Semimfr Or Powder",2020,Jun,Chile,6625789,1.23,118.6765,5583067.414357518,Unknown
7106,"Silver (incl Prec Plated), Unwr, Semimfr Or Powder",2020,Jul,Chile,17533398,1.23,118.6765,14774111.134049285,Unknown
7106,"Silver (incl Prec Plated), Unwr, Semimfr Or Powder",2020,Aug,Chile,3642898,1.23,118.6765,3069603.5019570007,Unknown
7106,"Silver (incl Prec Plated), Unwr, Semimfr Or Powder",2020,Sep,Chile,15257471,1.23,118.6765,12856354.038078304,Unknown
7106,"Silver (incl Prec Plated), Unwr, Semimfr Or Powder",2020,Oct,Chile,18783750,1.23,118.6765,15827691.244686186,Unknown
7106,"Silver (incl Prec Plated), Unwr, Semimfr Or Powder",2020,Nov,Chile,15412519,1.23,118.6765,12987001.638909135,Unknown
7106,"Silver (incl Prec Plated), Unwr, Semimfr Or Powder",2020,Dec,Chile,38344387,1.23,118.6765,32310008.299874026,Unknown
7106,"Silver (incl Prec Plated), Unwr, Semimfr Or Powder",2021,Jan,Chile,21645183,4.7,124.2543,17420067.555006146,Unknown
7106,"Silver (incl Prec Plated), Unwr, Semimfr Or Powder",2021,Feb,Chile,18260883,4.7,124.2543,14696379.119273942,Unknown
7106,"Silver (incl Prec Plated), Unwr, Semimfr Or Powder",2021,Mar,Chile,21311925,4.7,124.2543,17151861.142833687,Unknown
7106,"Silver (incl Prec Plated), Unwr, Semimfr Or Powder",2021,Apr,Chile,13903812,4.7,124.2543,11189803.491710145,Unknown
7106,"Silver (incl Prec Plated), Unwr, Semimfr Or Powder",2021,May,Chile,18240543,4.7,124.2543,14680009.46446119,Unknown
7106,"Silver (incl Prec Plated), Unwr, Semimfr Or Powder",2021,Jun,Chile,14643016,4.7,124.2543,11784715.699979799,Unknown
7106,"Silver (incl Prec Plated), Unwr, Semimfr Or Powder",2021,Jul,Chile,14534748,4.7,124.2543,11697581.492149567,Unknown
7106,"Silver (incl Prec Plated), Unwr, Semimfr Or Powder",2021,Aug,Chile,21087218,4.7,124.2543,16971016.69720887,Unknown
7106,"Silver (incl Prec Plated), Unwr, Semimfr Or Powder",2021,Sep,Chile,23427627,4.7,124.2543,18854580.485343367,Unknown
7106,"Silver (incl Prec Plated), Unwr, Semimfr Or Powder",2021,Oct,Chile,16725974,4.7,124.2543,13461082.63456476,Unknown
7106,"Silver (incl Prec Plated), Unwr, Semimfr Or Powder",2021,Nov,Chile,22469961,4.7,124.2543,18083849.814453103,Unknown
7106,"Silver (incl Prec Plated), Unwr, Semimfr Or Powder",2021,Dec,Chile,18434225,4.7,124.2543,14835884.955289273,Unknown
7106,"Silver (incl Prec Plated), Unwr, Semimfr Or Powder",2022,Jan,Chile,11532178,8.0,134.1947,8593616.588434566,Unknown
7106,"Silver (incl Prec Plated), Unwr, Semimfr Or Powder",2022,Feb,Chile,21157455,8.0,134.1947,15766237.414741414,Unknown
7106,"Silver (incl Prec Plated), Unwr, Semimfr Or Powder",2022,Mar,Chile,22270119,8.0,134.1947,16595378.953118116,Unknown
7106,"Silver (incl Prec Plated), Unwr, Semimfr Or Powder",2022,Apr,Chile,25891314,8.0,134.1947,19293842.454284705,Unknown
7106,"Silver (incl Prec Plated), Unwr, Semimfr Or Powder",2022,May,Chile,16309754,8.0,134.1947,12153798.920523684,Unknown
7106,"Silver (incl Prec Plated), Unwr, Semimfr Or Powder",2022,Jun,Chile,13537111,8.0,134.1947,10087664.415956814,Unknown
7106,"Silver (incl Prec Plated), Unwr, Semimfr Or Powder",2022,Jul,Chile,20709846,8.0,134.1947,15432685.493540354,Unknown
7106,"Silver (incl Prec Plated), Unwr, Semimfr Or Powder",2022,Aug,Chile,19975581,8.0,134.1947,14885521.55934623,Unknown
7106,"Silver (incl Prec Plated), Unwr, Semimfr Or Powder",2022,Sep,Chile,9768228,8.0,134.1947,7279145.89771429,Unknown
7106,"Silver (incl Prec Plated), Unwr, Semimfr Or Powder",2022,Oct,Chile,13854470,8.0,134.1947,10324155.872027732,Unknown
7106,"Silver (incl Prec Plated), Unwr, Semimfr Or Powder",2022,Nov,Chile,12490643,8.0,134.1947,9307851.204257693,Unknown
7106,"Silver (incl Prec Plated), Unwr, Semimfr Or Powder",2022,Dec,Chile,17489783,8.0,134.1947,13033139.907909924,Unknown
7106,"Silver (incl Prec Plated), Unwr, Semimfr Or Powder",2023,Jan,Chile,18676906,4.12,139.7235,13367047.060802227,Unknown
7106,"Silver (incl Prec Plated), Unwr, Semimfr Or Powder",2023,Feb,Chile,16760175,4.12,139.7235,11995244.178681467,Unknown
7106,"Silver (incl Prec Plated), Unwr, Semimfr Or Powder",2023,Mar,Chile,8555995,4.12,139.7235,6123518.949926104,Unknown
7106,"Silver (incl Prec Plated), Unwr, Semimfr Or Powder",2023,Apr,Chile,7947162,4.12,139.7235,5687777.646566254,Unknown
7106,"Silver (incl Prec Plated), Unwr, Semimfr Or Powder",2023,May,Chile,33929496,4.12,139.7235,24283313.83052958,Unknown
7106,"Silver (incl Prec Plated), Unwr, Semimfr Or Powder",2023,Jun,Chile,4483341,4.12,139.7235,3208723.657795575,Unknown
7106,"Silver (incl Prec Plated), Unwr, Semimfr Or Powder",2023,Jul,Chile,8643141,4.12,139.7235,6185889.274173636,Unknown
7106,"Silver (incl Prec Plated), Unwr, Semimfr Or Powder",2023,Aug,Chile,8742314,4.12,139.7235,6256867.312943062,Unknown
7106,"Silver (incl Prec Plated), Unwr, Semimfr Or Powder",2023,Sep,Chile,24451928,4.12,139.7235,17500225.803103987,Unknown
7106,"Silver (incl Prec Plated), Unwr, Semimfr Or Powder",2023,Oct,Chile,17870127,4.12,139.7235,12789635.959591622,Unknown
7106,"Silver (incl Prec Plated), Unwr, Semimfr Or Powder",2023,Nov,Chile,12593319,4.12,139.7235,9013028.588605352,Unknown
7106,"Silver (incl Prec Plated), Unwr, Semimfr Or Powder",2023,Dec,Chile,22543582,4.12,139.7235,16134424.058944989,Unknown
7106,"Silver (incl Prec Plated), Unwr, Semimfr Or Powder",2024,Jan,Chile,20036993,2.9,143.7755,13936305.55970941,Unknown
7106,"Silver (incl Prec Plated), Unwr, Semimfr Or Powder",2024,Feb,Chile,15241427,2.9,143.7755,10600851.32724282,Unknown
7106,"Silver (incl Prec Plated), Unwr, Semimfr Or Powder",2024,Mar,Chile,13742878,2.9,143.7755,9558567.349791862,Unknown
7106,"Silver (incl Prec Plated), Unwr, Semimfr Or Powder",2024,Apr,Chile,23427823,2.9,143.7755,16294725.457397124,Unknown
7106,"Silver (incl Prec Plated), Unwr, Semimfr Or Powder",2024,May,Chile,18380486,2.9,143.7755,12784157.245149557,Unknown
7106,"Silver (incl Prec Plated), Unwr, Semimfr Or Powder",2024,Jun,Chile,13920020,2.9,143.7755,9681774.711268611,Unknown
7106,"Silver (incl Prec Plated), Unwr, Semimfr Or Powder",2024,Jul,Chile,26198844,2.9,143.7755,18222050.349329337,Unknown
7106,"Silver (incl Prec Plated), Unwr, Semimfr Or Powder",2024,Aug,Chile,17791138,2.9,143.7755,12374248.741962297,Unknown
7106,"Silver (incl Prec Plated), Unwr, Semimfr Or Powder",2024,Sep,Chile,13817398,2.9,143.7755,9610398.155457642,Unknown
7106,"Silver (incl Prec Plated), Unwr, Semimfr Or Powder",2024,Oct,Chile,33139709,2.9,143.7755,23049621.80621872,Unknown
7106,"Silver (incl Prec Plated), Unwr, Semimfr Or Powder",2024,Nov,Chile,26378488,2.9,143.7755,18346997.923846554,Unknown
7106,"Silver (incl Prec Plated), Unwr, Semimfr Or Powder",2024,Dec,Chile,27426030,2.9,143.7755,19075593.54688386,Unknown
7106,"Silver (incl Prec Plated), Unwr, Semimfr Or Powder",2025,Jan,Chile,28350005,2.8,147.8012,19181173.765842225,Unknown
7106,"Silver (incl Prec Plated), Unwr, Semimfr Or Powder",2025,Feb,Chile,10224836,2.8,147.8012,6917965.483365495,Unknown
7106,"Silver (incl Prec Plated), Unwr, Semimfr Or Powder",2025,Mar,Chile,13830535,2.8,147.8012,9357525.51400124,Unknown
7106,"Silver (incl Prec Plated), Unwr, Semimfr Or Powder",2025,Apr,Chile,20491838,2.8,147.8012,13864459.828472301,Unknown
7106,"Silver (incl Prec Plated), Unwr, Semimfr Or Powder",2025,May,Chile,19469640,2.8,147.8012,13172856.512667015,Unknown
7106,"Silver (incl Prec Plated), Unwr, Semimfr Or Powder",2025,Jun,Chile,14757748,2.8,147.8012,9984863.451717578,Unknown
7106,"Silver (incl Prec Plated), Unwr, Semimfr Or Powder",2025,Jul,Chile,17130294,2.8,147.8012,11590091.284779826,Unknown
7106,"Silver (incl Prec Plated), Unwr, Semimfr Or Powder",2025,Aug,Chile,19115864,2.8,147.8012,12933497.156991959,Unknown
7106,"Silver (incl Prec Plated), Unwr, Semimfr Or Powder",2025,Sep,Chile,12833477,2.8,147.8012,8682931.532355623,Unknown
7106,"Silver (incl Prec Plated), Unwr, Semimfr Or Powder",2025,Oct,Chile,21842384,2.8,147.8012,14778218.30945892,Unknown
7106,"Silver (incl Prec Plated), Unwr, Semimfr Or Powder",2025,Nov,Chile,17591623,2.8,147.8012,11902219.332454676,Unknown
7106,"Silver (incl Prec Plated), Unwr, Semimfr Or Powder",2025,Dec,Chile,17391932,2.8,147.8012,11767111.498418147,Unknown
7106,"Silver (incl Prec Plated), Unwr, Semimfr Or Powder",2010,Jan,Colombia,988697,1.64,100.0,988696.9999999999,Unknown
7106,"Silver (incl Prec Plated), Unwr, Semimfr Or Powder",2010,Feb,Colombia,47780,1.64,100.0,47780.0,Unknown
7106,"Silver (incl Prec Plated), Unwr, Semimfr Or Powder",2010,Apr,Colombia,926400,1.64,100.0,926400.0,Unknown
7106,"Silver (incl Prec Plated), Unwr, Semimfr Or Powder",2010,May,Colombia,3926,1.64,100.0,3926.0,Unknown
7106,"Silver (incl Prec Plated), Unwr, Semimfr Or Powder",2010,Jun,Colombia,935372,1.64,100.0,935371.9999999999,Unknown
7106,"Silver (incl Prec Plated), Unwr, Semimfr Or Powder",2010,Jul,Colombia,424900,1.64,100.0,424900.0,Unknown
7106,"Silver (incl Prec Plated), Unwr, Semimfr Or Powder",2010,Aug,Colombia,376251,1.64,100.0,376251.0,Unknown
7106,"Silver (incl Prec Plated), Unwr, Semimfr Or Powder",2010,Sep,Colombia,413346,1.64,100.0,413346.0,Unknown
7106,"Silver (incl Prec Plated), Unwr, Semimfr Or Powder",2010,Oct,Colombia,136718,1.64,100.0,136718.0,Unknown
7106,"Silver (incl Prec Plated), Unwr, Semimfr Or Powder",2010,Nov,Colombia,45522,1.64,100.0,45522.0,Unknown
7106,"Silver (incl Prec Plated), Unwr, Semimfr Or Powder",2010,Dec,Colombia,717526,1.64,100.0,717526.0,Unknown
7106,"Silver (incl Prec Plated), Unwr, Semimfr Or Powder",2011,Jan,Colombia,1086961,3.16,103.16,1053665.1803024427,Unknown
7106,"Silver (incl Prec Plated), Unwr, Semimfr Or Powder",2011,Feb,Colombia,609899,3.16,103.16,591216.5568049632,Unknown
7106,"Silver (incl Prec Plated), Unwr, Semimfr Or Powder",2011,Mar,Colombia,940736,3.16,103.16,911919.3485847228,Unknown
7106,"Silver (incl Prec Plated), Unwr, Semimfr Or Powder",2011,Apr,Colombia,2164669,3.16,103.16,2098360.798759209,Unknown
7106,"Silver (incl Prec Plated), Unwr, Semimfr Or Powder",2011,May,Colombia,3128120,3.16,103.16,3032299.3408297794,Unknown
7106,"Silver (incl Prec Plated), Unwr, Semimfr Or Powder",2011,Jun,Colombia,1108681,3.16,103.16,1074719.8526560683,Unknown
7106,"Silver (incl Prec Plated), Unwr, Semimfr Or Powder",2011,Jul,Colombia,3275556,3.16,103.16,3175219.0771616907,Unknown
7106,"Silver (incl Prec Plated), Unwr, Semimfr Or Powder",2011,Aug,Colombia,3282956,3.16,103.16,3182392.400155099,Unknown
7106,"Silver (incl Prec Plated), Unwr, Semimfr Or Powder",2011,Sep,Colombia,2813228,3.16,103.16,2727053.12136487,Unknown
7106,"Silver (incl Prec Plated), Unwr, Semimfr Or Powder",2011,Oct,Colombia,7161,3.16,103.16,6941.644048080651,Unknown
7106,"Silver (incl Prec Plated), Unwr, Semimfr Or Powder",2011,Nov,Colombia,1762596,3.16,103.16,1708604.1101202015,Unknown
7106,"Silver (incl Prec Plated), Unwr, Semimfr Or Powder",2011,Dec,Colombia,1554010,3.16,103.16,1506407.5222954634,Unknown
7106,"Silver (incl Prec Plated), Unwr, Semimfr Or Powder",2012,Jan,Colombia,600192,2.07,105.2954,570007.8066088357,Unknown
7106,"Silver (incl Prec Plated), Unwr, Semimfr Or Powder",2012,Feb,Colombia,2536947,2.07,105.2954,2409361.662522769,Unknown
7106,"Silver (incl Prec Plated), Unwr, Semimfr Or Powder",2012,Mar,Colombia,1579425,2.07,105.2954,1499994.3017453754,Unknown
7106,"Silver (incl Prec Plated), Unwr, Semimfr Or Powder",2012,Apr,Colombia,2218613,2.07,105.2954,2107036.96457775,Unknown
7106,"Silver (incl Prec Plated), Unwr, Semimfr Or Powder",2012,May,Colombia,777632,2.07,105.2954,738524.1900405906,Unknown
7106,"Silver (incl Prec Plated), Unwr, Semimfr Or Powder",2012,Jun,Colombia,695553,2.07,105.2954,660573.0164850507,Unknown
7106,"Silver (incl Prec Plated), Unwr, Semimfr Or Powder",2012,Jul,Colombia,1228808,2.07,105.2954,1167010.14479265,Unknown
7106,"Silver (incl Prec Plated), Unwr, Semimfr Or Powder",2012,Aug,Colombia,1326694,2.07,105.2954,1259973.370156721,Unknown
7106,"Silver (incl Prec Plated), Unwr, Semimfr Or Powder",2012,Sep,Colombia,3020777,2.07,105.2954,2868859.4183601565,Unknown
7106,"Silver (incl Prec Plated), Unwr, Semimfr Or Powder",2012,Oct,Colombia,1695779,2.07,105.2954,1610496.7548439912,Unknown
7106,"Silver (incl Prec Plated), Unwr, Semimfr Or Powder",2012,Nov,Colombia,587192,2.07,105.2954,557661.5882555173,Unknown
7106,"Silver (incl Prec Plated), Unwr, Semimfr Or Powder",2012,Dec,Colombia,3322128,2.07,105.2954,3155055.2065902213,Unknown
7106,"Silver (incl Prec Plated), Unwr, Semimfr Or Powder",2013,Jan,Colombia,1090734,1.46,106.8327,1020973.9152899814,Unknown
7106,"Silver (incl Prec Plated), Unwr, Semimfr Or Powder",2013,Feb,Colombia,1665510,1.46,106.8327,1558988.961245012,Unknown
7106,"Silver (incl Prec Plated), Unwr, Semimfr Or Powder",2013,Mar,Colombia,1133893,1.46,106.8327,1061372.5947205303,Unknown
7106,"Silver (incl Prec Plated), Unwr, Semimfr Or Powder",2013,Apr,Colombia,1003124,1.46,106.8327,938967.1888850511,Unknown
7106,"Silver (incl Prec Plated), Unwr, Semimfr Or Powder",2013,May,Colombia,1387916,1.46,106.8327,1299149.0433172614,Unknown
7106,"Silver (incl Prec Plated), Unwr, Semimfr Or Powder",2013,Jun,Colombia,309000,1.46,106.8327,289237.2840899837,Unknown
7106,"Silver (incl Prec Plated), Unwr, Semimfr Or Powder",2013,Jul,Colombia,346330,1.46,106.8327,324179.76892842737,Unknown
7106,"Silver (incl Prec Plated), Unwr, Semimfr Or Powder",2013,Aug,Colombia,289676,1.46,106.8327,271149.189339968,Unknown
7106,"Silver (incl Prec Plated), Unwr, Semimfr Or Powder",2013,Sep,Colombia,1192714,1.46,106.8327,1116431.5794695818,Unknown
7106,"Silver (incl Prec Plated), Unwr, Semimfr Or Powder",2013,Oct,Colombia,565201,1.46,106.8327,529052.4343202034,Unknown
7106,"Silver (incl Prec Plated), Unwr, Semimfr Or Powder",2013,Nov,Colombia,683560,1.46,106.8327,639841.5466425542,Unknown
7106,"Silver (incl Prec Plated), Unwr, Semimfr Or Powder",2013,Dec,Colombia,462906,1.46,106.8327,433299.9165985695,Unknown
7106,"Silver (incl Prec Plated), Unwr, Semimfr Or Powder",2014,Jan,Colombia,917454,1.62,108.5634,845085.9129319827,Unknown
7106,"Silver (incl Prec Plated), Unwr, Semimfr Or Powder",2014,Feb,Colombia,379939,1.62,108.5634,349969.69512745546,Unknown
7106,"Silver (incl Prec Plated), Unwr, Semimfr Or Powder",2014,Mar,Colombia,796605,1.62,108.5634,733769.3918945058,Unknown
7106,"Silver (incl Prec Plated), Unwr, Semimfr Or Powder",2014,Apr,Colombia,518303,1.62,108.5634,477419.64603171975,Unknown
7106,"Silver (incl Prec Plated), Unwr, Semimfr Or Powder",2014,May,Colombia,387781,1.62,108.5634,357193.12401785504,Unknown
7106,"Silver (incl Prec Plated), Unwr, Semimfr Or Powder",2014,Jun,Colombia,486535,1.62,108.5634,448157.48217170796,Unknown
7106,"Silver (incl Prec Plated), Unwr, Semimfr Or Powder",2014,Jul,Colombia,383352,1.62,108.5634,353113.4802336699,Unknown
7106,"Silver (incl Prec Plated), Unwr, Semimfr Or Powder",2014,Sep,Colombia,489781,1.62,108.5634,451147.4401133347,Unknown
7106,"Silver (incl Prec Plated), Unwr, Semimfr Or Powder",2014,Nov,Colombia,10250,1.62,108.5634,9441.487646849675,Unknown
7106,"Silver (incl Prec Plated), Unwr, Semimfr Or Powder",2014,Dec,Colombia,371300,1.62,108.5634,342012.13300246675,Unknown
7106,"Silver (incl Prec Plated), Unwr, Semimfr Or Powder",2015,Jan,Colombia,30560,0.12,108.6937,28115.704958061047,Unknown
7106,"Silver (incl Prec Plated), Unwr, Semimfr Or Powder",2015,Feb,Colombia,280247,0.12,108.6937,257831.87066039705,Unknown
7106,"Silver (incl Prec Plated), Unwr, Semimfr Or Powder",2015,Mar,Colombia,27808,0.12,108.6937,25583.819485397955,Unknown
7106,"Silver (incl Prec Plated), Unwr, Semimfr Or Powder",2015,Apr,Colombia,47865,0.12,108.6937,44036.59089717251,Unknown
7106,"Silver (incl Prec Plated), Unwr, Semimfr Or Powder",2015,May,Colombia,7834,0.12,108.6937,7207.409445073633,Unknown
7106,"Silver (incl Prec Plated), Unwr, Semimfr Or Powder",2015,Jun,Colombia,294978,0.12,108.6937,271384.63406802784,Unknown
7106,"Silver (incl Prec Plated), Unwr, Semimfr Or Powder",2015,Oct,Colombia,423521,0.12,108.6937,389646.31804787216,Unknown
7106,"Silver (incl Prec Plated), Unwr, Semimfr Or Powder",2015,Nov,Colombia,556095,0.12,108.6937,511616.5886339319,Unknown
7106,"Silver (incl Prec Plated), Unwr, Semimfr Or Powder",2016,Feb,Colombia,619834,1.26,110.0632,563161.89243998,Unknown
7106,"Silver (incl Prec Plated), Unwr, Semimfr Or Powder",2016,Apr,Colombia,224023,1.26,110.0632,203540.3295561096,Unknown
7106,"Silver (incl Prec Plated), Unwr, Semimfr Or Powder",2016,May,Colombia,173491,1.26,110.0632,157628.52615588135,Unknown
7106,"Silver (incl Prec Plated), Unwr, Semimfr Or Powder",2016,Jun,Colombia,404000,1.26,110.0632,367061.8335647156,Unknown
7106,"Silver (incl Prec Plated), Unwr, Semimfr Or Powder",2016,Jul,Colombia,300324,1.26,110.0632,272865.0448106179,Unknown
7106,"Silver (incl Prec Plated), Unwr, Semimfr Or Powder",2016,Aug,Colombia,527941,1.26,110.0632,479670.77097522153,Unknown
7106,"Silver (incl Prec Plated), Unwr, Semimfr Or Powder",2016,Sep,Colombia,394631,1.26,110.0632,358549.451587815,Unknown
7106,"Silver (incl Prec Plated), Unwr, Semimfr Or Powder",2016,Oct,Colombia,170687,1.26,110.0632,155080.89897440744,Unknown
7106,"Silver (incl Prec Plated), Unwr, Semimfr Or Powder",2016,Nov,Colombia,166623,1.26,110.0632,151388.47498528118,Unknown
7106,"Silver (incl Prec Plated), Unwr, Semimfr Or Powder",2016,Dec,Colombia,150187,1.26,110.0632,136455.236627683,Unknown
7106,"Silver (incl Prec Plated), Unwr, Semimfr Or Powder",2017,Jan,Colombia,287672,2.13,112.4076,255918.63895323803,Unknown
7106,"Silver (incl Prec Plated), Unwr, Semimfr Or Powder",2017,Feb,Colombia,10427,2.13,112.4076,9276.063184339848,Unknown
7106,"Silver (incl Prec Plated), Unwr, Semimfr Or Powder",2017,Mar,Colombia,326470,2.13,112.4076,290434.0987620054,Unknown
7106,"Silver (incl Prec Plated), Unwr, Semimfr Or Powder",2017,Apr,Colombia,129624,2.13,112.4076,115316.04624598338,Unknown
7106,"Silver (incl Prec Plated), Unwr, Semimfr Or Powder",2017,May,Colombia,189072,2.13,112.4076,168202.15003256008,Unknown
7106,"Silver (incl Prec Plated), Unwr, Semimfr Or Powder",2017,Jul,Colombia,45520,2.13,112.4076,40495.48251185862,Unknown
7106,"Silver (incl Prec Plated), Unwr, Semimfr Or Powder",2017,Aug,Colombia,10348,2.13,112.4076,9205.783238855736,Unknown
7106,"Silver (incl Prec Plated), Unwr, Semimfr Or Powder",2017,Sep,Colombia,13200,2.13,112.4076,11742.978232788531,Unknown
7106,"Silver (incl Prec Plated), Unwr, Semimfr Or Powder",2017,Dec,Colombia,85168,2.13,112.4076,75767.11894925254,Unknown
7106,"Silver (incl Prec Plated), Unwr, Semimfr Or Powder",2018,Jan,Colombia,39807,2.44,115.1503,34569.60164237523,Unknown
7106,"Silver (incl Prec Plated), Unwr, Semimfr Or Powder",2018,May,Colombia,4298,2.44,115.1503,3732.513072045839,Unknown
7106,"Silver (incl Prec Plated), Unwr, Semimfr Or Powder",2018,Jun,Colombia,32268,2.44,115.1503,28022.506237500034,Unknown
7106,"Silver (incl Prec Plated), Unwr, Semimfr Or Powder",2018,Jul,Colombia,65653,2.44,115.1503,57015.04902722789,Unknown
7106,"Silver (incl Prec Plated), Unwr, Semimfr Or Powder",2018,Aug,Colombia,309332,2.44,115.1503,268633.2558404103,Unknown
7106,"Silver (incl Prec Plated), Unwr, Semimfr Or Powder",2018,Sep,Colombia,109330,2.44,115.1503,94945.47560883472,Unknown
7106,"Silver (incl Prec Plated), Unwr, Semimfr Or Powder",2018,Dec,Colombia,787367,2.44,115.1503,683773.2945550294,Unknown
7106,"Silver (incl Prec Plated), Unwr, Semimfr Or Powder",2019,Jan,Colombia,12419,1.81,117.2345,10593.298047929578,Unknown
7106,"Silver (incl Prec Plated), Unwr, Semimfr Or Powder",2019,May,Colombia,9548,1.81,117.2345,8144.360235254981,Unknown
7106,"Silver (incl Prec Plated), Unwr, Semimfr Or Powder",2019,Aug,Colombia,16798,1.81,117.2345,14328.546630897901,Unknown
7106,"Silver (incl Prec Plated), Unwr, Semimfr Or Powder",2019,Nov,Colombia,7800,1.81,117.2345,6653.331570484798,Unknown
7106,"Silver (incl Prec Plated), Unwr, Semimfr Or Powder",2019,Dec,Colombia,35804,1.81,117.2345,30540.49789097919,Unknown
7106,"Silver (incl Prec Plated), Unwr, Semimfr Or Powder",2020,Feb,Colombia,39431,1.23,118.6765,33225.617540119565,Unknown
7106,"Silver (incl Prec Plated), Unwr, Semimfr Or Powder",2020,May,Colombia,6023,1.23,118.6765,5075.141245318155,Unknown
7106,"Silver (incl Prec Plated), Unwr, Semimfr Or Powder",2020,Jul,Colombia,91515,1.23,118.6765,77112.99204138982,Unknown
7106,"Silver (incl Prec Plated), Unwr, Semimfr Or Powder",2020,Sep,Colombia,313987,1.23,118.6765,264573.8625591418,Unknown
7106,"Silver (incl Prec Plated), Unwr, Semimfr Or Powder",2020,Oct,Colombia,115500,1.23,118.6765,97323.39595454872,Unknown
7106,"Silver (incl Prec Plated), Unwr, Semimfr Or Powder",2020,Dec,Colombia,619819,1.23,118.6765,522276.1035251292,Unknown
7106,"Silver (incl Prec Plated), Unwr, Semimfr Or Powder",2021,Jan,Colombia,5880580,4.7,124.2543,4732697.379487068,Unknown
7106,"Silver (incl Prec Plated), Unwr, Semimfr Or Powder",2021,Feb,Colombia,203786,4.7,124.2543,164007.2013604358,Unknown
7106,"Silver (incl Prec Plated), Unwr, Semimfr Or Powder",2021,Mar,Colombia,707109,4.7,124.2543,569082.1162728373,Unknown
7106,"Silver (incl Prec Plated), Unwr, Semimfr Or Powder",2021,Apr,Colombia,300466,4.7,124.2543,241815.37379390493,Unknown
7106,"Silver (incl Prec Plated), Unwr, Semimfr Or Powder",2021,May,Colombia,452148,4.7,124.2543,363889.21751601354,Unknown
7106,"Silver (incl Prec Plated), Unwr, Semimfr Or Powder",2021,Jun,Colombia,88471,4.7,124.2543,71201.56002649406,Unknown
7106,"Silver (incl Prec Plated), Unwr, Semimfr Or Powder",2021,Jul,Colombia,47899,4.7,124.2543,38549.16892212181,Unknown
7106,"Silver (incl Prec Plated), Unwr, Semimfr Or Powder",2021,Aug,Colombia,311327,4.7,124.2543,250556.31877528585,Unknown
7106,"Silver (incl Prec Plated), Unwr, Semimfr Or Powder",2021,Sep,Colombia,234887,4.7,124.2543,189037.3210424106,Unknown
7106,"Silver (incl Prec Plated), Unwr, Semimfr Or Powder",2021,Oct,Colombia,5270,4.7,124.2543,4241.301910678343,Unknown
7106,"Silver (incl Prec Plated), Unwr, Semimfr Or Powder",2021,Nov,Colombia,272526,4.7,124.2543,219329.23045721554,Unknown
7106,"Silver (incl Prec Plated), Unwr, Semimfr Or Powder",2021,Dec,Colombia,49982,4.7,124.2543,40225.569658353874,Unknown
7106,"Silver (incl Prec Plated), Unwr, Semimfr Or Powder",2022,Jan,Colombia,6437253,8.0,134.1947,4796950.252133653,Unknown
7106,"Silver (incl Prec Plated), Unwr, Semimfr Or Powder",2022,Feb,Colombia,12152,8.0,134.1947,9055.499211220711,Unknown
7106,"Silver (incl Prec Plated), Unwr, Semimfr Or Powder",2022,Mar,Colombia,529433,8.0,134.1947,394526.0133224337,Unknown
7106,"Silver (incl Prec Plated), Unwr, Semimfr Or Powder",2022,Apr,Colombia,416415,8.0,134.1947,310306.5918400652,Unknown
7106,"Silver (incl Prec Plated), Unwr, Semimfr Or Powder",2022,May,Colombia,502599,8.0,134.1947,374529.6945408425,Unknown
7106,"Silver (incl Prec Plated), Unwr, Semimfr Or Powder",2022,Jun,Colombia,5159,8.0,134.1947,3844.4141236576406,Unknown
7106,"Silver (incl Prec Plated), Unwr, Semimfr Or Powder",2022,Jul,Colombia,6588,8.0,134.1947,4909.28479291656,Unknown
7106,"Silver (incl Prec Plated), Unwr, Semimfr Or Powder",2022,Sep,Colombia,284953,8.0,134.1947,212342.96138372077,Unknown
7106,"Silver (incl Prec Plated), Unwr, Semimfr Or Powder",2022,Oct,Colombia,5884,8.0,134.1947,4384.673910370529,Unknown
7106,"Silver (incl Prec Plated), Unwr, Semimfr Or Powder",2022,Nov,Colombia,116816,8.0,134.1947,87049.63757883135,Unknown
7106,"Silver (incl Prec Plated), Unwr, Semimfr Or Powder",2022,Dec,Colombia,1134770,8.0,134.1947,845614.6181630123,Unknown
7106,"Silver (incl Prec Plated), Unwr, Semimfr Or Powder",2023,Jan,Colombia,434128,4.12,139.7235,310705.07108682505,Unknown
7106,"Silver (incl Prec Plated), Unwr, Semimfr Or Powder",2023,Feb,Colombia,614130,4.12,139.7235,439532.3621294914,Unknown
7106,"Silver (incl Prec Plated), Unwr, Semimfr Or Powder",2023,Mar,Colombia,461583,4.12,139.7235,330354.59317867074,Unknown
7106,"Silver (incl Prec Plated), Unwr, Semimfr Or Powder",2023,Apr,Colombia,407919,4.12,139.7235,291947.31022340554,Unknown
7106,"Silver (incl Prec Plated), Unwr, Semimfr Or Powder",2023,May,Colombia,880335,4.12,139.7235,630055.0730549978,Unknown
7106,"Silver (incl Prec Plated), Unwr, Semimfr Or Powder",2023,Jun,Colombia,455097,4.12,139.7235,325712.5680361571,Unknown
7106,"Silver (incl Prec Plated), Unwr, Semimfr Or Powder",2023,Jul,Colombia,415988,4.12,139.7235,297722.287231568,Unknown
7106,"Silver (incl Prec Plated), Unwr, Semimfr Or Powder",2023,Aug,Colombia,5481,4.12,139.7235,3922.7474261666794,Unknown
7106,"Silver (incl Prec Plated), Unwr, Semimfr Or Powder",2023,Sep,Colombia,1065959,4.12,139.7235,762906.0251138856,Unknown
7106,"Silver (incl Prec Plated), Unwr, Semimfr Or Powder",2023,Oct,Colombia,123484,4.12,139.7235,88377.40251281996,Unknown
7106,"Silver (incl Prec Plated), Unwr, Semimfr Or Powder",2023,Nov,Colombia,858928,4.12,139.7235,614734.0998471982,Unknown
7106,"Silver (incl Prec Plated), Unwr, Semimfr Or Powder",2023,Dec,Colombia,456345,4.12,139.7235,326605.76066302374,Unknown
7106,"Silver (incl Prec Plated), Unwr, Semimfr Or Powder",2024,Jan,Colombia,1546062,2.9,143.7755,1075330.6370000453,Unknown
7106,"Silver (incl Prec Plated), Unwr, Semimfr Or Powder",2024,Feb,Colombia,1021900,2.9,143.7755,710760.87372327,Unknown
7106,"Silver (incl Prec Plated), Unwr, Semimfr Or Powder",2024,Mar,Colombia,509103,2.9,143.7755,354095.795180681,Unknown
7106,"Silver (incl Prec Plated), Unwr, Semimfr Or Powder",2024,Apr,Colombia,71587,2.9,143.7755,49790.819715459176,Unknown
7106,"Silver (incl Prec Plated), Unwr, Semimfr Or Powder",2024,May,Colombia,1696779,2.9,143.7755,1180158.6501177184,Unknown
7106,"Silver (incl Prec Plated), Unwr, Semimfr Or Powder",2024,Jun,Colombia,1183537,2.9,143.7755,823184.0612621761,Unknown
7106,"Silver (incl Prec Plated), Unwr, Semimfr Or Powder",2024,Jul,Colombia,2177755,2.9,143.7755,1514691.3069333788,Unknown
7106,"Silver (incl Prec Plated), Unwr, Semimfr Or Powder",2024,Aug,Colombia,805756,2.9,143.7755,560426.4982559616,Unknown
7106,"Silver (incl Prec Plated), Unwr, Semimfr Or Powder",2024,Sep,Colombia,1136050,2.9,143.7755,790155.4854617094,Unknown
7106,"Silver (incl Prec Plated), Unwr, Semimfr Or Powder",2024,Oct,Colombia,2694290,2.9,143.7755,1873956.2721047746,Unknown
7106,"Silver (incl Prec Plated), Unwr, Semimfr Or Powder",2024,Nov,Colombia,2234060,2.9,143.7755,1553853.0556318706,Unknown
7106,"Silver (incl Prec Plated), Unwr, Semimfr Or Powder",2024,Dec,Colombia,1460952,2.9,143.7755,1016134.1814147752,Unknown
7106,"Silver (incl Prec Plated), Unwr, Semimfr Or Powder",2025,Jan,Colombia,478163,2.8,147.8012,323517.67103379406,Unknown
7106,"Silver (incl Prec Plated), Unwr, Semimfr Or Powder",2025,Feb,Colombia,870262,2.8,147.8012,588805.774242699,Unknown
7106,"Silver (incl Prec Plated), Unwr, Semimfr Or Powder",2025,Mar,Colombia,1065527,2.8,147.8012,720919.0453122167,Unknown
7106,"Silver (incl Prec Plated), Unwr, Semimfr Or Powder",2025,Apr,Colombia,1124721,2.8,147.8012,760968.7878041585,Unknown
7106,"Silver (incl Prec Plated), Unwr, Semimfr Or Powder",2025,May,Colombia,1178057,2.8,147.8012,797055.0983347903,Unknown
7106,"Silver (incl Prec Plated), Unwr, Semimfr Or Powder",2025,Jun,Colombia,1302941,2.8,147.8012,881549.6761866616,Unknown
7106,"Silver (incl Prec Plated), Unwr, Semimfr Or Powder",2025,Jul,Colombia,1651716,2.8,147.8012,1117525.4328111003,Unknown
7106,"Silver (incl Prec Plated), Unwr, Semimfr Or Powder",2025,Aug,Colombia,1503809,2.8,147.8012,1017453.8501717172,Unknown
7106,"Silver (incl Prec Plated), Unwr, Semimfr Or Powder",2025,Sep,Colombia,911885,2.8,147.8012,616967.2506041899,Unknown
7106,"Silver (incl Prec Plated), Unwr, Semimfr Or Powder",2025,Oct,Colombia,907270,2.8,147.8012,613844.813167958,Unknown
7106,"Silver (incl Prec Plated), Unwr, Semimfr Or Powder",2025,Nov,Colombia,1742632,2.8,147.8012,1179037.7885971155,Unknown
7106,"Silver (incl Prec Plated), Unwr, Semimfr Or Powder",2025,Dec,Colombia,2432776,2.8,147.8012,1645978.517089171,Unknown
7106,"Silver (incl Prec Plated), Unwr, Semimfr Or Powder",2012,Jan,Ecuador,150500,2.07,105.2954,142931.22016726277,Unknown
7106,"Silver (incl Prec Plated), Unwr, Semimfr Or Powder",2012,Feb,Ecuador,142820,2.07,105.2954,135637.4542477639,Unknown
7106,"Silver (incl Prec Plated), Unwr, Semimfr Or Powder",2012,Mar,Ecuador,480364,2.07,105.2954,456206.06408257154,Unknown
7106,"Silver (incl Prec Plated), Unwr, Semimfr Or Powder",2012,Apr,Ecuador,106712,2.07,105.2954,101345.35791687005,Unknown
7106,"Silver (incl Prec Plated), Unwr, Semimfr Or Powder",2012,May,Ecuador,100878,2.07,105.2954,95804.7550035424,Unknown
7106,"Silver (incl Prec Plated), Unwr, Semimfr Or Powder",2012,Jun,Ecuador,4815,2.07,105.2954,4572.849336248307,Unknown
7106,"Silver (incl Prec Plated), Unwr, Semimfr Or Powder",2012,Jul,Ecuador,9815,2.07,105.2954,9321.394856755376,Unknown
7106,"Silver (incl Prec Plated), Unwr, Semimfr Or Powder",2012,Oct,Ecuador,194092,2.07,105.2954,184330.9394332516,Unknown
7106,"Silver (incl Prec Plated), Unwr, Semimfr Or Powder",2012,Nov,Ecuador,76731,2.07,105.2954,72872.12926680557,Unknown
7106,"Silver (incl Prec Plated), Unwr, Semimfr Or Powder",2012,Dec,Ecuador,205837,2.07,105.2954,195485.2728609227,Unknown
7106,"Silver (incl Prec Plated), Unwr, Semimfr Or Powder",2013,Jan,Ecuador,158776,1.46,106.8327,148621.1618727225,Unknown
7106,"Silver (incl Prec Plated), Unwr, Semimfr Or Powder",2013,Feb,Ecuador,386411,1.46,106.8327,361697.3080339634,Unknown
7106,"Silver (incl Prec Plated), Unwr, Semimfr Or Powder",2013,Mar,Ecuador,118442,1.46,106.8327,110866.80389056908,Unknown
7106,"Silver (incl Prec Plated), Unwr, Semimfr Or Powder",2013,Apr,Ecuador,169000,1.46,106.8327,158191.26540843767,Unknown
7106,"Silver (incl Prec Plated), Unwr, Semimfr Or Powder",2013,Oct,Ecuador,48504,1.46,106.8327,45401.829215212194,Unknown
7106,"Silver (incl Prec Plated), Unwr, Semimfr Or Powder",2014,Feb,Ecuador,127838,1.62,108.5634,117754.23393150914,Unknown
7106,"Silver (incl Prec Plated), Unwr, Semimfr Or Powder",2015,Mar,Ecuador,9338,0.12,108.6937,8591.114296412763,Unknown
7106,"Silver (incl Prec Plated), Unwr, Semimfr Or Powder",2016,Feb,Ecuador,21263,1.26,110.0632,19318.900413580563,Unknown
7106,"Silver (incl Prec Plated), Unwr, Semimfr Or Powder",2016,Mar,Ecuador,22875,1.26,110.0632,20783.513472259576,Unknown
7106,"Silver (incl Prec Plated), Unwr, Semimfr Or Powder",2016,Apr,Ecuador,27720,1.26,110.0632,25185.529768351276,Unknown
7106,"Silver (incl Prec Plated), Unwr, Semimfr Or Powder",2017,Jan,Ecuador,60223,2.13,112.4076,53575.55894797149,Unknown
7106,"Silver (incl Prec Plated), Unwr, Semimfr Or Powder",2017,Mar,Ecuador,297700,2.13,112.4076,264839.74393190496,Unknown
7106,"Silver (incl Prec Plated), Unwr, Semimfr Or Powder",2019,Aug,Ecuador,15134,1.81,117.2345,12909.169229194478,Unknown
7106,"Silver (incl Prec Plated), Unwr, Semimfr Or Powder",2020,Mar,Ecuador,50697,1.23,118.6765,42718.65112301087,Unknown
7106,"Silver (incl Prec Plated), Unwr, Semimfr Or Powder",2020,Aug,Ecuador,66137,1.23,118.6765,55728.80898914275,Unknown
7106,"Silver (incl Prec Plated), Unwr, Semimfr Or Powder",2020,Sep,Ecuador,572159,1.23,118.6765,482116.5100082999,Unknown
7106,"Silver (incl Prec Plated), Unwr, Semimfr Or Powder",2020,Nov,Ecuador,81527,1.23,118.6765,68696.83551503457,Unknown
7106,"Silver (incl Prec Plated), Unwr, Semimfr Or Powder",2020,Dec,Ecuador,127361,1.23,118.6765,107317.79248629678,Unknown
7106,"Silver (incl Prec Plated), Unwr, Semimfr Or Powder",2021,Feb,Ecuador,37411,4.7,124.2543,30108.41475908681,Unknown
7106,"Silver (incl Prec Plated), Unwr, Semimfr Or Powder",2021,Mar,Ecuador,247999,4.7,124.2543,199589.8733484475,Unknown
7106,"Silver (incl Prec Plated), Unwr, Semimfr Or Powder",2021,Apr,Ecuador,34556,4.7,124.2543,27810.707557002053,Unknown
7106,"Silver (incl Prec Plated), Unwr, Semimfr Or Powder",2021,May,Ecuador,103598,4.7,124.2543,83375.7865924962,Unknown
7106,"Silver (incl Prec Plated), Unwr, Semimfr Or Powder",2021,Jul,Ecuador,24604,4.7,124.2543,19801.32679512902,Unknown
7106,"Silver (incl Prec Plated), Unwr, Semimfr Or Powder",2021,Oct,Ecuador,38950,4.7,124.2543,31347.003685184336,Unknown
7106,"Silver (incl Prec Plated), Unwr, Semimfr Or Powder",2022,Jan,Ecuador,206629,8.0,134.1947,153977.0199568239,Unknown
7106,"Silver (incl Prec Plated), Unwr, Semimfr Or Powder",2022,Jun,Ecuador,1252063,8.0,134.1947,933019.7094222051,Unknown
7106,"Silver (incl Prec Plated), Unwr, Semimfr Or Powder",2022,Jul,Ecuador,4169,8.0,134.1947,3106.680070077283,Unknown
7106,"Silver (incl Prec Plated), Unwr, Semimfr Or Powder",2023,Aug,Ecuador,2957,4.12,139.7235,2116.3225942665335,Unknown
7106,"Silver (incl Prec Plated), Unwr, Semimfr Or Powder",2024,Apr,Ecuador,8347,2.9,143.7755,5805.578836449882,Unknown
7106,"Silver (incl Prec Plated), Unwr, Semimfr Or Powder",2024,Jul,Ecuador,248045,2.9,143.7755,172522.4394976891,Unknown
7106,"Silver (incl Prec Plated), Unwr, Semimfr Or Powder",2024,Oct,Ecuador,141663,2.9,143.7755,98530.69542446385,Unknown
7106,"Silver (incl Prec Plated), Unwr, Semimfr Or Powder",2025,May,Ecuador,112470,2.8,147.8012,76095.45795298008,Unknown
7106,"Silver (incl Prec Plated), Unwr, Semimfr Or Powder",2025,Jun,Ecuador,119238,2.8,147.8012,80674.58180312473,Unknown
7106,"Silver (incl Prec Plated), Unwr, Semimfr Or Powder",2025,Sep,Ecuador,85792,2.8,147.8012,58045.536842732,Unknown
7106,"Silver (incl Prec Plated), Unwr, Semimfr Or Powder",2025,Dec,Ecuador,98000,2.8,147.8012,66305.28033601893,Unknown
7106,"Silver (incl Prec Plated), Unwr, Semimfr Or Powder",2012,Oct,Guyana,12000,2.07,105.2954,11396.509249216964,Unknown
7106,"Silver (incl Prec Plated), Unwr, Semimfr Or Powder",2010,Jan,Peru,3336980,1.64,100.0,3336980.0000000005,Unknown
7106,"Silver (incl Prec Plated), Unwr, Semimfr Or Powder",2010,Feb,Peru,6607507,1.64,100.0,6607507.000000001,Unknown
7106,"Silver (incl Prec Plated), Unwr, Semimfr Or Powder",2010,Mar,Peru,5400700,1.64,100.0,5400700.0,Unknown
7106,"Silver (incl Prec Plated), Unwr, Semimfr Or Powder",2010,Apr,Peru,7819190,1.64,100.0,7819189.999999999,Unknown
7106,"Silver (incl Prec Plated), Unwr, Semimfr Or Powder",2010,May,Peru,3231769,1.64,100.0,3231769.0,Unknown
7106,"Silver (incl Prec Plated), Unwr, Semimfr Or Powder",2010,Jun,Peru,4210830,1.64,100.0,4210830.0,Unknown
7106,"Silver (incl Prec Plated), Unwr, Semimfr Or Powder",2010,Jul,Peru,7710950,1.64,100.0,7710950.0,Unknown
7106,"Silver (incl Prec Plated), Unwr, Semimfr Or Powder",2010,Aug,Peru,6999831,1.64,100.0,6999831.0,Unknown
7106,"Silver (incl Prec Plated), Unwr, Semimfr Or Powder",2010,Sep,Peru,7593718,1.64,100.0,7593717.999999999,Unknown
7106,"Silver (incl Prec Plated), Unwr, Semimfr Or Powder",2010,Oct,Peru,5169067,1.64,100.0,5169067.0,Unknown
7106,"Silver (incl Prec Plated), Unwr, Semimfr Or Powder",2010,Nov,Peru,35865190,1.64,100.0,35865190.0,Unknown
7106,"Silver (incl Prec Plated), Unwr, Semimfr Or Powder",2010,Dec,Peru,14070286,1.64,100.0,14070285.999999998,Unknown
7106,"Silver (incl Prec Plated), Unwr, Semimfr Or Powder",2011,Jan,Peru,8827510,3.16,103.16,8557105.467235362,Unknown
7106,"Silver (incl Prec Plated), Unwr, Semimfr Or Powder",2011,Feb,Peru,11551010,3.16,103.16,11197179.13920124,Unknown
7106,"Silver (incl Prec Plated), Unwr, Semimfr Or Powder",2011,Mar,Peru,17070689,3.16,103.16,16547779.17797596,Unknown
7106,"Silver (incl Prec Plated), Unwr, Semimfr Or Powder",2011,Apr,Peru,12921524,3.16,103.16,12525711.516091509,Unknown
7106,"Silver (incl Prec Plated), Unwr, Semimfr Or Powder",2011,May,Peru,16015702,3.16,103.16,15525108.569212874,Unknown
7106,"Silver (incl Prec Plated), Unwr, Semimfr Or Powder",2011,Jun,Peru,12651989,3.16,103.16,12264432.919736331,Unknown
7106,"Silver (incl Prec Plated), Unwr, Semimfr Or Powder",2011,Jul,Peru,19478385,3.16,103.16,18881722.56688639,Unknown
7106,"Silver (incl Prec Plated), Unwr, Semimfr Or Powder",2011,Aug,Peru,9798164,3.16,103.16,9498026.366808841,Unknown
7106,"Silver (incl Prec Plated), Unwr, Semimfr Or Powder",2011,Sep,Peru,13766395,3.16,103.16,13344702.404032571,Unknown
7106,"Silver (incl Prec Plated), Unwr, Semimfr Or Powder",2011,Oct,Peru,13952858,3.16,103.16,13525453.664210934,Unknown
7106,"Silver (incl Prec Plated), Unwr, Semimfr Or Powder",2011,Nov,Peru,11802294,3.16,103.16,11440765.800697945,Unknown
7106,"Silver (incl Prec Plated), Unwr, Semimfr Or Powder",2011,Dec,Peru,8558251,3.16,103.16,8296094.41644048,Unknown
7106,"Silver (incl Prec Plated), Unwr, Semimfr Or Powder",2012,Jan,Peru,15806401,2.07,105.2954,15011482.932777692,Unknown
7106,"Silver (incl Prec Plated), Unwr, Semimfr Or Powder",2012,Feb,Peru,16400189,2.07,105.2954,15575408.80228386,Unknown
7106,"Silver (incl Prec Plated), Unwr, Semimfr Or Powder",2012,Mar,Peru,19746349,2.07,105.2954,18753287.418063845,Unknown
7106,"Silver (incl Prec Plated), Unwr, Semimfr Or Powder",2012,Apr,Peru,16008507,2.07,105.2954,15203424.840971211,Unknown
7106,"Silver (incl Prec Plated), Unwr, Semimfr Or Powder",2012,May,Peru,14063606,2.07,105.2954,13356334.654695267,Unknown
7106,"Silver (incl Prec Plated), Unwr, Semimfr Or Powder",2012,Jun,Peru,17954329,2.07,105.2954,17051389.709332034,Unknown
7106,"Silver (incl Prec Plated), Unwr, Semimfr Or Powder",2012,Jul,Peru,13084318,2.07,105.2954,12426295.925558003,Unknown
7106,"Silver (incl Prec Plated), Unwr, Semimfr Or Powder",2012,Aug,Peru,11137275,2.07,105.2954,10577171.462381072,Unknown
7106,"Silver (incl Prec Plated), Unwr, Semimfr Or Powder",2012,Sep,Peru,15706409,2.07,105.2954,14916519.620040381,Unknown
7106,"Silver (incl Prec Plated), Unwr, Semimfr Or Powder",2012,Oct,Peru,16636516,2.07,105.2954,15799850.705728834,Unknown
7106,"Silver (incl Prec Plated), Unwr, Semimfr Or Powder",2012,Nov,Peru,21751859,2.07,105.2954,20657938.523430273,Unknown
7106,"Silver (incl Prec Plated), Unwr, Semimfr Or Powder",2012,Dec,Peru,25476392,2.07,105.2954,24195161.422056425,Unknown
7106,"Silver (incl Prec Plated), Unwr, Semimfr Or Powder",2013,Jan,Peru,22669145,1.46,106.8327,21219294.27974768,Unknown
7106,"Silver (incl Prec Plated), Unwr, Semimfr Or Powder",2013,Feb,Peru,41212672,1.46,106.8327,38576832.748774484,Unknown
7106,"Silver (incl Prec Plated), Unwr, Semimfr Or Powder",2013,Mar,Peru,33961531,1.46,106.8327,31789453.04199931,Unknown
7106,"Silver (incl Prec Plated), Unwr, Semimfr Or Powder",2013,Apr,Peru,14736404,1.46,106.8327,13793907.670591496,Unknown
7106,"Silver (incl Prec Plated), Unwr, Semimfr Or Powder",2013,May,Peru,41342415,1.46,106.8327,38698277.77450163,Unknown
7106,"Silver (incl Prec Plated), Unwr, Semimfr Or Powder",2013,Jun,Peru,42905949,1.46,106.8327,40161812.815739,Unknown
7106,"Silver (incl Prec Plated), Unwr, Semimfr Or Powder",2013,Jul,Peru,70387066,1.46,106.8327,65885319.75696579,Unknown
7106,"Silver (incl Prec Plated), Unwr, Semimfr Or Powder",2013,Aug,Peru,31459460,1.46,106.8327,29447407.020509638,Unknown
7106,"Silver (incl Prec Plated), Unwr, Semimfr Or Powder",2013,Sep,Peru,67202900,1.46,106.8327,62904803.49181477,Unknown
7106,"Silver (incl Prec Plated), Unwr, Semimfr Or Powder",2013,Oct,Peru,44718774,1.46,106.8327,41858694.95014167,Unknown
7106,"Silver (incl Prec Plated), Unwr, Semimfr Or Powder",2013,Nov,Peru,24702436,1.46,106.8327,23122542.0681121,Unknown
7106,"Silver (incl Prec Plated), Unwr, Semimfr Or Powder",2013,Dec,Peru,41285846,1.46,106.8327,38645326.75856736,Unknown
7106,"Silver (incl Prec Plated), Unwr, Semimfr Or Powder",2014,Jan,Peru,46137706,1.62,108.5634,42498398.171022646,Unknown
7106,"Silver (incl Prec Plated), Unwr, Semimfr Or Powder",2014,Feb,Peru,41113379,1.62,108.5634,37870386.3364633,Unknown
7106,"Silver (incl Prec Plated), Unwr, Semimfr Or Powder",2014,Mar,Peru,26734637,1.62,108.5634,24625828.778391246,Unknown
7106,"Silver (incl Prec Plated), Unwr, Semimfr Or Powder",2014,Apr,Peru,49555124,1.62,108.5634,45646252.788693056,Unknown
7106,"Silver (incl Prec Plated), Unwr, Semimfr Or Powder",2014,May,Peru,39417920,1.62,108.5634,36308663.87751304,Unknown
7106,"Silver (incl Prec Plated), Unwr, Semimfr Or Powder",2014,Jun,Peru,14154924,1.62,108.5634,13038394.154936193,Unknown
7106,"Silver (incl Prec Plated), Unwr, Semimfr Or Powder",2014,Jul,Peru,9940893,1.62,108.5634,9156762.776405308,Unknown
7106,"Silver (incl Prec Plated), Unwr, Semimfr Or Powder",2014,Aug,Peru,1944138,1.62,108.5634,1790785.8449532716,Unknown
7106,"Silver (incl Prec Plated), Unwr, Semimfr Or Powder",2014,Sep,Peru,9486146,1.62,108.5634,8737885.880508533,Unknown
7106,"Silver (incl Prec Plated), Unwr, Semimfr Or Powder",2014,Oct,Peru,7780508,1.62,108.5634,7166787.333484397,Unknown
7106,"Silver (incl Prec Plated), Unwr, Semimfr Or Powder",2014,Nov,Peru,4257833,1.62,108.5634,3921978.3094486725,Unknown
7106,"Silver (incl Prec Plated), Unwr, Semimfr Or Powder",2014,Dec,Peru,18536905,1.62,108.5634,17074727.76276351,Unknown
7106,"Silver (incl Prec Plated), Unwr, Semimfr Or Powder",2015,Jan,Peru,12589083,0.12,108.6937,11582164.375672188,Unknown
7106,"Silver (incl Prec Plated), Unwr, Semimfr Or Powder",2015,Feb,Peru,4942500,0.12,108.6937,4547181.667382746,Unknown
7106,"Silver (incl Prec Plated), Unwr, Semimfr Or Powder",2015,Mar,Peru,7604241,0.12,108.6937,6996027.36865154,Unknown
7106,"Silver (incl Prec Plated), Unwr, Semimfr Or Powder",2015,Apr,Peru,9513991,0.12,108.6937,8753028.924399482,Unknown
7106,"Silver (incl Prec Plated), Unwr, Semimfr Or Powder",2015,May,Peru,11112354,0.12,108.6937,10223549.294945337,Unknown
7106,"Silver (incl Prec Plated), Unwr, Semimfr Or Powder",2015,Jun,Peru,9063131,0.12,108.6937,8338230.274615732,Unknown
7106,"Silver (incl Prec Plated), Unwr, Semimfr Or Powder",2015,Jul,Peru,10618106,0.12,108.6937,9768832.968240108,Unknown
7106,"Silver (incl Prec Plated), Unwr, Semimfr Or Powder",2015,Aug,Peru,14070345,0.12,108.6937,12944949.891300047,Unknown
7106,"Silver (incl Prec Plated), Unwr, Semimfr Or Powder",2015,Sep,Peru,48957287,0.12,108.6937,45041512.98557322,Unknown
7106,"Silver (incl Prec Plated), Unwr, Semimfr Or Powder",2015,Oct,Peru,19345467,0.12,108.6937,17798149.294761334,Unknown
7106,"Silver (incl Prec Plated), Unwr, Semimfr Or Powder",2015,Nov,Peru,10187386,0.12,108.6937,9372563.451239582,Unknown
7106,"Silver (incl Prec Plated), Unwr, Semimfr Or Powder",2015,Dec,Peru,27122063,0.12,108.6937,24952746.111320157,Unknown
7106,"Silver (incl Prec Plated), Unwr, Semimfr Or Powder",2016,Jan,Peru,8889721,1.26,110.0632,8076923.985491972,Unknown
7106,"Silver (incl Prec Plated), Unwr, Semimfr Or Powder",2016,Feb,Peru,19168192,1.26,110.0632,17415623.023862652,Unknown
7106,"Silver (incl Prec Plated), Unwr, Semimfr Or Powder",2016,Mar,Peru,10169953,1.26,110.0632,9240102.959027179,Unknown
7106,"Silver (incl Prec Plated), Unwr, Semimfr Or Powder",2016,Apr,Peru,30525973,1.26,110.0632,27734949.55625495,Unknown
7106,"Silver (incl Prec Plated), Unwr, Semimfr Or Powder",2016,May,Peru,58637624,1.26,110.0632,53276321.24088706,Unknown
7106,"Silver (incl Prec Plated), Unwr, Semimfr Or Powder",2016,Jun,Peru,49141992,1.26,110.0632,44648885.36767966,Unknown
7106,"Silver (incl Prec Plated), Unwr, Semimfr Or Powder",2016,Jul,Peru,52783503,1.26,110.0632,47957448.99294224,Unknown
7106,"Silver (incl Prec Plated), Unwr, Semimfr Or Powder",2016,Aug,Peru,20108668,1.26,110.0632,18270110.263921093,Unknown
7106,"Silver (incl Prec Plated), Unwr, Semimfr Or Powder",2016,Sep,Peru,20906874,1.26,110.0632,18995335.407293264,Unknown
7106,"Silver (incl Prec Plated), Unwr, Semimfr Or Powder",2016,Oct,Peru,17818691,1.26,110.0632,16189508.391542314,Unknown
7106,"Silver (incl Prec Plated), Unwr, Semimfr Or Powder",2016,Nov,Peru,25230295,1.26,110.0632,22923461.247719493,Unknown
7106,"Silver (incl Prec Plated), Unwr, Semimfr Or Powder",2016,Dec,Peru,19566684,1.26,110.0632,17777680.45995392,Unknown
7106,"Silver (incl Prec Plated), Unwr, Semimfr Or Powder",2017,Jan,Peru,23619341,2.13,112.4076,21012227.820894673,Unknown
7106,"Silver (incl Prec Plated), Unwr, Semimfr Or Powder",2017,Feb,Peru,12009241,2.13,112.4076,10683655.731462996,Unknown
7106,"Silver (incl Prec Plated), Unwr, Semimfr Or Powder",2017,Mar,Peru,32556276,2.13,112.4076,28962700.030958764,Unknown
7106,"Silver (incl Prec Plated), Unwr, Semimfr Or Powder",2017,Apr,Peru,23423150,2.13,112.4076,20837692.469192475,Unknown
7106,"Silver (incl Prec Plated), Unwr, Semimfr Or Powder",2017,May,Peru,22336241,2.13,112.4076,19870756.959493842,Unknown
7106,"Silver (incl Prec Plated), Unwr, Semimfr Or Powder",2017,Jun,Peru,29870879,2.13,112.4076,26573718.325095456,Unknown
7106,"Silver (incl Prec Plated), Unwr, Semimfr Or Powder",2017,Jul,Peru,15967241,2.13,112.4076,14204769.962173378,Unknown
7106,"Silver (incl Prec Plated), Unwr, Semimfr Or Powder",2017,Aug,Peru,20109472,2.13,112.4076,17889779.694611397,Unknown
7106,"Silver (incl Prec Plated), Unwr, Semimfr Or Powder",2017,Sep,Peru,8584691,2.13,112.4076,7637109.056682999,Unknown
7106,"Silver (incl Prec Plated), Unwr, Semimfr Or Powder",2017,Oct,Peru,12283538,2.13,112.4076,10927675.708759906,Unknown
7106,"Silver (incl Prec Plated), Unwr, Semimfr Or Powder",2017,Nov,Peru,20421216,2.13,112.4076,18167113.255687337,Unknown
7106,"Silver (incl Prec Plated), Unwr, Semimfr Or Powder",2017,Dec,Peru,22019637,2.13,112.4076,19589099.847341284,Unknown
7106,"Silver (incl Prec Plated), Unwr, Semimfr Or Powder",2018,Jan,Peru,18235539,2.44,115.1503,15836293.088250747,Unknown
7106,"Silver (incl Prec Plated), Unwr, Semimfr Or Powder",2018,Feb,Peru,18955834,2.44,115.1503,16461819.03130083,Unknown
7106,"Silver (incl Prec Plated), Unwr, Semimfr Or Powder",2018,Mar,Peru,21328617,2.44,115.1503,18522415.48654237,Unknown
7106,"Silver (incl Prec Plated), Unwr, Semimfr Or Powder",2018,Apr,Peru,18946563,2.44,115.1503,16453767.81476036,Unknown
7106,"Silver (incl Prec Plated), Unwr, Semimfr Or Powder",2018,May,Peru,21191032,2.44,115.1503,18402932.515156277,Unknown
7106,"Silver (incl Prec Plated), Unwr, Semimfr Or Powder",2018,Jun,Peru,23316409,2.44,115.1503,20248674.124166414,Unknown
7106,"Silver (incl Prec Plated), Unwr, Semimfr Or Powder",2018,Jul,Peru,9421242,2.44,115.1503,8181691.233110118,Unknown
7106,"Silver (incl Prec Plated), Unwr, Semimfr Or Powder",2018,Aug,Peru,12693841,2.44,115.1503,11023715.092361895,Unknown
7106,"Silver (incl Prec Plated), Unwr, Semimfr Or Powder",2018,Sep,Peru,12313601,2.44,115.1503,10693503.18670468,Unknown
7106,"Silver (incl Prec Plated), Unwr, Semimfr Or Powder",2018,Oct,Peru,18788386,2.44,115.1503,16316402.128348775,Unknown
7106,"Silver (incl Prec Plated), Unwr, Semimfr Or Powder",2018,Nov,Peru,5775943,2.44,115.1503,5016003.432036216,Unknown
7106,"Silver (incl Prec Plated), Unwr, Semimfr Or Powder",2018,Dec,Peru,9140953,2.44,115.1503,7938279.796057848,Unknown
7106,"Silver (incl Prec Plated), Unwr, Semimfr Or Powder",2019,Jan,Peru,2091239,1.81,117.2345,1783808.5205293663,Unknown
7106,"Silver (incl Prec Plated), Unwr, Semimfr Or Powder",2019,Feb,Peru,2109712,1.81,117.2345,1799565.8274654644,Unknown
7106,"Silver (incl Prec Plated), Unwr, Semimfr Or Powder",2019,Apr,Peru,4251498,1.81,117.2345,3626490.495545253,Unknown
7106,"Silver (incl Prec Plated), Unwr, Semimfr Or Powder",2019,May,Peru,3848696,1.81,117.2345,3282903.923333149,Unknown
7106,"Silver (incl Prec Plated), Unwr, Semimfr Or Powder",2019,Jun,Peru,3031574,1.81,117.2345,2585906.025956523,Unknown
7106,"Silver (incl Prec Plated), Unwr, Semimfr Or Powder",2019,Jul,Peru,2514539,1.81,117.2345,2144879.7069122144,Unknown
7106,"Silver (incl Prec Plated), Unwr, Semimfr Or Powder",2019,Aug,Peru,5225718,1.81,117.2345,4457491.608698804,Unknown
7106,"Silver (incl Prec Plated), Unwr, Semimfr Or Powder",2019,Sep,Peru,4562114,1.81,117.2345,3891443.218506498,Unknown
7106,"Silver (incl Prec Plated), Unwr, Semimfr Or Powder",2019,Oct,Peru,5077545,1.81,117.2345,4331101.339622722,Unknown
7106,"Silver (incl Prec Plated), Unwr, Semimfr Or Powder",2019,Nov,Peru,4816799,1.81,117.2345,4108687.2891512313,Unknown
7106,"Silver (incl Prec Plated), Unwr, Semimfr Or Powder",2019,Dec,Peru,4809905,1.81,117.2345,4102806.7676323955,Unknown
7106,"Silver (incl Prec Plated), Unwr, Semimfr Or Powder",2020,Jan,Peru,4301468,1.23,118.6765,3624532.236794985,Unknown
7106,"Silver (incl Prec Plated), Unwr, Semimfr Or Powder",2020,Feb,Peru,3585944,1.23,118.6765,3021612.5349163483,Unknown
7106,"Silver (incl Prec Plated), Unwr, Semimfr Or Powder",2020,Mar,Peru,3782284,1.23,118.6765,3187053.881771033,Unknown
7106,"Silver (incl Prec Plated), Unwr, Semimfr Or Powder",2020,Apr,Peru,4133760,1.23,118.6765,3483216.9806153704,Unknown
7106,"Silver (incl Prec Plated), Unwr, Semimfr Or Powder",2020,May,Peru,4884187,1.23,118.6765,4115546.8858619863,Unknown
7106,"Silver (incl Prec Plated), Unwr, Semimfr Or Powder",2020,Jun,Peru,3808415,1.23,118.6765,3209072.5628072955,Unknown
7106,"Silver (incl Prec Plated), Unwr, Semimfr Or Powder",2020,Jul,Peru,7845365,1.23,118.6765,6610714.842449853,Unknown
7106,"Silver (incl Prec Plated), Unwr, Semimfr Or Powder",2020,Aug,Peru,5277764,1.23,118.6765,4447185.415815262,Unknown
7106,"Silver (incl Prec Plated), Unwr, Semimfr Or Powder",2020,Sep,Peru,7487522,1.23,118.6765,6309186.738739346,Unknown
7106,"Silver (incl Prec Plated), Unwr, Semimfr Or Powder",2020,Oct,Peru,6137601,1.23,118.6765,5171707.119775187,Unknown
7106,"Silver (incl Prec Plated), Unwr, Semimfr Or Powder",2020,Nov,Peru,5845305,1.23,118.6765,4925410.675238989,Unknown
7106,"Silver (incl Prec Plated), Unwr, Semimfr Or Powder",2020,Dec,Peru,6461199,1.23,118.6765,5444379.468555274,Unknown
7106,"Silver (incl Prec Plated), Unwr, Semimfr Or Powder",2021,Jan,Peru,165060,4.7,124.2543,132840.47312648335,Unknown
7106,"Silver (incl Prec Plated), Unwr, Semimfr Or Powder",2021,Feb,Peru,2406235,4.7,124.2543,1936540.6267630174,Unknown
7106,"Silver (incl Prec Plated), Unwr, Semimfr Or Powder",2021,Mar,Peru,3281168,4.7,124.2543,2640687.68646236,Unknown
7106,"Silver (incl Prec Plated), Unwr, Semimfr Or Powder",2021,Apr,Peru,2310998,4.7,124.2543,1859893.782347975,Unknown
7106,"Silver (incl Prec Plated), Unwr, Semimfr Or Powder",2021,May,Peru,6177649,4.7,124.2543,4971778.8438709965,Unknown
7106,"Silver (incl Prec Plated), Unwr, Semimfr Or Powder",2021,Jun,Peru,2798960,4.7,124.2543,2252606.1472319267,Unknown
7106,"Silver (incl Prec Plated), Unwr, Semimfr Or Powder",2021,Jul,Peru,4412296,4.7,124.2543,3551020.7695025443,Unknown
7106,"Silver (incl Prec Plated), Unwr, Semimfr Or Powder",2021,Aug,Peru,3345274,4.7,124.2543,2692280.2671617805,Unknown
7106,"Silver (incl Prec Plated), Unwr, Semimfr Or Powder",2021,Sep,Peru,4179464,4.7,124.2543,3363637.3147649616,Unknown
7106,"Silver (incl Prec Plated), Unwr, Semimfr Or Powder",2021,Oct,Peru,2991705,4.7,124.2543,2407727.539409099,Unknown
7106,"Silver (incl Prec Plated), Unwr, Semimfr Or Powder",2021,Nov,Peru,2946917,4.7,124.2543,2371682.106776184,Unknown
7106,"Silver (incl Prec Plated), Unwr, Semimfr Or Powder",2021,Dec,Peru,4077067,4.7,124.2543,3281228.0943194726,Unknown
7106,"Silver (incl Prec Plated), Unwr, Semimfr Or Powder",2022,Jan,Peru,2460756,8.0,134.1947,1833720.705810289,Unknown
7106,"Silver (incl Prec Plated), Unwr, Semimfr Or Powder",2022,Feb,Peru,1847571,8.0,134.1947,1376783.8819267822,Unknown
7106,"Silver (incl Prec Plated), Unwr, Semimfr Or Powder",2022,Mar,Peru,2809747,8.0,134.1947,2093783.8826719683,Unknown
7106,"Silver (incl Prec Plated), Unwr, Semimfr Or Powder",2022,Apr,Peru,2976112,8.0,134.1947,2217756.73703954,Unknown
7106,"Silver (incl Prec Plated), Unwr, Semimfr Or Powder",2022,May,Peru,3183916,8.0,134.1947,2372609.3504437953,Unknown
7106,"Silver (incl Prec Plated), Unwr, Semimfr Or Powder",2022,Jun,Peru,3820144,8.0,134.1947,2846717.493313819,Unknown
7106,"Silver (incl Prec Plated), Unwr, Semimfr Or Powder",2022,Jul,Peru,1963230,8.0,134.1947,1462971.3394046111,Unknown
7106,"Silver (incl Prec Plated), Unwr, Semimfr Or Powder",2022,Aug,Peru,2833666,8.0,134.1947,2111607.9845180176,Unknown
7106,"Silver (incl Prec Plated), Unwr, Semimfr Or Powder",2022,Sep,Peru,2828529,8.0,134.1947,2107779.964484439,Unknown
7106,"Silver (incl Prec Plated), Unwr, Semimfr Or Powder",2022,Oct,Peru,2312212,8.0,134.1947,1723027.8095930761,Unknown
7106,"Silver (incl Prec Plated), Unwr, Semimfr Or Powder",2022,Nov,Peru,277455,8.0,134.1947,206755.55741024046,Unknown
7106,"Silver (incl Prec Plated), Unwr, Semimfr Or Powder",2022,Dec,Peru,8664554,8.0,134.1947,6456703.580692829,Unknown
7106,"Silver (incl Prec Plated), Unwr, Semimfr Or Powder",2023,Jan,Peru,2497907,4.12,139.7235,1787750.0921462746,Unknown
7106,"Silver (incl Prec Plated), Unwr, Semimfr Or Powder",2023,Feb,Peru,4610925,4.12,139.7235,3300035.4271114017,Unknown
7106,"Silver (incl Prec Plated), Unwr, Semimfr Or Powder",2023,Mar,Peru,3208704,4.12,139.7235,2296466.950799257,Unknown
7106,"Silver (incl Prec Plated), Unwr, Semimfr Or Powder",2023,Apr,Peru,3199764,4.12,139.7235,2290068.5997702605,Unknown
7106,"Silver (incl Prec Plated), Unwr, Semimfr Or Powder",2023,May,Peru,5943354,4.12,139.7235,4253653.823444159,Unknown
7106,"Silver (incl Prec Plated), Unwr, Semimfr Or Powder",2023,Jun,Peru,3957568,4.12,139.7235,2832428.3316693325,Unknown
7106,"Silver (incl Prec Plated), Unwr, Semimfr Or Powder",2023,Jul,Peru,4302659,4.12,139.7235,3079409.6912831413,Unknown
7106,"Silver (incl Prec Plated), Unwr, Semimfr Or Powder",2023,Aug,Peru,3458858,4.12,139.7235,2475501.9735405995,Unknown
7106,"Silver (incl Prec Plated), Unwr, Semimfr Or Powder",2023,Sep,Peru,4073795,4.12,139.7235,2915611.9049408296,Unknown
7106,"Silver (incl Prec Plated), Unwr, Semimfr Or Powder",2023,Oct,Peru,2312281,4.12,139.7235,1654897.7086889462,Unknown
7106,"Silver (incl Prec Plated), Unwr, Semimfr Or Powder",2023,Nov,Peru,2994034,4.12,139.7235,2142827.799189113,Unknown
7106,"Silver (incl Prec Plated), Unwr, Semimfr Or Powder",2023,Dec,Peru,4553045,4.12,139.7235,3258610.756243581,Unknown
7106,"Silver (incl Prec Plated), Unwr, Semimfr Or Powder",2024,Jan,Peru,3875555,2.9,143.7755,2695560.0919489064,Unknown
7106,"Silver (incl Prec Plated), Unwr, Semimfr Or Powder",2024,Feb,Peru,3644701,2.9,143.7755,2534994.487934314,Unknown
7106,"Silver (incl Prec Plated), Unwr, Semimfr Or Powder",2024,Mar,Peru,3721053,2.9,143.7755,2588099.5023491485,Unknown
7106,"Silver (incl Prec Plated), Unwr, Semimfr Or Powder",2024,Apr,Peru,4505860,2.9,143.7755,3133955.3679173435,Unknown
7106,"Silver (incl Prec Plated), Unwr, Semimfr Or Powder",2024,May,Peru,5363135,2.9,143.7755,3730214.814067766,Unknown
7106,"Silver (incl Prec Plated), Unwr, Semimfr Or Powder",2024,Jun,Peru,6223184,2.9,143.7755,4328403.657090395,Unknown
7106,"Silver (incl Prec Plated), Unwr, Semimfr Or Powder",2024,Jul,Peru,10215178,2.9,143.7755,7104950.426185268,Unknown
7106,"Silver (incl Prec Plated), Unwr, Semimfr Or Powder",2024,Aug,Peru,6881559,2.9,143.7755,4786322.426282642,Unknown
7106,"Silver (incl Prec Plated), Unwr, Semimfr Or Powder",2024,Sep,Peru,4469501,2.9,143.7755,3108666.636527086,Unknown
7106,"Silver (incl Prec Plated), Unwr, Semimfr Or Powder",2024,Oct,Peru,1042225,2.9,143.7755,724897.496444109,Unknown
7106,"Silver (incl Prec Plated), Unwr, Semimfr Or Powder",2024,Nov,Peru,3754801,2.9,143.7755,2611572.208060483,Unknown
7106,"Silver (incl Prec Plated), Unwr, Semimfr Or Powder",2024,Dec,Peru,10771763,2.9,143.7755,7492071.31952245,Unknown
7106,"Silver (incl Prec Plated), Unwr, Semimfr Or Powder",2025,Jan,Peru,5602013,2.8,147.8012,3790235.126643086,Unknown
7106,"Silver (incl Prec Plated), Unwr, Semimfr Or Powder",2025,Feb,Peru,4885193,2.8,147.8012,3305245.8302097684,Unknown
7106,"Silver (incl Prec Plated), Unwr, Semimfr Or Powder",2025,Mar,Peru,3811965,2.8,147.8012,2579116.4077152284,Unknown
7106,"Silver (incl Prec Plated), Unwr, Semimfr Or Powder",2025,Apr,Peru,3352380,2.8,147.8012,2268168.3233965626,Unknown
7106,"Silver (incl Prec Plated), Unwr, Semimfr Or Powder",2025,May,Peru,5723733,2.8,147.8012,3872588.9911583937,Unknown
7106,"Silver (incl Prec Plated), Unwr, Semimfr Or Powder",2025,Jun,Peru,5517424,2.8,147.8012,3733003.5209457027,Unknown
7106,"Silver (incl Prec Plated), Unwr, Semimfr Or Powder",2025,Jul,Peru,5774771,2.8,147.8012,3907120.5105235954,Unknown
7106,"Silver (incl Prec Plated), Unwr, Semimfr Or Powder",2025,Aug,Peru,5855514,2.8,147.8012,3961749.972260036,Unknown
7106,"Silver (incl Prec Plated), Unwr, Semimfr Or Powder",2025,Sep,Peru,6849502,2.8,147.8012,4634266.839511451,Unknown
7106,"Silver (incl Prec Plated), Unwr, Semimfr Or Powder",2025,Oct,Peru,6068936,2.8,147.8012,4106147.9879730344,Unknown
7106,"Silver (incl Prec Plated), Unwr, Semimfr Or Powder",2025,Nov,Peru,6145645,2.8,147.8012,4158048.107863806,Unknown
7106,"Silver (incl Prec Plated), Unwr, Semimfr Or Powder",2025,Dec,Peru,6872896,2.8,147.8012,4650094.85714595,Unknown
7106,"Silver (incl Prec Plated), Unwr, Semimfr Or Powder",2024,May,Uruguay,48641,2.9,143.7755,33831.21602776551,Unknown
7106,"Silver (incl Prec Plated), Unwr, Semimfr Or Powder",2024,Sep,Uruguay,18800,2.9,143.7755,13075.941311280434,Unknown
7106,"Silver (incl Prec Plated), Unwr, Semimfr Or Powder",2024,Oct,Uruguay,10900,2.9,143.7755,7581.263845370038,Unknown
7106,"Silver (incl Prec Plated), Unwr, Semimfr Or Powder",2024,Nov,Uruguay,40400,2.9,143.7755,28099.36324338987,Unknown
7106,"Silver (incl Prec Plated), Unwr, Semimfr Or Powder",2024,Dec,Uruguay,114000,2.9,143.7755,79290.28241946646,Unknown
7106,"Silver (incl Prec Plated), Unwr, Semimfr Or Powder",2010,May,Venezuela,30280,1.64,100.0,30280.0,Unknown
7106,"Silver (incl Prec Plated), Unwr, Semimfr Or Powder",2013,Jan,Venezuela,7300,1.46,106.8327,6833.113831252041,Unknown
7106,"Silver (incl Prec Plated), Unwr, Semimfr Or Powder",2013,Feb,Venezuela,11055,1.46,106.8327,10347.955260889223,Unknown
7106,"Silver (incl Prec Plated), Unwr, Semimfr Or Powder",2013,Mar,Venezuela,10850,1.46,106.8327,10156.066447819814,Unknown
7106,"Silver (incl Prec Plated), Unwr, Semimfr Or Powder",2013,Apr,Venezuela,3153,1.46,106.8327,2951.343549306532,Unknown
7106,"Silver (incl Prec Plated), Unwr, Semimfr Or Powder",2016,Aug,Venezuela,17813,1.26,110.0632,16184.337725961086,Unknown
7106,"Silver (incl Prec Plated), Unwr, Semimfr Or Powder",2016,Sep,Venezuela,7795,1.26,110.0632,7082.294536230094,Unknown
7106,"Silver (incl Prec Plated), Unwr, Semimfr Or Powder",2016,Oct,Venezuela,9763,1.26,110.0632,8870.35812151564,Unknown
7106,"Silver (incl Prec Plated), Unwr, Semimfr Or Powder",2016,Nov,Venezuela,7930,1.26,110.0632,7204.951337049986,Unknown
8105,"Cobalt Mattes Etc, Cobalt & Art, Inc Waste & Scrap",2010,Mar,Brazil,636070,1.64,100.0,636070.0,Unknown
8105,"Cobalt Mattes Etc, Cobalt & Art, Inc Waste & Scrap",2010,Apr,Brazil,513144,1.64,100.0,513143.99999999994,Unknown
8105,"Cobalt Mattes Etc, Cobalt & Art, Inc Waste & Scrap",2010,May,Brazil,1818132,1.64,100.0,1818132.0,Unknown
8105,"Cobalt Mattes Etc, Cobalt & Art, Inc Waste & Scrap",2010,Jun,Brazil,856009,1.64,100.0,856009.0,Unknown
8105,"Cobalt Mattes Etc, Cobalt & Art, Inc Waste & Scrap",2010,Jul,Brazil,614504,1.64,100.0,614504.0,Unknown
8105,"Cobalt Mattes Etc, Cobalt & Art, Inc Waste & Scrap",2010,Sep,Brazil,1010398,1.64,100.0,1010398.0,Unknown
8105,"Cobalt Mattes Etc, Cobalt & Art, Inc Waste & Scrap",2010,Oct,Brazil,212342,1.64,100.0,212342.0,Unknown
8105,"Cobalt Mattes Etc, Cobalt & Art, Inc Waste & Scrap",2010,Dec,Brazil,858671,1.64,100.0,858670.9999999999,Unknown
8105,"Cobalt Mattes Etc, Cobalt & Art, Inc Waste & Scrap",2011,Feb,Brazil,1485911,3.16,103.16,1440394.5327646376,Unknown
8105,"Cobalt Mattes Etc, Cobalt & Art, Inc Waste & Scrap",2011,Mar,Brazil,386911,3.16,103.16,375059.13144629705,Unknown
8105,"Cobalt Mattes Etc, Cobalt & Art, Inc Waste & Scrap",2011,Apr,Brazil,766261,3.16,103.16,742788.8716556805,Unknown
8105,"Cobalt Mattes Etc, Cobalt & Art, Inc Waste & Scrap",2011,May,Brazil,1883449,3.16,103.16,1825755.137650252,Unknown
8105,"Cobalt Mattes Etc, Cobalt & Art, Inc Waste & Scrap",2011,Jun,Brazil,962519,3.16,103.16,933035.0911205894,Unknown
8105,"Cobalt Mattes Etc, Cobalt & Art, Inc Waste & Scrap",2011,Jul,Brazil,159418,3.16,103.16,154534.70337340055,Unknown
8105,"Cobalt Mattes Etc, Cobalt & Art, Inc Waste & Scrap",2011,Aug,Brazil,908687,3.16,103.16,880852.0744474602,Unknown
8105,"Cobalt Mattes Etc, Cobalt & Art, Inc Waste & Scrap",2011,Sep,Brazil,326693,3.16,103.16,316685.7309034509,Unknown
8105,"Cobalt Mattes Etc, Cobalt & Art, Inc Waste & Scrap",2011,Oct,Brazil,1987897,3.16,103.16,1927003.6835982942,Unknown
8105,"Cobalt Mattes Etc, Cobalt & Art, Inc Waste & Scrap",2011,Nov,Brazil,2269300,3.16,103.16,2199786.739046142,Unknown
8105,"Cobalt Mattes Etc, Cobalt & Art, Inc Waste & Scrap",2011,Dec,Brazil,2388974,3.16,103.16,2315794.8817371074,Unknown
8105,"Cobalt Mattes Etc, Cobalt & Art, Inc Waste & Scrap",2012,Jan,Brazil,1069577,2.07,105.2954,1015787.0144374778,Unknown
8105,"Cobalt Mattes Etc, Cobalt & Art, Inc Waste & Scrap",2012,Feb,Brazil,2554431,2.07,105.2954,2425966.3764988785,Unknown
8105,"Cobalt Mattes Etc, Cobalt & Art, Inc Waste & Scrap",2012,Mar,Brazil,1104707,2.07,105.2954,1049150.2952645603,Unknown
8105,"Cobalt Mattes Etc, Cobalt & Art, Inc Waste & Scrap",2012,Apr,Brazil,1636546,2.07,105.2954,1554242.6354807522,Unknown
8105,"Cobalt Mattes Etc, Cobalt & Art, Inc Waste & Scrap",2012,May,Brazil,1161419,2.07,105.2954,1103010.1979763599,Unknown
8105,"Cobalt Mattes Etc, Cobalt & Art, Inc Waste & Scrap",2012,Jun,Brazil,606260,2.07,105.2954,575770.6414525231,Unknown
8105,"Cobalt Mattes Etc, Cobalt & Art, Inc Waste & Scrap",2012,Jul,Brazil,2026880,2.07,105.2954,1924946.3889210736,Unknown
8105,"Cobalt Mattes Etc, Cobalt & Art, Inc Waste & Scrap",2012,Aug,Brazil,1605989,2.07,105.2954,1525222.3743867252,Unknown
8105,"Cobalt Mattes Etc, Cobalt & Art, Inc Waste & Scrap",2012,Sep,Brazil,1089886,2.07,105.2954,1035074.6566326733,Unknown
8105,"Cobalt Mattes Etc, Cobalt & Art, Inc Waste & Scrap",2012,Oct,Brazil,1089544,2.07,105.2954,1034749.8561190707,Unknown
8105,"Cobalt Mattes Etc, Cobalt & Art, Inc Waste & Scrap",2012,Nov,Brazil,696000,2.07,105.2954,660997.536454584,Unknown
8105,"Cobalt Mattes Etc, Cobalt & Art, Inc Waste & Scrap",2013,Jan,Brazil,1555070,1.46,106.8327,1455612.373365084,Unknown
8105,"Cobalt Mattes Etc, Cobalt & Art, Inc Waste & Scrap",2013,Feb,Brazil,1317648,1.46,106.8327,1233375.1744550124,Unknown
8105,"Cobalt Mattes Etc, Cobalt & Art, Inc Waste & Scrap",2013,Mar,Brazil,591593,1.46,106.8327,553756.480927656,Unknown
8105,"Cobalt Mattes Etc, Cobalt & Art, Inc Waste & Scrap",2013,Apr,Brazil,1824181,1.46,106.8327,1707511.8386037233,Unknown
8105,"Cobalt Mattes Etc, Cobalt & Art, Inc Waste & Scrap",2013,May,Brazil,1077613,1.46,106.8327,1008692.0952105487,Unknown
8105,"Cobalt Mattes Etc, Cobalt & Art, Inc Waste & Scrap",2013,Sep,Brazil,8580,1.46,106.8327,8031.248859197605,Unknown
8105,"Cobalt Mattes Etc, Cobalt & Art, Inc Waste & Scrap",2013,Oct,Brazil,527238,1.46,106.8327,493517.4342687211,Unknown
8105,"Cobalt Mattes Etc, Cobalt & Art, Inc Waste & Scrap",2013,Dec,Brazil,1092839,1.46,106.8327,1022944.2857851575,Unknown
8105,"Cobalt Mattes Etc, Cobalt & Art, Inc Waste & Scrap",2014,Apr,Brazil,568473,1.62,108.5634,523632.2738602513,Unknown
8105,"Cobalt Mattes Etc, Cobalt & Art, Inc Waste & Scrap",2014,Jun,Brazil,591365,1.62,108.5634,544718.5699784642,Unknown
8105,"Cobalt Mattes Etc, Cobalt & Art, Inc Waste & Scrap",2014,Aug,Brazil,585327,1.62,108.5634,539156.8429139102,Unknown
8105,"Cobalt Mattes Etc, Cobalt & Art, Inc Waste & Scrap",2014,Sep,Brazil,592690,1.62,108.5634,545939.0549669594,Unknown
8105,"Cobalt Mattes Etc, Cobalt & Art, Inc Waste & Scrap",2015,Jan,Brazil,2397127,0.12,108.6937,2205396.4489202225,Unknown
8105,"Cobalt Mattes Etc, Cobalt & Art, Inc Waste & Scrap",2015,Apr,Brazil,1347023,0.12,108.6937,1239283.4175301788,Unknown
8105,"Cobalt Mattes Etc, Cobalt & Art, Inc Waste & Scrap",2015,Aug,Brazil,547099,0.12,108.6937,503340.119988555,Unknown
8105,"Cobalt Mattes Etc, Cobalt & Art, Inc Waste & Scrap",2015,Oct,Brazil,881760,0.12,108.6937,811233.7697585048,Unknown
8105,"Cobalt Mattes Etc, Cobalt & Art, Inc Waste & Scrap",2015,Nov,Brazil,609341,0.12,108.6937,560603.7884440403,Unknown
8105,"Cobalt Mattes Etc, Cobalt & Art, Inc Waste & Scrap",2016,Jul,Brazil,278082,1.26,110.0632,252656.65544886937,Unknown
8105,"Cobalt Mattes Etc, Cobalt & Art, Inc Waste & Scrap",2016,Sep,Brazil,108324,1.26,110.0632,98419.81697788181,Unknown
8105,"Cobalt Mattes Etc, Cobalt & Art, Inc Waste & Scrap",2016,Oct,Brazil,2371,1.26,110.0632,2154.2168499552986,Unknown
8105,"Cobalt Mattes Etc, Cobalt & Art, Inc Waste & Scrap",2016,Dec,Brazil,34969,1.26,110.0632,31771.745687932023,Unknown
8105,"Cobalt Mattes Etc, Cobalt & Art, Inc Waste & Scrap",2017,May,Brazil,1121257,2.13,112.4076,997492.1624516492,Unknown
8105,"Cobalt Mattes Etc, Cobalt & Art, Inc Waste & Scrap",2017,Nov,Brazil,715075,2.13,112.4076,636144.7090766104,Unknown
8105,"Cobalt Mattes Etc, Cobalt & Art, Inc Waste & Scrap",2018,Jan,Brazil,248178,2.44,115.1503,215525.27435881624,Unknown
8105,"Cobalt Mattes Etc, Cobalt & Art, Inc Waste & Scrap",2018,Mar,Brazil,3620,2.44,115.1503,3143.717385017668,Unknown
8105,"Cobalt Mattes Etc, Cobalt & Art, Inc Waste & Scrap",2019,Oct,Brazil,25811,1.81,117.2345,22016.556559715784,Unknown
8105,"Cobalt Mattes Etc, Cobalt & Art, Inc Waste & Scrap",2019,Nov,Brazil,709833,1.81,117.2345,605481.3216246071,Unknown
8105,"Cobalt Mattes Etc, Cobalt & Art, Inc Waste & Scrap",2020,Jan,Brazil,6446,1.23,118.6765,5431.5723837491,Unknown
8105,"Cobalt Mattes Etc, Cobalt & Art, Inc Waste & Scrap",2021,Jan,Brazil,6656,4.7,124.2543,5356.756265175531,Unknown
8105,"Cobalt Mattes Etc, Cobalt & Art, Inc Waste & Scrap",2024,Jan,Brazil,23665,2.9,143.7755,16459.688889970825,Unknown
8105,"Cobalt Mattes Etc, Cobalt & Art, Inc Waste & Scrap",2024,Jun,Brazil,3517,2.9,143.7755,2446.1747655198556,Unknown
8105,"Cobalt Mattes Etc, Cobalt & Art, Inc Waste & Scrap",2024,Aug,Brazil,4497,2.9,143.7755,3127.792982810006,Unknown
8105,"Cobalt Mattes Etc, Cobalt & Art, Inc Waste & Scrap",2024,Sep,Brazil,2459,2.9,143.7755,1710.3053023637547,Unknown
8105,"Cobalt Mattes Etc, Cobalt & Art, Inc Waste & Scrap",2025,Feb,Brazil,15361,2.8,147.8012,10393.014400424354,Unknown
8105,"Cobalt Mattes Etc, Cobalt & Art, Inc Waste & Scrap",2025,Jun,Brazil,22971,2.8,147.8012,15541.822393864191,Unknown
8105,"Cobalt Mattes Etc, Cobalt & Art, Inc Waste & Scrap",2025,Sep,Brazil,4113,2.8,147.8012,2782.7920206331205,Unknown
8105,"Cobalt Mattes Etc, Cobalt & Art, Inc Waste & Scrap",2014,Aug,Colombia,3791,1.62,108.5634,3491.9687482153286,Unknown
8105,"Cobalt Mattes Etc, Cobalt & Art, Inc Waste & Scrap",2017,Mar,Colombia,8253,2.13,112.4076,7342.030254182102,Unknown
8105,"Cobalt Mattes Etc, Cobalt & Art, Inc Waste & Scrap",2020,Dec,Colombia,4829,1.23,118.6765,4069.0448403854175,Unknown
8105,"Cobalt Mattes Etc, Cobalt & Art, Inc Waste & Scrap",2021,Jul,Colombia,13396,4.7,124.2543,10781.115824563012,Unknown
8105,"Cobalt Mattes Etc, Cobalt & Art, Inc Waste & Scrap",2023,Aug,Colombia,15127,4.12,139.7235,10826.382104656697,Unknown
8105,"Cobalt Mattes Etc, Cobalt & Art, Inc Waste & Scrap",2024,Mar,Colombia,18874,2.9,143.7755,13127.41044197377,Unknown
8105,"Cobalt Mattes Etc, Cobalt & Art, Inc Waste & Scrap",2024,May,Colombia,2897,2.9,143.7755,2014.9469137648628,Unknown
8105,"Cobalt Mattes Etc, Cobalt & Art, Inc Waste & Scrap",2024,Aug,Colombia,7494,2.9,143.7755,5212.292775890191,Unknown
8105,"Cobalt Mattes Etc, Cobalt & Art, Inc Waste & Scrap",2024,Oct,Colombia,7876,2.9,143.7755,5477.984774874718,Unknown
8105,"Cobalt Mattes Etc, Cobalt & Art, Inc Waste & Scrap",2025,Mar,Colombia,7254,2.8,147.8012,4907.943913851849,Unknown
8105,"Cobalt Mattes Etc, Cobalt & Art, Inc Waste & Scrap",2011,Oct,Peru,51160,3.16,103.16,49592.865451725476,Unknown
2602,Manganese Ores A Concntrts Inc Ferr Mangn Iron Ore,2013,Apr,Argentina,120000,1.46,106.8327,112325.15886989656,Ore / Raw
2602,Manganese Ores A Concntrts Inc Ferr Mangn Iron Ore,2010,Feb,Brazil,1228279,1.64,100.0,1228279.0,Ore / Raw
2602,Manganese Ores A Concntrts Inc Ferr Mangn Iron Ore,2010,Aug,Brazil,1293675,1.64,100.0,1293675.0,Ore / Raw
2602,Manganese Ores A Concntrts Inc Ferr Mangn Iron Ore,2011,Jan,Brazil,1142773,3.16,103.16,1107767.5455602945,Ore / Raw
2602,Manganese Ores A Concntrts Inc Ferr Mangn Iron Ore,2011,May,Brazil,86840,3.16,103.16,84179.91469561846,Ore / Raw
2602,Manganese Ores A Concntrts Inc Ferr Mangn Iron Ore,2011,Jun,Brazil,964901,3.16,103.16,935344.1256300892,Ore / Raw
2602,Manganese Ores A Concntrts Inc Ferr Mangn Iron Ore,2011,Aug,Brazil,2539,3.16,103.16,2461.2252811167123,Ore / Raw
2602,Manganese Ores A Concntrts Inc Ferr Mangn Iron Ore,2011,Oct,Brazil,18547,3.16,103.16,17978.86777820861,Ore / Raw
2602,Manganese Ores A Concntrts Inc Ferr Mangn Iron Ore,2011,Nov,Brazil,37645,3.16,103.16,36491.85730903451,Ore / Raw
2602,Manganese Ores A Concntrts Inc Ferr Mangn Iron Ore,2011,Dec,Brazil,1272880,3.16,103.16,1233889.104303994,Ore / Raw
2602,Manganese Ores A Concntrts Inc Ferr Mangn Iron Ore,2012,Feb,Brazil,687216,2.07,105.2954,652655.2916841571,Ore / Raw
2602,Manganese Ores A Concntrts Inc Ferr Mangn Iron Ore,2012,Apr,Brazil,842475,2.07,105.2954,800106.1774778386,Ore / Raw
2602,Manganese Ores A Concntrts Inc Ferr Mangn Iron Ore,2012,Jun,Brazil,120900,2.07,105.2954,114819.83068586091,Ore / Raw
2602,Manganese Ores A Concntrts Inc Ferr Mangn Iron Ore,2012,Aug,Brazil,40500,2.07,105.2954,38463.21871610726,Ore / Raw
2602,Manganese Ores A Concntrts Inc Ferr Mangn Iron Ore,2012,Sep,Brazil,17840,2.07,105.2954,16942.81041716922,Ore / Raw
2602,Manganese Ores A Concntrts Inc Ferr Mangn Iron Ore,2012,Nov,Brazil,1410801,2.07,105.2954,1339850.5537753787,Ore / Raw
2602,Manganese Ores A Concntrts Inc Ferr Mangn Iron Ore,2013,Jan,Brazil,42358,1.46,106.8327,39648.90899509232,Ore / Raw
2602,Manganese Ores A Concntrts Inc Ferr Mangn Iron Ore,2013,Mar,Brazil,1378583,1.46,106.8327,1290412.9540861552,Ore / Raw
2602,Manganese Ores A Concntrts Inc Ferr Mangn Iron Ore,2013,Apr,Brazil,20450,1.46,106.8327,19142.079157411543,Ore / Raw
2602,Manganese Ores A Concntrts Inc Ferr Mangn Iron Ore,2013,May,Brazil,19790,1.46,106.8327,18524.290783627108,Ore / Raw
2602,Manganese Ores A Concntrts Inc Ferr Mangn Iron Ore,2013,Jun,Brazil,21730,1.46,106.8327,20340.214185357105,Ore / Raw
2602,Manganese Ores A Concntrts Inc Ferr Mangn Iron Ore,2013,Aug,Brazil,1648316,1.46,106.8327,1542894.638064937,Ore / Raw
2602,Manganese Ores A Concntrts Inc Ferr Mangn Iron Ore,2013,Sep,Brazil,23473,1.46,106.8327,21971.73711794235,Ore / Raw
2602,Manganese Ores A Concntrts Inc Ferr Mangn Iron Ore,2013,Nov,Brazil,83878,1.46,106.8327,78513.41396407654,Ore / Raw
2602,Manganese Ores A Concntrts Inc Ferr Mangn Iron Ore,2013,Dec,Brazil,23685,1.46,106.8327,22170.178231945836,Ore / Raw
2602,Manganese Ores A Concntrts Inc Ferr Mangn Iron Ore,2014,Jan,Brazil,1242502,1.62,108.5634,1144494.3691888796,Ore / Raw
2602,Manganese Ores A Concntrts Inc Ferr Mangn Iron Ore,2014,May,Brazil,34600,1.62,108.5634,31870.777812780365,Ore / Raw
2602,Manganese Ores A Concntrts Inc Ferr Mangn Iron Ore,2014,Jun,Brazil,22604,1.62,108.5634,20821.013343355127,Ore / Raw
2602,Manganese Ores A Concntrts Inc Ferr Mangn Iron Ore,2014,Jul,Brazil,18980,1.62,108.5634,17482.871759727495,Ore / Raw
2602,Manganese Ores A Concntrts Inc Ferr Mangn Iron Ore,2014,Aug,Brazil,22517,1.62,108.5634,20740.87583845016,Ore / Raw
2602,Manganese Ores A Concntrts Inc Ferr Mangn Iron Ore,2014,Oct,Brazil,23139,1.62,108.5634,21313.81294248338,Ore / Raw
2602,Manganese Ores A Concntrts Inc Ferr Mangn Iron Ore,2014,Dec,Brazil,22236,1.62,108.5634,20482.040908814575,Ore / Raw
2602,Manganese Ores A Concntrts Inc Ferr Mangn Iron Ore,2015,Jan,Brazil,22853,0.12,108.6937,21025.137611471502,Ore / Raw
2602,Manganese Ores A Concntrts Inc Ferr Mangn Iron Ore,2015,Mar,Brazil,1069431,0.12,108.6937,983894.1907396656,Ore / Raw
2602,Manganese Ores A Concntrts Inc Ferr Mangn Iron Ore,2015,Apr,Brazil,22961,0.12,108.6937,21124.499396009152,Ore / Raw
2602,Manganese Ores A Concntrts Inc Ferr Mangn Iron Ore,2015,May,Brazil,21381,0.12,108.6937,19670.873288884268,Ore / Raw
2602,Manganese Ores A Concntrts Inc Ferr Mangn Iron Ore,2015,Jun,Brazil,24589,0.12,108.6937,22622.28629626188,Ore / Raw
2602,Manganese Ores A Concntrts Inc Ferr Mangn Iron Ore,2015,Sep,Brazil,23453,0.12,108.6937,21577.14752556956,Ore / Raw
2602,Manganese Ores A Concntrts Inc Ferr Mangn Iron Ore,2015,Oct,Brazil,25202,0.12,108.6937,23186.256425165393,Ore / Raw
2602,Manganese Ores A Concntrts Inc Ferr Mangn Iron Ore,2015,Nov,Brazil,1120931,0.12,108.6937,1031275.041699749,Ore / Raw
2602,Manganese Ores A Concntrts Inc Ferr Mangn Iron Ore,2015,Dec,Brazil,19995,0.12,108.6937,18395.730387317755,Ore / Raw
2602,Manganese Ores A Concntrts Inc Ferr Mangn Iron Ore,2016,Jan,Brazil,25205,1.26,110.0632,22900.478997521426,Ore / Raw
2602,Manganese Ores A Concntrts Inc Ferr Mangn Iron Ore,2016,Mar,Brazil,22094,1.26,110.0632,20073.921165294123,Ore / Raw
2602,Manganese Ores A Concntrts Inc Ferr Mangn Iron Ore,2016,Apr,Brazil,23213,1.26,110.0632,21090.609758756786,Ore / Raw
2602,Manganese Ores A Concntrts Inc Ferr Mangn Iron Ore,2016,Jun,Brazil,21724,1.26,110.0632,19737.75067415812,Ore / Raw
2602,Manganese Ores A Concntrts Inc Ferr Mangn Iron Ore,2016,Jul,Brazil,59400,1.26,110.0632,53968.99236075274,Ore / Raw
2602,Manganese Ores A Concntrts Inc Ferr Mangn Iron Ore,2016,Aug,Brazil,23644,1.26,110.0632,21482.202952485484,Ore / Raw
2602,Manganese Ores A Concntrts Inc Ferr Mangn Iron Ore,2016,Sep,Brazil,23898,1.26,110.0632,21712.979451805873,Ore / Raw
2602,Manganese Ores A Concntrts Inc Ferr Mangn Iron Ore,2016,Nov,Brazil,76774,1.26,110.0632,69754.46834182543,Ore / Raw
2602,Manganese Ores A Concntrts Inc Ferr Mangn Iron Ore,2017,Jan,Brazil,20200,2.13,112.4076,17970.31517441881,Ore / Raw
2602,Manganese Ores A Concntrts Inc Ferr Mangn Iron Ore,2017,Feb,Brazil,75546,2.13,112.4076,67207.19951320018,Ore / Raw
2602,Manganese Ores A Concntrts Inc Ferr Mangn Iron Ore,2017,Apr,Brazil,36247,2.13,112.4076,32246.040303324684,Ore / Raw
2602,Manganese Ores A Concntrts Inc Ferr Mangn Iron Ore,2017,May,Brazil,36697,2.13,112.4076,32646.369106715203,Ore / Raw
2602,Manganese Ores A Concntrts Inc Ferr Mangn Iron Ore,2017,Jun,Brazil,132048,2.13,112.4076,117472.48406691363,Ore / Raw
2602,Manganese Ores A Concntrts Inc Ferr Mangn Iron Ore,2017,Jul,Brazil,37152,2.13,112.4076,33051.14600792117,Ore / Raw
2602,Manganese Ores A Concntrts Inc Ferr Mangn Iron Ore,2017,Sep,Brazil,36652,2.13,112.4076,32606.336226376152,Ore / Raw
2602,Manganese Ores A Concntrts Inc Ferr Mangn Iron Ore,2017,Nov,Brazil,37164,2.13,112.4076,33061.82144267825,Ore / Raw
2602,Manganese Ores A Concntrts Inc Ferr Mangn Iron Ore,2018,Jan,Brazil,47992,2.44,115.1503,41677.70296733921,Ore / Raw
2602,Manganese Ores A Concntrts Inc Ferr Mangn Iron Ore,2018,Mar,Brazil,33923,2.44,115.1503,29459.758246396235,Ore / Raw
2602,Manganese Ores A Concntrts Inc Ferr Mangn Iron Ore,2018,May,Brazil,159613,2.44,115.1503,138612.75220299035,Ore / Raw
2602,Manganese Ores A Concntrts Inc Ferr Mangn Iron Ore,2018,Jun,Brazil,68482,2.44,115.1503,59471.83811071269,Ore / Raw
2602,Manganese Ores A Concntrts Inc Ferr Mangn Iron Ore,2018,Jul,Brazil,57287,2.44,115.1503,49749.76183301303,Ore / Raw
2602,Manganese Ores A Concntrts Inc Ferr Mangn Iron Ore,2018,Aug,Brazil,57093,2.44,115.1503,49581.28637094302,Ore / Raw
2602,Manganese Ores A Concntrts Inc Ferr Mangn Iron Ore,2018,Sep,Brazil,34268,2.44,115.1503,29759.36667121145,Ore / Raw
2602,Manganese Ores A Concntrts Inc Ferr Mangn Iron Ore,2018,Oct,Brazil,443641,2.44,115.1503,385271.2498360838,Ore / Raw
2602,Manganese Ores A Concntrts Inc Ferr Mangn Iron Ore,2018,Nov,Brazil,1641427,2.44,115.1503,1425464.8055628166,Ore / Raw
2602,Manganese Ores A Concntrts Inc Ferr Mangn Iron Ore,2019,Jan,Brazil,17842,1.81,117.2345,15219.069471870484,Ore / Raw
2602,Manganese Ores A Concntrts Inc Ferr Mangn Iron Ore,2019,Feb,Brazil,17722,1.81,117.2345,15116.710524632254,Ore / Raw
2602,Manganese Ores A Concntrts Inc Ferr Mangn Iron Ore,2019,Mar,Brazil,70234,1.81,117.2345,59908.98583608068,Ore / Raw
2602,Manganese Ores A Concntrts Inc Ferr Mangn Iron Ore,2019,Apr,Brazil,70734,1.81,117.2345,60335.48144957329,Ore / Raw
2602,Manganese Ores A Concntrts Inc Ferr Mangn Iron Ore,2019,Jun,Brazil,95391,1.81,117.2345,81367.68613334812,Ore / Raw
2602,Manganese Ores A Concntrts Inc Ferr Mangn Iron Ore,2019,Jul,Brazil,111135,1.81,117.2345,94797.1800110036,Ore / Raw
2602,Manganese Ores A Concntrts Inc Ferr Mangn Iron Ore,2019,Aug,Brazil,1942024,1.81,117.2345,1656529.4345947653,Ore / Raw
2602,Manganese Ores A Concntrts Inc Ferr Mangn Iron Ore,2019,Sep,Brazil,78755,1.81,117.2345,67177.32408122183,Ore / Raw
2602,Manganese Ores A Concntrts Inc Ferr Mangn Iron Ore,2019,Oct,Brazil,2233574,1.81,117.2345,1905219.026822309,Ore / Raw
2602,Manganese Ores A Concntrts Inc Ferr Mangn Iron Ore,2020,Mar,Brazil,127448,1.23,118.6765,107391.1010183145,Ore / Raw
2602,Manganese Ores A Concntrts Inc Ferr Mangn Iron Ore,2020,Apr,Brazil,84600,1.23,118.6765,71286.22768618893,Ore / Raw
2602,Manganese Ores A Concntrts Inc Ferr Mangn Iron Ore,2020,May,Brazil,63951,1.23,118.6765,53886.82679384714,Ore / Raw
2602,Manganese Ores A Concntrts Inc Ferr Mangn Iron Ore,2020,Jun,Brazil,35804,1.23,118.6765,30169.410119105298,Ore / Raw
2602,Manganese Ores A Concntrts Inc Ferr Mangn Iron Ore,2020,Nov,Brazil,15829,1.23,118.6765,13337.939693199578,Ore / Raw
2602,Manganese Ores A Concntrts Inc Ferr Mangn Iron Ore,2021,Jun,Brazil,53025,4.7,124.2543,42674.57947129395,Ore / Raw
2602,Manganese Ores A Concntrts Inc Ferr Mangn Iron Ore,2021,Aug,Brazil,81975,4.7,124.2543,65973.57194076985,Ore / Raw
2602,Manganese Ores A Concntrts Inc Ferr Mangn Iron Ore,2022,May,Brazil,14225,8.0,134.1947,10600.269608263217,Ore / Raw
2602,Manganese Ores A Concntrts Inc Ferr Mangn Iron Ore,2022,Jul,Brazil,14225,8.0,134.1947,10600.269608263217,Ore / Raw
2602,Manganese Ores A Concntrts Inc Ferr Mangn Iron Ore,2022,Aug,Brazil,61389,8.0,134.1947,45746.21799519652,Ore / Raw
2602,Manganese Ores A Concntrts Inc Ferr Mangn Iron Ore,2022,Nov,Brazil,46710,8.0,134.1947,34807.63398256413,Ore / Raw
2602,Manganese Ores A Concntrts Inc Ferr Mangn Iron Ore,2023,Jan,Brazil,93420,4.12,139.7235,66860.62115535325,Ore / Raw
2602,Manganese Ores A Concntrts Inc Ferr Mangn Iron Ore,2023,Feb,Brazil,93420,4.12,139.7235,66860.62115535325,Ore / Raw
2602,Manganese Ores A Concntrts Inc Ferr Mangn Iron Ore,2023,May,Brazil,16460,4.12,139.7235,11780.409165244215,Ore / Raw
2602,Manganese Ores A Concntrts Inc Ferr Mangn Iron Ore,2023,Sep,Brazil,39555,4.12,139.7235,28309.482656818647,Ore / Raw
2602,Manganese Ores A Concntrts Inc Ferr Mangn Iron Ore,2024,Mar,Brazil,40500,2.9,143.7755,28168.916122705188,Ore / Raw
2602,Manganese Ores A Concntrts Inc Ferr Mangn Iron Ore,2024,Apr,Brazil,4640,2.9,143.7755,3227.253600230916,Ore / Raw
2602,Manganese Ores A Concntrts Inc Ferr Mangn Iron Ore,2024,Nov,Brazil,2268,2.9,143.7755,1577.4593028714908,Ore / Raw
2602,Manganese Ores A Concntrts Inc Ferr Mangn Iron Ore,2025,Jan,Brazil,88020,2.8,147.8012,59552.96709363659,Ore / Raw
2602,Manganese Ores A Concntrts Inc Ferr Mangn Iron Ore,2025,Mar,Brazil,46710,2.8,147.8012,31603.261678524937,Ore / Raw
2602,Manganese Ores A Concntrts Inc Ferr Mangn Iron Ore,2025,Jun,Brazil,94770,2.8,147.8012,64119.9124229032,Ore / Raw
2602,Manganese Ores A Concntrts Inc Ferr Mangn Iron Ore,2025,Jul,Brazil,133650,2.8,147.8012,90425.51751947888,Ore / Raw
2602,Manganese Ores A Concntrts Inc Ferr Mangn Iron Ore,2025,Sep,Brazil,46710,2.8,147.8012,31603.261678524937,Ore / Raw
2602,Manganese Ores A Concntrts Inc Ferr Mangn Iron Ore,2025,Dec,Brazil,134490,2.8,147.8012,90993.8484937876,Ore / Raw
2602,Manganese Ores A Concntrts Inc Ferr Mangn Iron Ore,2012,Jun,Colombia,4169,2.07,105.2954,3959.337254998794,Ore / Raw
2604,Nickel Ores And Concentrates,2015,Feb,Brazil,8693,0.12,108.6937,7997.703638757352,Ore / Raw
2604,Nickel Ores And Concentrates,2023,May,Brazil,4000,4.12,139.7235,2862.796880982798,Ore / Raw
2604,Nickel Ores And Concentrates,2023,Oct,Brazil,122293,4.12,139.7235,87525.00474150733,Ore / Raw
2615,"Niobium, Tantalum, Vanadium & Zirconium Ore & Conc",2011,Jun,Bolivia,45378,3.16,103.16,43987.97983714619,Ore / Raw
2615,"Niobium, Tantalum, Vanadium & Zirconium Ore & Conc",2012,Jan,Bolivia,253667,2.07,105.2954,240909.8593100933,Ore / Raw
2615,"Niobium, Tantalum, Vanadium & Zirconium Ore & Conc",2012,Sep,Bolivia,168984,2.07,105.2954,160485.64324747332,Ore / Raw
2615,"Niobium, Tantalum, Vanadium & Zirconium Ore & Conc",2013,Apr,Bolivia,307524,1.46,106.8327,287855.68463588395,Ore / Raw
2615,"Niobium, Tantalum, Vanadium & Zirconium Ore & Conc",2013,Jun,Bolivia,294857,1.46,106.8327,275998.8280741758,Ore / Raw
2615,"Niobium, Tantalum, Vanadium & Zirconium Ore & Conc",2015,Apr,Bolivia,4913,0.12,108.6937,4520.0411799395915,Ore / Raw
2615,"Niobium, Tantalum, Vanadium & Zirconium Ore & Conc",2010,Jul,Brazil,2151884,1.64,100.0,2151884.0,Ore / Raw
2615,"Niobium, Tantalum, Vanadium & Zirconium Ore & Conc",2011,Dec,Brazil,2741693,3.16,103.16,2657709.3834819696,Ore / Raw
2615,"Niobium, Tantalum, Vanadium & Zirconium Ore & Conc",2013,Jun,Brazil,3891460,1.46,106.8327,3642573.856132064,Ore / Raw
2615,"Niobium, Tantalum, Vanadium & Zirconium Ore & Conc",2013,Jul,Brazil,1345270,1.46,106.8327,1259230.5539408813,Ore / Raw
2615,"Niobium, Tantalum, Vanadium & Zirconium Ore & Conc",2013,Aug,Brazil,4430508,1.46,106.8327,4147145.9581195647,Ore / Raw
2615,"Niobium, Tantalum, Vanadium & Zirconium Ore & Conc",2013,Sep,Brazil,4722147,1.46,106.8327,4420132.5998500455,Ore / Raw
2615,"Niobium, Tantalum, Vanadium & Zirconium Ore & Conc",2013,Oct,Brazil,53853,1.46,106.8327,50408.72317183783,Ore / Raw
2615,"Niobium, Tantalum, Vanadium & Zirconium Ore & Conc",2013,Nov,Brazil,9396274,1.46,106.8327,8795316.41529232,Ore / Raw
2615,"Niobium, Tantalum, Vanadium & Zirconium Ore & Conc",2013,Dec,Brazil,4732317,1.46,106.8327,4429652.157064269,Ore / Raw
2615,"Niobium, Tantalum, Vanadium & Zirconium Ore & Conc",2014,Jan,Brazil,2064855,1.62,108.5634,1901980.7780522718,Ore / Raw
2615,"Niobium, Tantalum, Vanadium & Zirconium Ore & Conc",2014,Feb,Brazil,3511693,1.62,108.5634,3234693.2760027777,Ore / Raw
2615,"Niobium, Tantalum, Vanadium & Zirconium Ore & Conc",2014,Apr,Brazil,4501180,1.62,108.5634,4146130.279633836,Ore / Raw
2615,"Niobium, Tantalum, Vanadium & Zirconium Ore & Conc",2014,May,Brazil,4704104,1.62,108.5634,4333047.785902062,Ore / Raw
2615,"Niobium, Tantalum, Vanadium & Zirconium Ore & Conc",2014,Jun,Brazil,4030834,1.62,108.5634,3712884.821219675,Ore / Raw
2615,"Niobium, Tantalum, Vanadium & Zirconium Ore & Conc",2014,Jul,Brazil,3631038,1.62,108.5634,3344624.4314382193,Ore / Raw
2615,"Niobium, Tantalum, Vanadium & Zirconium Ore & Conc",2014,Aug,Brazil,5598458,1.62,108.5634,5156855.809600657,Ore / Raw
2615,"Niobium, Tantalum, Vanadium & Zirconium Ore & Conc",2014,Sep,Brazil,3934285,1.62,108.5634,3623951.5343108266,Ore / Raw
2615,"Niobium, Tantalum, Vanadium & Zirconium Ore & Conc",2014,Oct,Brazil,3875347,1.62,108.5634,3569662.519781068,Ore / Raw
2615,"Niobium, Tantalum, Vanadium & Zirconium Ore & Conc",2014,Nov,Brazil,2340130,1.62,108.5634,2155542.2914168127,Ore / Raw
2615,"Niobium, Tantalum, Vanadium & Zirconium Ore & Conc",2014,Dec,Brazil,6740406,1.62,108.5634,6208727.803292822,Ore / Raw
2615,"Niobium, Tantalum, Vanadium & Zirconium Ore & Conc",2015,Jan,Brazil,3593883,0.12,108.6937,3306431.7435141136,Ore / Raw
2615,"Niobium, Tantalum, Vanadium & Zirconium Ore & Conc",2015,Feb,Brazil,1532597,0.12,108.6937,1410014.5638615668,Ore / Raw
2615,"Niobium, Tantalum, Vanadium & Zirconium Ore & Conc",2015,Mar,Brazil,2829409,0.12,108.6937,2603103.0317304498,Ore / Raw
2615,"Niobium, Tantalum, Vanadium & Zirconium Ore & Conc",2015,Apr,Brazil,2566152,0.12,108.6937,2360902.2418042626,Ore / Raw
2615,"Niobium, Tantalum, Vanadium & Zirconium Ore & Conc",2015,Sep,Brazil,3669105,0.12,108.6937,3375637.2264445866,Ore / Raw
2615,"Niobium, Tantalum, Vanadium & Zirconium Ore & Conc",2015,Nov,Brazil,2909641,0.12,108.6937,2676917.797443642,Ore / Raw
2615,"Niobium, Tantalum, Vanadium & Zirconium Ore & Conc",2015,Dec,Brazil,3066715,0.12,108.6937,2821428.4728553724,Ore / Raw
2615,"Niobium, Tantalum, Vanadium & Zirconium Ore & Conc",2016,Jan,Brazil,1284734,1.26,110.0632,1167269.350700325,Ore / Raw
2615,"Niobium, Tantalum, Vanadium & Zirconium Ore & Conc",2016,Feb,Brazil,1560739,1.26,110.0632,1418038.908554358,Ore / Raw
2615,"Niobium, Tantalum, Vanadium & Zirconium Ore & Conc",2016,Mar,Brazil,1578894,1.26,110.0632,1434533.976842396,Ore / Raw
2615,"Niobium, Tantalum, Vanadium & Zirconium Ore & Conc",2016,Apr,Brazil,2919887,1.26,110.0632,2652918.5050043976,Ore / Raw
2615,"Niobium, Tantalum, Vanadium & Zirconium Ore & Conc",2016,May,Brazil,1496055,1.26,110.0632,1359269.038152625,Ore / Raw
2615,"Niobium, Tantalum, Vanadium & Zirconium Ore & Conc",2016,Jun,Brazil,3688550,1.26,110.0632,3351301.7975127017,Ore / Raw
2615,"Niobium, Tantalum, Vanadium & Zirconium Ore & Conc",2016,Jul,Brazil,1820862,1.26,110.0632,1654378.5752186016,Ore / Raw
2615,"Niobium, Tantalum, Vanadium & Zirconium Ore & Conc",2016,Aug,Brazil,3493805,1.26,110.0632,3174362.5480632945,Ore / Raw
2615,"Niobium, Tantalum, Vanadium & Zirconium Ore & Conc",2016,Sep,Brazil,1725027,1.26,110.0632,1567305.8751699026,Ore / Raw
2615,"Niobium, Tantalum, Vanadium & Zirconium Ore & Conc",2016,Oct,Brazil,2384477,1.26,110.0632,2166461.6329527036,Ore / Raw
2615,"Niobium, Tantalum, Vanadium & Zirconium Ore & Conc",2016,Nov,Brazil,782420,1.26,110.0632,710882.4747962989,Ore / Raw
2615,"Niobium, Tantalum, Vanadium & Zirconium Ore & Conc",2016,Dec,Brazil,4018246,1.26,110.0632,3650853.3279061485,Ore / Raw
2615,"Niobium, Tantalum, Vanadium & Zirconium Ore & Conc",2017,Jan,Brazil,1655118,2.13,112.4076,1472425.3520224611,Ore / Raw
2615,"Niobium, Tantalum, Vanadium & Zirconium Ore & Conc",2017,Feb,Brazil,1293770,2.13,112.4076,1150963.1021390012,Ore / Raw
2615,"Niobium, Tantalum, Vanadium & Zirconium Ore & Conc",2017,Mar,Brazil,814596,2.13,112.4076,724680.5376148943,Ore / Raw
2615,"Niobium, Tantalum, Vanadium & Zirconium Ore & Conc",2017,Aug,Brazil,104190,2.13,112.4076,92689.46227835129,Ore / Raw
2615,"Niobium, Tantalum, Vanadium & Zirconium Ore & Conc",2019,May,Brazil,11303,1.81,117.2345,9641.35983861406,Ore / Raw
2615,"Niobium, Tantalum, Vanadium & Zirconium Ore & Conc",2019,Jun,Brazil,15441,1.81,117.2345,13171.037535878944,Ore / Raw
2615,"Niobium, Tantalum, Vanadium & Zirconium Ore & Conc",2012,Nov,Colombia,75715,2.07,105.2954,71907.22481703854,Ore / Raw
2615,"Niobium, Tantalum, Vanadium & Zirconium Ore & Conc",2012,Dec,Colombia,145395,2.07,105.2954,138082.95519082504,Ore / Raw
2615,"Niobium, Tantalum, Vanadium & Zirconium Ore & Conc",2014,Aug,Colombia,5500,1.62,108.5634,5066.164103187631,Ore / Raw
2615,"Niobium, Tantalum, Vanadium & Zirconium Ore & Conc",2022,Jul,Colombia,11800,8.0,134.1947,8793.193769947695,Ore / Raw
2615,"Niobium, Tantalum, Vanadium & Zirconium Ore & Conc",2018,Jan,Venezuela,80000,2.44,115.1503,69474.41734845676,Ore / Raw
2615,"Niobium, Tantalum, Vanadium & Zirconium Ore & Conc",2019,Feb,Venezuela,107765,1.81,117.2345,91922.59957606337,Ore / Raw
2615,"Niobium, Tantalum, Vanadium & Zirconium Ore & Conc",2019,Apr,Venezuela,199406,1.81,117.2345,170091.56860821685,Ore / Raw
2615,"Niobium, Tantalum, Vanadium & Zirconium Ore & Conc",2019,May,Venezuela,935105,1.81,117.2345,797636.3613100239,Ore / Raw
2820,Manganese Oxides,2014,May,Bolivia,14456,1.62,108.5634,13315.721504669162,Unknown
2820,Manganese Oxides,2019,Jan,Bolivia,41742,1.81,117.2345,35605.559796817484,Unknown
2820,Manganese Oxides,2010,Jan,Brazil,147316,1.64,100.0,147316.0,Unknown
2820,Manganese Oxides,2010,Feb,Brazil,133120,1.64,100.0,133120.0,Unknown
2820,Manganese Oxides,2010,Mar,Brazil,148327,1.64,100.0,148327.0,Unknown
2820,Manganese Oxides,2010,Apr,Brazil,164624,1.64,100.0,164624.0,Unknown
2820,Manganese Oxides,2010,May,Brazil,207904,1.64,100.0,207904.0,Unknown
2820,Manganese Oxides,2010,Jun,Brazil,337464,1.64,100.0,337464.0,Unknown
2820,Manganese Oxides,2010,Jul,Brazil,63765,1.64,100.0,63765.0,Unknown
2820,Manganese Oxides,2010,Sep,Brazil,36704,1.64,100.0,36704.0,Unknown
2820,Manganese Oxides,2010,Nov,Brazil,55063,1.64,100.0,55063.0,Unknown
2820,Manganese Oxides,2010,Dec,Brazil,155491,1.64,100.0,155491.0,Unknown
2820,Manganese Oxides,2011,Jan,Brazil,210408,3.16,103.16,203962.77626987206,Unknown
2820,Manganese Oxides,2011,Feb,Brazil,43466,3.16,103.16,42134.54827452501,Unknown
2820,Manganese Oxides,2011,Mar,Brazil,88880,3.16,103.16,86157.42535866615,Unknown
2820,Manganese Oxides,2011,Apr,Brazil,22216,3.16,103.16,21535.47886777821,Unknown
2820,Manganese Oxides,2011,May,Brazil,110304,3.16,103.16,106925.16479255525,Unknown
2820,Manganese Oxides,2011,Jun,Brazil,65481,3.16,103.16,63475.1841799147,Unknown
2820,Manganese Oxides,2011,Jul,Brazil,63945,3.16,103.16,61986.23497479643,Unknown
2820,Manganese Oxides,2011,Aug,Brazil,43648,3.16,103.16,42310.97324544397,Unknown
2820,Manganese Oxides,2011,Sep,Brazil,22224,3.16,103.16,21543.233811554866,Unknown
2820,Manganese Oxides,2011,Oct,Brazil,43642,3.16,103.16,42305.15703761148,Unknown
2820,Manganese Oxides,2011,Nov,Brazil,43648,3.16,103.16,42310.97324544397,Unknown
2820,Manganese Oxides,2011,Dec,Brazil,21827,3.16,103.16,21158.39472663823,Unknown
2820,Manganese Oxides,2012,Jan,Brazil,217612,2.07,105.2954,206668.09756171683,Unknown
2820,Manganese Oxides,2012,Feb,Brazil,43642,2.07,105.2954,41447.2047211939,Unknown
2820,Manganese Oxides,2012,Mar,Brazil,116032,2.07,105.2954,110196.64676709524,Unknown
2820,Manganese Oxides,2012,Apr,Brazil,65463,2.07,105.2954,62170.80708179085,Unknown
2820,Manganese Oxides,2012,May,Brazil,21821,2.07,105.2954,20723.60236059695,Unknown
2820,Manganese Oxides,2012,Jun,Brazil,21821,2.07,105.2954,20723.60236059695,Unknown
2820,Manganese Oxides,2012,Jul,Brazil,101658,2.07,105.2954,96545.52810474152,Unknown
2820,Manganese Oxides,2012,Aug,Brazil,158221,2.07,105.2954,150263.92416002977,Unknown
2820,Manganese Oxides,2012,Sep,Brazil,43642,2.07,105.2954,41447.2047211939,Unknown
2820,Manganese Oxides,2012,Oct,Brazil,21821,2.07,105.2954,20723.60236059695,Unknown
2820,Manganese Oxides,2012,Nov,Brazil,24668,2.07,105.2954,23427.424179973674,Unknown
2820,Manganese Oxides,2012,Dec,Brazil,212150,2.07,105.2954,201480.78643511492,Unknown
2820,Manganese Oxides,2013,Jan,Brazil,93866,1.46,106.8327,87862.61135401427,Unknown
2820,Manganese Oxides,2013,Feb,Brazil,49336,1.46,106.8327,46180.616983376814,Unknown
2820,Manganese Oxides,2013,Mar,Brazil,24668,1.46,106.8327,23090.308491688407,Unknown
2820,Manganese Oxides,2013,Apr,Brazil,80664,1.46,106.8327,75504.97179234447,Unknown
2820,Manganese Oxides,2013,Jun,Brazil,26888,1.46,106.8327,25168.32393078149,Unknown
2820,Manganese Oxides,2013,Jul,Brazil,80664,1.46,106.8327,75504.97179234447,Unknown
2820,Manganese Oxides,2013,Aug,Brazil,108252,1.46,106.8327,101328.5258165337,Unknown
2820,Manganese Oxides,2013,Sep,Brazil,81364,1.46,106.8327,76160.2018857522,Unknown
2820,Manganese Oxides,2013,Oct,Brazil,61023,1.46,106.8327,57120.15141431416,Unknown
2820,Manganese Oxides,2013,Nov,Brazil,40682,1.46,106.8327,38080.1009428761,Unknown
2820,Manganese Oxides,2013,Dec,Brazil,20341,1.46,106.8327,19040.05047143805,Unknown
2820,Manganese Oxides,2014,Jan,Brazil,40682,1.62,108.5634,37473.03419015985,Unknown
2820,Manganese Oxides,2014,Feb,Brazil,40682,1.62,108.5634,37473.03419015985,Unknown
2820,Manganese Oxides,2014,Mar,Brazil,61023,1.62,108.5634,56209.55128523977,Unknown
2820,Manganese Oxides,2014,Apr,Brazil,40682,1.62,108.5634,37473.03419015985,Unknown
2820,Manganese Oxides,2014,May,Brazil,40682,1.62,108.5634,37473.03419015985,Unknown
2820,Manganese Oxides,2014,Jun,Brazil,40682,1.62,108.5634,37473.03419015985,Unknown
2820,Manganese Oxides,2014,Jul,Brazil,20341,1.62,108.5634,18736.517095079926,Unknown
2820,Manganese Oxides,2014,Aug,Brazil,40682,1.62,108.5634,37473.03419015985,Unknown
2820,Manganese Oxides,2014,Sep,Brazil,20341,1.62,108.5634,18736.517095079926,Unknown
2820,Manganese Oxides,2014,Oct,Brazil,54402,1.62,108.5634,50110.8108257479,Unknown
2820,Manganese Oxides,2014,Nov,Brazil,20341,1.62,108.5634,18736.517095079926,Unknown
2820,Manganese Oxides,2014,Dec,Brazil,20341,1.62,108.5634,18736.517095079926,Unknown
2820,Manganese Oxides,2015,Jan,Brazil,20341,0.12,108.6937,18714.056104447634,Unknown
2820,Manganese Oxides,2015,Feb,Brazil,40682,0.12,108.6937,37428.11220889527,Unknown
2820,Manganese Oxides,2015,Mar,Brazil,61023,0.12,108.6937,56142.1683133429,Unknown
2820,Manganese Oxides,2015,Apr,Brazil,81364,0.12,108.6937,74856.22441779054,Unknown
2820,Manganese Oxides,2015,May,Brazil,20341,0.12,108.6937,18714.056104447634,Unknown
2820,Manganese Oxides,2015,Jul,Brazil,44584,0.12,108.6937,41018.01668357963,Unknown
2820,Manganese Oxides,2015,Aug,Brazil,151784,0.12,108.6937,139643.7880024325,Unknown
2820,Manganese Oxides,2015,Sep,Brazil,70208,0.12,108.6937,64592.52008166067,Unknown
2820,Manganese Oxides,2015,Oct,Brazil,17470,0.12,108.6937,16072.688665488431,Unknown
2820,Manganese Oxides,2015,Nov,Brazil,17552,0.12,108.6937,16148.130020415167,Unknown
2820,Manganese Oxides,2015,Dec,Brazil,137935,0.12,108.6937,126902.47916852587,Unknown
2820,Manganese Oxides,2016,Jan,Brazil,327025,1.26,110.0632,297124.74287500273,Unknown
2820,Manganese Oxides,2016,Feb,Brazil,301399,1.26,110.0632,273841.75637270225,Unknown
2820,Manganese Oxides,2016,Mar,Brazil,306777,1.26,110.0632,278728.03988980874,Unknown
2820,Manganese Oxides,2016,Apr,Brazil,17552,1.26,110.0632,15947.201244375958,Unknown
2820,Manganese Oxides,2016,May,Brazil,32492,1.26,110.0632,29521.22053511074,Unknown
2820,Manganese Oxides,2016,Jun,Brazil,52656,1.26,110.0632,47841.60373312788,Unknown
2820,Manganese Oxides,2016,Jul,Brazil,47152,1.26,110.0632,42840.84053525611,Unknown
2820,Manganese Oxides,2016,Aug,Brazil,133908,1.26,110.0632,121664.64358659388,Unknown
2820,Manganese Oxides,2016,Sep,Brazil,126982,1.26,110.0632,115371.89542008592,Unknown
2820,Manganese Oxides,2016,Oct,Brazil,126400,1.26,110.0632,114843.10832321794,Unknown
2820,Manganese Oxides,2016,Nov,Brazil,109070,1.26,110.0632,99097.60937352359,Unknown
2820,Manganese Oxides,2016,Dec,Brazil,127293,1.26,110.0632,115654.46034641916,Unknown
2820,Manganese Oxides,2017,Jan,Brazil,106734,2.13,112.4076,94952.65444685234,Unknown
2820,Manganese Oxides,2017,Feb,Brazil,137163,2.13,112.4076,122022.88813211917,Unknown
2820,Manganese Oxides,2017,Mar,Brazil,134175,2.13,112.4076,119364.70487760614,Unknown
2820,Manganese Oxides,2017,Apr,Brazil,46526,2.13,112.4076,41390.43979232721,Unknown
2820,Manganese Oxides,2017,May,Brazil,94560,2.13,112.4076,84122.4258857942,Unknown
2820,Manganese Oxides,2017,Jun,Brazil,15580,2.13,112.4076,13860.272792942826,Unknown
2820,Manganese Oxides,2017,Jul,Brazil,95165,2.13,112.4076,84660.64572146368,Unknown
2820,Manganese Oxides,2017,Aug,Brazil,169002,2.13,112.4076,150347.48540134297,Unknown
2820,Manganese Oxides,2017,Sep,Brazil,116045,2.13,112.4076,103235.90219878372,Unknown
2820,Manganese Oxides,2017,Oct,Brazil,18026,2.13,112.4076,16036.282244261065,Unknown
2820,Manganese Oxides,2017,Nov,Brazil,182660,2.13,112.4076,162497.90939402673,Unknown
2820,Manganese Oxides,2017,Dec,Brazil,169953,2.13,112.4076,151193.5136058416,Unknown
2820,Manganese Oxides,2018,Jan,Brazil,246287,2.44,115.1503,213883.07281874213,Unknown
2820,Manganese Oxides,2018,Feb,Brazil,176447,2.44,115.1503,153231.90647353936,Unknown
2820,Manganese Oxides,2018,Mar,Brazil,203912,2.44,115.1503,177083.34237948142,Unknown
2820,Manganese Oxides,2018,Apr,Brazil,138026,2.44,115.1503,119865.94911172615,Unknown
2820,Manganese Oxides,2018,May,Brazil,18026,2.44,115.1503,15654.323089041018,Unknown
2820,Manganese Oxides,2018,Jun,Brazil,75061,2.44,115.1503,65185.24050740641,Unknown
2820,Manganese Oxides,2018,Jul,Brazil,174855,2.44,115.1503,151849.36556830507,Unknown
2820,Manganese Oxides,2018,Aug,Brazil,273087,2.44,115.1503,237157.0026304751,Unknown
2820,Manganese Oxides,2018,Sep,Brazil,150394,2.44,115.1503,130606.69403379757,Unknown
2820,Manganese Oxides,2018,Oct,Brazil,107792,2.44,115.1503,93609.82993531063,Unknown
2820,Manganese Oxides,2018,Nov,Brazil,270869,2.44,115.1503,235230.82440948914,Unknown
2820,Manganese Oxides,2018,Dec,Brazil,125269,2.44,115.1503,108787.38483529787,Unknown
2820,Manganese Oxides,2019,Jan,Brazil,462222,1.81,117.2345,394271.3109195672,Unknown
2820,Manganese Oxides,2019,Feb,Brazil,92567,1.81,117.2345,78958.83890834183,Unknown
2820,Manganese Oxides,2019,Mar,Brazil,232055,1.81,117.2345,197940.87917805766,Unknown
2820,Manganese Oxides,2019,Apr,Brazil,143820,1.81,117.2345,122677.19826501585,Unknown
2820,Manganese Oxides,2019,May,Brazil,315867,1.81,117.2345,269431.7798941438,Unknown
2820,Manganese Oxides,2019,Jun,Brazil,122052,1.81,117.2345,104109.28523600135,Unknown
2820,Manganese Oxides,2019,Jul,Brazil,246339,1.81,117.2345,210125.0058643147,Unknown
2820,Manganese Oxides,2019,Aug,Brazil,326800,1.81,117.2345,278757.5329787733,Unknown
2820,Manganese Oxides,2019,Sep,Brazil,248957,1.81,117.2345,212358.136896562,Unknown
2820,Manganese Oxides,2019,Oct,Brazil,195240,1.81,117.2345,166538.0071565964,Unknown
2820,Manganese Oxides,2019,Nov,Brazil,232480,1.81,117.2345,198303.40044952638,Unknown
2820,Manganese Oxides,2019,Dec,Brazil,305489,1.81,117.2345,260579.43694049108,Unknown
2820,Manganese Oxides,2020,Jan,Brazil,317552,1.23,118.6765,267577.82711825846,Unknown
2820,Manganese Oxides,2020,Feb,Brazil,69552,1.23,118.6765,58606.37952753915,Unknown
2820,Manganese Oxides,2020,Mar,Brazil,309134,1.23,118.6765,260484.5946754412,Unknown
2820,Manganese Oxides,2020,Apr,Brazil,233900,1.23,118.6765,197090.40964302115,Unknown
2820,Manganese Oxides,2020,May,Brazil,56025,1.23,118.6765,47208.166738992135,Unknown
2820,Manganese Oxides,2020,Jun,Brazil,191356,1.23,118.6765,161241.69485955517,Unknown
2820,Manganese Oxides,2020,Jul,Brazil,311079,1.23,118.6765,262123.50381077972,Unknown
2820,Manganese Oxides,2020,Aug,Brazil,193906,1.23,118.6765,163390.39321179845,Unknown
2820,Manganese Oxides,2020,Sep,Brazil,302599,1.23,118.6765,254978.02850606482,Unknown
2820,Manganese Oxides,2020,Oct,Brazil,284287,1.23,118.6765,239547.84645654363,Unknown
2820,Manganese Oxides,2020,Nov,Brazil,275823,1.23,118.6765,232415.8531807055,Unknown
2820,Manganese Oxides,2020,Dec,Brazil,87616,1.23,118.6765,73827.59012946961,Unknown
2820,Manganese Oxides,2021,Jan,Brazil,156897,4.7,124.2543,126270.88157110056,Unknown
2820,Manganese Oxides,2021,Feb,Brazil,419567,4.7,124.2543,337667.99217411387,Unknown
2820,Manganese Oxides,2021,Mar,Brazil,320143,4.7,124.2543,257651.4454630544,Unknown
2820,Manganese Oxides,2021,Apr,Brazil,284557,4.7,124.2543,229011.79275083437,Unknown
2820,Manganese Oxides,2021,May,Brazil,241311,4.7,124.2543,194207.3634473817,Unknown
2820,Manganese Oxides,2021,Jun,Brazil,150586,4.7,124.2543,121191.78169286696,Unknown
2820,Manganese Oxides,2021,Jul,Brazil,137457,4.7,124.2543,110625.54776776338,Unknown
2820,Manganese Oxides,2021,Aug,Brazil,165415,4.7,124.2543,133126.177524641,Unknown
2820,Manganese Oxides,2021,Sep,Brazil,317252,4.7,124.2543,255324.7654205931,Unknown
2820,Manganese Oxides,2021,Oct,Brazil,191607,4.7,124.2543,154205.52850082453,Unknown
2820,Manganese Oxides,2021,Dec,Brazil,38117,4.7,124.2543,30676.604350915823,Unknown
2820,Manganese Oxides,2022,Jan,Brazil,58208,8.0,134.1947,43375.78160687419,Unknown
2820,Manganese Oxides,2022,Feb,Brazil,18026,8.0,134.1947,13432.721262464165,Unknown
2820,Manganese Oxides,2022,May,Brazil,18026,8.0,134.1947,13432.721262464165,Unknown
2820,Manganese Oxides,2022,Jul,Brazil,56143,8.0,134.1947,41836.972697133344,Unknown
2820,Manganese Oxides,2022,Aug,Brazil,21710,8.0,134.1947,16177.986164878343,Unknown
2820,Manganese Oxides,2022,Sep,Brazil,94260,8.0,134.1947,70241.22413180252,Unknown
2820,Manganese Oxides,2022,Oct,Brazil,18026,8.0,134.1947,13432.721262464165,Unknown
2820,Manganese Oxides,2022,Nov,Brazil,21375,8.0,134.1947,15928.348884121355,Unknown
2820,Manganese Oxides,2022,Dec,Brazil,37950,8.0,134.1947,28279.805387247034,Unknown
2820,Manganese Oxides,2023,Jan,Brazil,147773,4.12,139.7235,105761.02087336776,Unknown
2820,Manganese Oxides,2023,Feb,Brazil,158479,4.12,139.7235,113423.29672531821,Unknown
2820,Manganese Oxides,2023,Mar,Brazil,70417,4.12,139.7235,50397.39199204143,Unknown
2820,Manganese Oxides,2023,May,Brazil,102314,4.12,139.7235,73226.05002021849,Unknown
2820,Manganese Oxides,2023,Jun,Brazil,57946,4.12,139.7235,41471.907016357305,Unknown
2820,Manganese Oxides,2023,Jul,Brazil,354742,4.12,139.7235,253888.57278839996,Unknown
2820,Manganese Oxides,2023,Aug,Brazil,59000,4.12,139.7235,42226.25399449627,Unknown
2820,Manganese Oxides,2023,Sep,Brazil,289357,4.12,139.7235,207092.57927263487,Unknown
2820,Manganese Oxides,2023,Oct,Brazil,199192,4.12,139.7235,142561.5590791814,Unknown
2820,Manganese Oxides,2023,Nov,Brazil,115446,4.12,139.7235,82624.61218048503,Unknown
2820,Manganese Oxides,2023,Dec,Brazil,143438,4.12,139.7235,102658.46475360265,Unknown
2820,Manganese Oxides,2024,Feb,Brazil,161454,2.9,143.7755,112295.9057697591,Unknown
2820,Manganese Oxides,2024,Mar,Brazil,62794,2.9,143.7755,43675.035037262955,Unknown
2820,Manganese Oxides,2024,Apr,Brazil,114189,2.9,143.7755,79421.73736137242,Unknown
2820,Manganese Oxides,2024,May,Brazil,173094,2.9,143.7755,120391.86092206252,Unknown
2820,Manganese Oxides,2024,Jun,Brazil,69523,2.9,143.7755,48355.24828639094,Unknown
2820,Manganese Oxides,2024,Jul,Brazil,179869,2.9,143.7755,125104.06849567556,Unknown
2820,Manganese Oxides,2024,Aug,Brazil,105320,2.9,143.7755,73253.09249489657,Unknown
2820,Manganese Oxides,2024,Sep,Brazil,13624,2.9,143.7755,9475.884277919395,Unknown
2820,Manganese Oxides,2024,Nov,Brazil,19924,2.9,143.7755,13857.71567478465,Unknown
2820,Manganese Oxides,2024,Dec,Brazil,114832,2.9,143.7755,79868.96237536994,Unknown
2820,Manganese Oxides,2025,Jan,Brazil,19924,2.8,147.8012,13480.269443008583,Unknown
2820,Manganese Oxides,2025,Feb,Brazil,177677,2.8,147.8012,120213.50300268197,Unknown
2820,Manganese Oxides,2025,Mar,Brazil,33820,2.8,147.8012,22882.087560858774,Unknown
2820,Manganese Oxides,2025,May,Brazil,132732,2.8,147.8012,89804.41295469861,Unknown
2820,Manganese Oxides,2025,Jun,Brazil,70084,2.8,147.8012,47417.74762315868,Unknown
2820,Manganese Oxides,2025,Jul,Brazil,202211,2.8,147.8012,136812.82695945635,Unknown
2820,Manganese Oxides,2025,Aug,Brazil,141438,2.8,147.8012,95694.7575527127,Unknown
2820,Manganese Oxides,2025,Sep,Brazil,50160,2.8,147.8012,33937.478180150094,Unknown
2820,Manganese Oxides,2025,Oct,Brazil,25080,2.8,147.8012,16968.739090075047,Unknown
2820,Manganese Oxides,2010,Aug,Colombia,153920,1.64,100.0,153920.0,Unknown
2820,Manganese Oxides,2010,Oct,Colombia,577200,1.64,100.0,577200.0,Unknown
2820,Manganese Oxides,2010,Nov,Colombia,577200,1.64,100.0,577200.0,Unknown
2820,Manganese Oxides,2011,Jan,Colombia,577200,3.16,103.16,559519.1934858472,Unknown
2820,Manganese Oxides,2011,Feb,Colombia,288600,3.16,103.16,279759.5967429236,Unknown
2820,Manganese Oxides,2011,Mar,Colombia,288600,3.16,103.16,279759.5967429236,Unknown
2820,Manganese Oxides,2014,Sep,Colombia,8531,1.62,108.5634,7858.081084417032,Unknown
2820,Manganese Oxides,2022,Sep,Colombia,44063,8.0,134.1947,32835.126871627566,Unknown
2820,Manganese Oxides,2023,Feb,Colombia,41125,4.12,139.7235,29433.130432604394,Unknown
2820,Manganese Oxides,2023,Jul,Colombia,398250,4.12,139.7235,285027.21446284984,Unknown
2820,Manganese Oxides,2023,Aug,Colombia,398250,4.12,139.7235,285027.21446284984,Unknown
2820,Manganese Oxides,2023,Sep,Colombia,398250,4.12,139.7235,285027.21446284984,Unknown
2820,Manganese Oxides,2023,Oct,Colombia,442500,4.12,139.7235,316696.90495872207,Unknown
2820,Manganese Oxides,2023,Nov,Colombia,442500,4.12,139.7235,316696.90495872207,Unknown
2820,Manganese Oxides,2023,Dec,Colombia,265500,4.12,139.7235,190018.1429752332,Unknown
2820,Manganese Oxides,2024,Jan,Colombia,796500,2.9,143.7755,553988.6837465353,Unknown
2820,Manganese Oxides,2024,Mar,Colombia,221250,2.9,143.7755,153885.74548514874,Unknown
2820,Manganese Oxides,2024,Apr,Colombia,885000,2.9,143.7755,615542.981940595,Unknown
2820,Manganese Oxides,2024,May,Colombia,619500,2.9,143.7755,430880.0873584164,Unknown
2820,Manganese Oxides,2024,Jun,Colombia,619500,2.9,143.7755,430880.0873584164,Unknown
2820,Manganese Oxides,2024,Jul,Colombia,442500,2.9,143.7755,307771.4909702975,Unknown
2820,Manganese Oxides,2024,Aug,Colombia,929250,2.9,143.7755,646320.1310376247,Unknown
2820,Manganese Oxides,2024,Sep,Colombia,1457254,2.9,143.7755,1013562.1159376946,Unknown
2820,Manganese Oxides,2024,Oct,Colombia,743910,2.9,143.7755,517410.8245146079,Unknown
2820,Manganese Oxides,2024,Nov,Colombia,1388632,2.9,143.7755,965833.5390939346,Unknown
2820,Manganese Oxides,2024,Dec,Colombia,2033354,2.9,143.7755,1414256.2536732615,Unknown
2820,Manganese Oxides,2025,Jan,Colombia,1190256,2.8,147.8012,805308.7525676382,Unknown
2820,Manganese Oxides,2025,Feb,Colombia,575250,2.8,147.8012,389205.22972749884,Unknown
2820,Manganese Oxides,2025,Mar,Colombia,1371750,2.8,147.8012,928104.7785809587,Unknown
2820,Manganese Oxides,2025,Apr,Colombia,221250,2.8,147.8012,149694.3191259611,Unknown
2820,Manganese Oxides,2025,May,Colombia,2256750,2.8,147.8012,1526882.0550848031,Unknown
2820,Manganese Oxides,2025,Jun,Colombia,1548750,2.8,147.8012,1047860.2338817276,Unknown
2820,Manganese Oxides,2025,Jul,Colombia,1206566,2.8,147.8012,816343.8456521328,Unknown
2820,Manganese Oxides,2025,Aug,Colombia,1217538,2.8,147.8012,823767.3307117941,Unknown
2820,Manganese Oxides,2025,Sep,Colombia,1533196,2.8,147.8012,1037336.6386741109,Unknown
2820,Manganese Oxides,2025,Oct,Colombia,901880,2.8,147.8012,610198.0227494771,Unknown
2820,Manganese Oxides,2025,Nov,Colombia,881714,2.8,147.8012,596554.019859108,Unknown
2820,Manganese Oxides,2025,Dec,Colombia,1624210,2.8,147.8012,1098915.2997404623,Unknown
2820,Manganese Oxides,2018,Feb,Peru,53386,2.44,115.1503,46362.015557058905,Unknown
2820,Manganese Oxides,2018,Mar,Peru,54531,2.44,115.1503,47356.36815535869,Unknown
2820,Manganese Oxides,2018,Sep,Peru,70347,2.44,115.1503,61091.460465148586,Unknown
2820,Manganese Oxides,2018,Nov,Peru,92754,2.44,115.1503,80550.37633423448,Unknown
2820,Manganese Oxides,2019,Jan,Peru,87367,1.81,117.2345,74523.28452801863,Unknown
2820,Manganese Oxides,2019,Apr,Peru,88407,1.81,117.2345,75410.39540408328,Unknown
2820,Manganese Oxides,2019,Jun,Peru,31393,1.81,117.2345,26777.95358874734,Unknown
2820,Manganese Oxides,2019,Oct,Peru,129150,1.81,117.2345,110163.81696514251,Unknown
2820,Manganese Oxides,2019,Nov,Peru,60506,1.81,117.2345,51611.08717996835,Unknown
2820,Manganese Oxides,2019,Dec,Peru,69491,1.81,117.2345,59275.21335443065,Unknown
2824,Lead Oxides; Red Lead And Orange Lead,2010,Jul,Brazil,52086,1.64,100.0,52086.0,Unknown
2824,Lead Oxides; Red Lead And Orange Lead,2010,Nov,Brazil,46847,1.64,100.0,46847.0,Unknown
2824,Lead Oxides; Red Lead And Orange Lead,2010,Dec,Brazil,47134,1.64,100.0,47134.0,Unknown
2824,Lead Oxides; Red Lead And Orange Lead,2011,Jan,Brazil,51922,3.16,103.16,50331.52384645212,Unknown
2824,Lead Oxides; Red Lead And Orange Lead,2011,May,Brazil,55940,3.16,103.16,54226.4443582784,Unknown
2824,Lead Oxides; Red Lead And Orange Lead,2011,Jul,Brazil,60631,3.16,103.16,58773.74951531601,Unknown
2824,Lead Oxides; Red Lead And Orange Lead,2011,Sep,Brazil,59352,3.16,103.16,57533.927879022885,Unknown
2824,Lead Oxides; Red Lead And Orange Lead,2011,Dec,Brazil,65256,3.16,103.16,63257.076386196204,Unknown
2824,Lead Oxides; Red Lead And Orange Lead,2012,Mar,Brazil,110306,2.07,105.2954,104758.61243701054,Unknown
2824,Lead Oxides; Red Lead And Orange Lead,2012,Aug,Brazil,111750,2.07,105.2954,106129.99238333298,Unknown
2824,Lead Oxides; Red Lead And Orange Lead,2012,Oct,Brazil,105485,2.07,105.2954,100180.06484613763,Unknown
2824,Lead Oxides; Red Lead And Orange Lead,2012,Dec,Brazil,115259,2.07,105.2954,109462.52162962485,Unknown
2824,Lead Oxides; Red Lead And Orange Lead,2013,Apr,Brazil,117555,1.46,106.8327,110036.53375792244,Unknown
2824,Lead Oxides; Red Lead And Orange Lead,2013,Dec,Brazil,57843,1.46,106.8327,54143.5347042619,Unknown
2824,Lead Oxides; Red Lead And Orange Lead,2014,Sep,Brazil,56121,1.62,108.5634,51694.21738818055,Unknown
2824,Lead Oxides; Red Lead And Orange Lead,2015,Feb,Brazil,15669,0.12,108.6937,14415.738906670762,Unknown
2824,Lead Oxides; Red Lead And Orange Lead,2015,Apr,Brazil,55530,0.12,108.6937,51088.51754977519,Unknown
2824,Lead Oxides; Red Lead And Orange Lead,2015,Jul,Brazil,52546,0.12,108.6937,48343.18824366085,Unknown
2824,Lead Oxides; Red Lead And Orange Lead,2015,Oct,Brazil,52546,0.12,108.6937,48343.18824366085,Unknown
2824,Lead Oxides; Red Lead And Orange Lead,2016,Aug,Brazil,34342,1.26,110.0632,31202.072990790748,Unknown
2824,Lead Oxides; Red Lead And Orange Lead,2022,Mar,Brazil,68690,8.0,134.1947,51186.82034387349,Unknown
2824,Lead Oxides; Red Lead And Orange Lead,2022,May,Brazil,54715,8.0,134.1947,40772.84721378713,Unknown
2824,Lead Oxides; Red Lead And Orange Lead,2022,Jun,Brazil,56501,8.0,134.1947,42103.749253882605,Unknown
2824,Lead Oxides; Red Lead And Orange Lead,2022,Sep,Brazil,77526,8.0,134.1947,57771.28306855635,Unknown
2824,Lead Oxides; Red Lead And Orange Lead,2022,Nov,Brazil,91376,8.0,134.1947,68092.10795955428,Unknown
2824,Lead Oxides; Red Lead And Orange Lead,2023,May,Brazil,62687,4.12,139.7235,44865.037019542164,Unknown
2824,Lead Oxides; Red Lead And Orange Lead,2023,Jun,Brazil,62687,4.12,139.7235,44865.037019542164,Unknown
2824,Lead Oxides; Red Lead And Orange Lead,2023,Aug,Brazil,95394,4.12,139.7235,68273.41141611825,Unknown
2824,Lead Oxides; Red Lead And Orange Lead,2023,Nov,Brazil,61628,4.12,139.7235,44107.111545301974,Unknown
2824,Lead Oxides; Red Lead And Orange Lead,2024,Jan,Brazil,61628,2.9,143.7755,42864.04846444631,Unknown
2824,Lead Oxides; Red Lead And Orange Lead,2024,May,Brazil,55350,2.9,143.7755,38497.51870103043,Unknown
2824,Lead Oxides; Red Lead And Orange Lead,2024,Jun,Brazil,55858,2.9,143.7755,38850.84732795226,Unknown
2824,Lead Oxides; Red Lead And Orange Lead,2024,Jul,Brazil,58548,2.9,143.7755,40721.81978153441,Unknown
2824,Lead Oxides; Red Lead And Orange Lead,2024,Sep,Brazil,6078,2.9,143.7755,4227.424004785238,Unknown
2824,Lead Oxides; Red Lead And Orange Lead,2024,Dec,Brazil,58673,2.9,143.7755,40808.760880678565,Unknown
2824,Lead Oxides; Red Lead And Orange Lead,2025,Apr,Brazil,46521,2.8,147.8012,31475.387209305474,Unknown
2824,Lead Oxides; Red Lead And Orange Lead,2025,May,Brazil,58673,2.8,147.8012,39697.24197097182,Unknown
2824,Lead Oxides; Red Lead And Orange Lead,2025,Jun,Brazil,64895,2.8,147.8012,43906.9506878158,Unknown
2824,Lead Oxides; Red Lead And Orange Lead,2025,Nov,Brazil,68880,2.8,147.8012,46603.13989331616,Unknown
7501,"Nickle Mattes, Nickle Oxide Sinters, Oth Int Prod",2025,Feb,Peru,4488,2.8,147.8012,3036.511205592377,Compound
7502,"Nickle, Unwrought",2010,Jan,Brazil,623076,1.64,100.0,623076.0,Compound
7502,"Nickle, Unwrought",2010,Feb,Brazil,9380766,1.64,100.0,9380766.0,Compound
7502,"Nickle, Unwrought",2010,Mar,Brazil,5634189,1.64,100.0,5634189.0,Compound
7502,"Nickle, Unwrought",2010,Apr,Brazil,7065633,1.64,100.0,7065633.0,Compound
7502,"Nickle, Unwrought",2010,May,Brazil,2583652,1.64,100.0,2583652.0,Compound
7502,"Nickle, Unwrought",2010,Jun,Brazil,5818051,1.64,100.0,5818051.0,Compound
7502,"Nickle, Unwrought",2010,Jul,Brazil,9228122,1.64,100.0,9228122.0,Compound
7502,"Nickle, Unwrought",2010,Aug,Brazil,2471426,1.64,100.0,2471426.0,Compound
7502,"Nickle, Unwrought",2010,Sep,Brazil,8228234,1.64,100.0,8228234.0,Compound
7502,"Nickle, Unwrought",2010,Oct,Brazil,6925595,1.64,100.0,6925595.0,Compound
7502,"Nickle, Unwrought",2010,Nov,Brazil,5349541,1.64,100.0,5349541.0,Compound
7502,"Nickle, Unwrought",2010,Dec,Brazil,7274764,1.64,100.0,7274764.0,Compound
7502,"Nickle, Unwrought",2011,Jan,Brazil,2199158,3.16,103.16,2131793.330748352,Compound
7502,"Nickle, Unwrought",2011,Feb,Brazil,4203247,3.16,103.16,4074493.020550601,Compound
7502,"Nickle, Unwrought",2011,Mar,Brazil,13882185,3.16,103.16,13456945.52151997,Compound
7502,"Nickle, Unwrought",2011,Apr,Brazil,6185169,3.16,103.16,5995704.730515704,Compound
7502,"Nickle, Unwrought",2011,May,Brazil,6778456,3.16,103.16,6570818.146568438,Compound
7502,"Nickle, Unwrought",2011,Jun,Brazil,11908946,3.16,103.16,11544150.833656456,Compound
7502,"Nickle, Unwrought",2011,Jul,Brazil,9432422,3.16,103.16,9143487.785963552,Compound
7502,"Nickle, Unwrought",2011,Aug,Brazil,7369864,3.16,103.16,7144110.120201629,Compound
7502,"Nickle, Unwrought",2011,Sep,Brazil,4805832,3.16,103.16,4658619.620007755,Compound
7502,"Nickle, Unwrought",2011,Oct,Brazil,4723960,3.16,103.16,4579255.525397441,Compound
7502,"Nickle, Unwrought",2011,Nov,Brazil,9519038,3.16,103.16,9227450.562233424,Compound
7502,"Nickle, Unwrought",2011,Dec,Brazil,8459284,3.16,103.16,8200158.976347421,Compound
7502,"Nickle, Unwrought",2012,Jan,Brazil,2779598,2.07,105.2954,2639809.5263420814,Compound
7502,"Nickle, Unwrought",2012,Feb,Brazil,11942049,2.07,105.2954,11341472.656925185,Compound
7502,"Nickle, Unwrought",2012,Mar,Brazil,6523719,2.07,105.2954,6195635.32689937,Compound
7502,"Nickle, Unwrought",2012,Apr,Brazil,6465807,2.07,105.2954,6140635.77326265,Compound
7502,"Nickle, Unwrought",2012,May,Brazil,4104044,2.07,105.2954,3897647.950432782,Compound
7502,"Nickle, Unwrought",2012,Jun,Brazil,1129985,2.07,105.2954,1073157.041998036,Compound
7502,"Nickle, Unwrought",2012,Jul,Brazil,4569171,2.07,105.2954,4339383.296896161,Compound
7502,"Nickle, Unwrought",2012,Aug,Brazil,7742079,2.07,105.2954,7352722.910972369,Compound
7502,"Nickle, Unwrought",2012,Sep,Brazil,6552683,2.07,105.2954,6223142.7013905635,Compound
7502,"Nickle, Unwrought",2012,Oct,Brazil,6859430,2.07,105.2954,6514463.119946361,Compound
7502,"Nickle, Unwrought",2012,Nov,Brazil,3281872,2.07,105.2954,3116823.7168955146,Compound
7502,"Nickle, Unwrought",2012,Dec,Brazil,5172871,2.07,105.2954,4912722.6830421835,Compound
7502,"Nickle, Unwrought",2013,Jan,Brazil,5143436,1.46,106.8327,4814477.2153095445,Compound
7502,"Nickle, Unwrought",2013,Feb,Brazil,3697798,1.46,106.8327,3461297.8984898813,Compound
7502,"Nickle, Unwrought",2013,Mar,Brazil,5519548,1.46,106.8327,5166534.216583499,Compound
7502,"Nickle, Unwrought",2013,Apr,Brazil,5503221,1.46,106.8327,5151251.442676259,Compound
7502,"Nickle, Unwrought",2013,May,Brazil,6931538,1.46,106.8327,6488217.558856043,Compound
7502,"Nickle, Unwrought",2013,Jun,Brazil,5683842,1.46,106.8327,5320320.463678256,Compound
7502,"Nickle, Unwrought",2013,Jul,Brazil,5732682,1.46,106.8327,5366036.803338303,Compound
7502,"Nickle, Unwrought",2013,Aug,Brazil,4606469,1.46,106.8327,4311853.018785446,Compound
7502,"Nickle, Unwrought",2013,Sep,Brazil,2694034,1.46,106.8327,2521731.6420908575,Compound
7502,"Nickle, Unwrought",2013,Oct,Brazil,4094204,1.46,106.8327,3832350.956214717,Compound
7502,"Nickle, Unwrought",2013,Nov,Brazil,5976277,1.46,106.8327,5594052.195629241,Compound
7502,"Nickle, Unwrought",2013,Dec,Brazil,2340234,1.46,106.8327,2190559.6320227794,Compound
7502,"Nickle, Unwrought",2014,Jan,Brazil,13374021,1.62,108.5634,12319088.200995915,Compound
7502,"Nickle, Unwrought",2014,Feb,Brazil,3735117,1.62,108.5634,3440493.757564704,Compound
7502,"Nickle, Unwrought",2014,Mar,Brazil,4635025,1.62,108.5634,4269417.685886772,Compound
7502,"Nickle, Unwrought",2014,Apr,Brazil,4391727,1.62,108.5634,4045310.850618164,Compound
7502,"Nickle, Unwrought",2014,May,Brazil,14806688,1.62,108.5634,13638747.49685437,Compound
7502,"Nickle, Unwrought",2014,Jun,Brazil,13825177,1.62,108.5634,12734657.352293683,Compound
7502,"Nickle, Unwrought",2014,Jul,Brazil,21213683,1.62,108.5634,19540363.511091214,Compound
7502,"Nickle, Unwrought",2014,Aug,Brazil,8002475,1.62,108.5634,7371245.742119351,Compound
7502,"Nickle, Unwrought",2014,Sep,Brazil,15908842,1.62,108.5634,14653964.411578856,Compound
7502,"Nickle, Unwrought",2014,Oct,Brazil,1782070,1.62,108.5634,1641501.6478850145,Compound
7502,"Nickle, Unwrought",2014,Nov,Brazil,7044983,1.62,108.5634,6489279.9967576545,Compound
7502,"Nickle, Unwrought",2014,Dec,Brazil,11834162,1.62,108.5634,10900692.13012857,Compound
7502,"Nickle, Unwrought",2015,Jan,Brazil,9608302,0.12,108.6937,8839796.602746986,Compound
7502,"Nickle, Unwrought",2015,Feb,Brazil,10226745,0.12,108.6937,9408774.381587893,Compound
7502,"Nickle, Unwrought",2015,Mar,Brazil,6235467,0.12,108.6937,5736732.671718784,Compound
7502,"Nickle, Unwrought",2015,Apr,Brazil,7327434,0.12,108.6937,6741360.354831972,Compound
7502,"Nickle, Unwrought",2015,May,Brazil,10285665,0.12,108.6937,9462981.755152322,Compound
7502,"Nickle, Unwrought",2015,Jun,Brazil,3175642,0.12,108.6937,2921643.112710304,Compound
7502,"Nickle, Unwrought",2015,Jul,Brazil,3730894,0.12,108.6937,3432484.127414928,Compound
7502,"Nickle, Unwrought",2015,Aug,Brazil,6794948,0.12,108.6937,6251464.436301275,Compound
7502,"Nickle, Unwrought",2015,Sep,Brazil,3864875,0.12,108.6937,3555748.861249548,Compound
7502,"Nickle, Unwrought",2015,Oct,Brazil,3199478,0.12,108.6937,2943572.6265643733,Compound
7502,"Nickle, Unwrought",2015,Nov,Brazil,8590670,0.12,108.6937,7903558.347907927,Compound
7502,"Nickle, Unwrought",2015,Dec,Brazil,10132243,0.12,108.6937,9321830.9800844,Compound
7502,"Nickle, Unwrought",2016,Jan,Brazil,4329924,1.26,110.0632,3934034.263950167,Compound
7502,"Nickle, Unwrought",2016,Feb,Brazil,3879852,1.26,110.0632,3525112.844256755,Compound
7502,"Nickle, Unwrought",2016,Mar,Brazil,6284915,1.26,110.0632,5710278.276481149,Compound
7502,"Nickle, Unwrought",2016,Apr,Brazil,2376914,1.26,110.0632,2159590.1264001047,Compound
7502,"Nickle, Unwrought",2016,May,Brazil,3736363,1.26,110.0632,3394743.2020875285,Compound
7502,"Nickle, Unwrought",2016,Jun,Brazil,1598616,1.26,110.0632,1452452.77258884,Compound
7502,"Nickle, Unwrought",2016,Aug,Brazil,1465103,1.26,110.0632,1331147.0137157561,Compound
7502,"Nickle, Unwrought",2016,Nov,Brazil,1069986,1.26,110.0632,972155.9976449895,Compound
7502,"Nickle, Unwrought",2017,Jan,Brazil,645698,2.13,112.4076,574425.5726481128,Compound
7502,"Nickle, Unwrought",2017,Apr,Brazil,5460064,2.13,112.4076,4857379.750123657,Compound
7502,"Nickle, Unwrought",2017,Sep,Brazil,615520,2.13,112.4076,547578.6334731815,Compound
7502,"Nickle, Unwrought",2017,Oct,Brazil,1121851,2.13,112.4076,998020.5964721247,Compound
7502,"Nickle, Unwrought",2017,Nov,Brazil,5529296,2.13,112.4076,4918969.891715507,Compound
7502,"Nickle, Unwrought",2017,Dec,Brazil,6642260,2.13,112.4076,5909084.439130451,Compound
7502,"Nickle, Unwrought",2018,Jan,Brazil,5161571,2.44,115.1503,4482464.222846141,Compound
7502,"Nickle, Unwrought",2018,Mar,Brazil,475890,2.44,115.1503,413277.2558994636,Compound
7502,"Nickle, Unwrought",2018,Apr,Brazil,731855,2.44,115.1503,635564.9963569352,Compound
7502,"Nickle, Unwrought",2018,May,Brazil,4620571,2.44,115.1503,4012643.4755272022,Compound
7502,"Nickle, Unwrought",2018,Jul,Brazil,875463,2.44,115.1503,760278.52293915,Compound
7502,"Nickle, Unwrought",2018,Nov,Brazil,1840079,2.44,115.1503,1597980.2050016369,Compound
7502,"Nickle, Unwrought",2018,Dec,Brazil,381845,2.44,115.1503,331605.7361552684,Compound
7502,"Nickle, Unwrought",2019,Mar,Brazil,1084907,1.81,117.2345,925416.1530948655,Compound
7502,"Nickle, Unwrought",2019,May,Brazil,968161,1.81,117.2345,825832.8393092477,Compound
7502,"Nickle, Unwrought",2021,Mar,Brazil,2648574,4.7,124.2543,2131575.325763374,Compound
7502,"Nickle, Unwrought",2021,Jun,Brazil,1690958,4.7,124.2543,1360884.8949291897,Compound
7502,"Nickle, Unwrought",2021,Jul,Brazil,3909393,4.7,124.2543,3146283.8710612026,Compound
7502,"Nickle, Unwrought",2021,Aug,Brazil,3056181,4.7,124.2543,2459617.8965235003,Compound
7502,"Nickle, Unwrought",2021,Sep,Brazil,2716044,4.7,124.2543,2185875.2574357586,Compound
7502,"Nickle, Unwrought",2022,Jul,Brazil,3022272,8.0,134.1947,2252154.518770115,Compound
7502,"Nickle, Unwrought",2022,Oct,Brazil,1262577,8.0,134.1947,940854.594108411,Compound
7502,"Nickle, Unwrought",2023,Feb,Brazil,4384113,4.12,139.7235,3137706.2555690347,Compound
7502,"Nickle, Unwrought",2023,Jun,Brazil,8306131,4.12,139.7235,5944691.479958632,Compound
7502,"Nickle, Unwrought",2023,Aug,Brazil,1419164,4.12,139.7235,1015694.568200768,Compound
7502,"Nickle, Unwrought",2023,Sep,Brazil,2427122,4.12,139.7235,1737089.3228411828,Compound
7502,"Nickle, Unwrought",2023,Oct,Brazil,3288803,4.12,139.7235,2353793.7426417177,Compound
7502,"Nickle, Unwrought",2023,Nov,Brazil,2591739,4.12,139.7235,1854905.5813803691,Compound
7502,"Nickle, Unwrought",2023,Dec,Brazil,3179718,4.12,139.7235,2275721.6932012155,Compound
7502,"Nickle, Unwrought",2024,Nov,Brazil,28789,2.9,143.7755,20023.578426087894,Compound
7502,"Nickle, Unwrought",2025,Mar,Brazil,6540680,2.8,147.8012,4425322.6631448185,Compound
7502,"Nickle, Unwrought",2025,May,Brazil,2082812,2.8,147.8012,1409198.3015022883,Compound
7502,"Nickle, Unwrought",2013,Oct,Colombia,3842360,1.46,106.8327,3596614.1452944647,Compound
7502,"Nickle, Unwrought",2014,Sep,Colombia,1874989,1.62,108.5634,1727091.2664857584,Compound
7502,"Nickle, Unwrought",2020,Mar,Colombia,2253524,1.23,118.6765,1898879.7276630164,Compound
7502,"Nickle, Unwrought",2022,Sep,Colombia,796176,8.0,134.1947,593299.1392357522,Compound
7502,"Nickle, Unwrought",2023,Apr,Peru,609507,4.12,139.7235,436223.6846342956,Compound
7502,"Nickle, Unwrought",2018,Aug,Uruguay,4410,2.44,115.1503,3829.7772563336785,Compound
8111,"Manganese And Artcles Thereof, Inc Waste And Scrap",2012,Apr,Brazil,61425,2.07,105.2954,58335.88171942934,Unknown
8111,"Manganese And Artcles Thereof, Inc Waste And Scrap",2025,Feb,Brazil,24353,2.8,147.8012,16476.862163500704,Unknown
8111,"Manganese And Artcles Thereof, Inc Waste And Scrap",2025,Mar,Brazil,93256,2.8,147.8012,63095.56350016103,Unknown
8111,"Manganese And Artcles Thereof, Inc Waste And Scrap",2025,Apr,Brazil,103197,2.8,147.8012,69821.4899473076,Unknown
8111,"Manganese And Artcles Thereof, Inc Waste And Scrap",2025,May,Brazil,52575,2.8,147.8012,35571.4297312877,Unknown
8111,"Manganese And Artcles Thereof, Inc Waste And Scrap",2025,Jun,Brazil,105806,2.8,147.8012,71586.69889013079,Unknown
8111,"Manganese And Artcles Thereof, Inc Waste And Scrap",2025,Jul,Brazil,106897,2.8,147.8012,72324.85257223893,Unknown
8111,"Manganese And Artcles Thereof, Inc Waste And Scrap",2025,Aug,Brazil,157317,2.8,147.8012,106438.24272062743,Unknown
8111,"Manganese And Artcles Thereof, Inc Waste And Scrap",2025,Sep,Brazil,25783,2.8,147.8012,17444.377988812,Unknown
8112,"Beryllium,chromium,hafnium,rhenium Etc & Articles",2013,Nov,Argentina,3896,1.46,106.8327,3646.8234913093083,Refined / Articles
8112,"Beryllium,chromium,hafnium,rhenium Etc & Articles",2015,Feb,Argentina,7402,0.12,108.6937,6809.962306923032,Refined / Articles
8112,"Beryllium,chromium,hafnium,rhenium Etc & Articles",2015,May,Argentina,300000,0.12,108.6937,276004.9570490286,Refined / Articles
8112,"Beryllium,chromium,hafnium,rhenium Etc & Articles",2021,Feb,Argentina,2885,4.7,124.2543,2321.8512357318823,Refined / Articles
8112,"Beryllium,chromium,hafnium,rhenium Etc & Articles",2023,Feb,Argentina,2177,4.12,139.7235,1558.0772024748878,Refined / Articles
8112,"Beryllium,chromium,hafnium,rhenium Etc & Articles",2010,Feb,Brazil,1610996,1.64,100.0,1610996.0,Refined / Articles
8112,"Beryllium,chromium,hafnium,rhenium Etc & Articles",2010,Mar,Brazil,4328825,1.64,100.0,4328825.0,Refined / Articles
8112,"Beryllium,chromium,hafnium,rhenium Etc & Articles",2010,Apr,Brazil,1916771,1.64,100.0,1916771.0,Refined / Articles
8112,"Beryllium,chromium,hafnium,rhenium Etc & Articles",2010,May,Brazil,3961360,1.64,100.0,3961360.0,Refined / Articles
8112,"Beryllium,chromium,hafnium,rhenium Etc & Articles",2010,Jun,Brazil,4032034,1.64,100.0,4032033.9999999995,Refined / Articles
8112,"Beryllium,chromium,hafnium,rhenium Etc & Articles",2010,Jul,Brazil,5777552,1.64,100.0,5777552.0,Refined / Articles
8112,"Beryllium,chromium,hafnium,rhenium Etc & Articles",2010,Aug,Brazil,5096895,1.64,100.0,5096895.0,Refined / Articles
8112,"Beryllium,chromium,hafnium,rhenium Etc & Articles",2010,Sep,Brazil,2648226,1.64,100.0,2648226.0,Refined / Articles
8112,"Beryllium,chromium,hafnium,rhenium Etc & Articles",2010,Oct,Brazil,10321671,1.64,100.0,10321671.0,Refined / Articles
8112,"Beryllium,chromium,hafnium,rhenium Etc & Articles",2010,Nov,Brazil,4577988,1.64,100.0,4577988.0,Refined / Articles
8112,"Beryllium,chromium,hafnium,rhenium Etc & Articles",2010,Dec,Brazil,5835957,1.64,100.0,5835957.0,Refined / Articles
8112,"Beryllium,chromium,hafnium,rhenium Etc & Articles",2011,Jan,Brazil,831109,3.16,103.16,805650.4459092672,Refined / Articles
8112,"Beryllium,chromium,hafnium,rhenium Etc & Articles",2011,Feb,Brazil,4871026,3.16,103.16,4721816.595579682,Refined / Articles
8112,"Beryllium,chromium,hafnium,rhenium Etc & Articles",2011,Mar,Brazil,6228341,3.16,103.16,6037554.284606436,Refined / Articles
8112,"Beryllium,chromium,hafnium,rhenium Etc & Articles",2011,Apr,Brazil,4076499,3.16,103.16,3951627.568825126,Refined / Articles
8112,"Beryllium,chromium,hafnium,rhenium Etc & Articles",2011,May,Brazil,4503594,3.16,103.16,4365639.782861575,Refined / Articles
8112,"Beryllium,chromium,hafnium,rhenium Etc & Articles",2011,Jun,Brazil,6349053,3.16,103.16,6154568.631252424,Refined / Articles
8112,"Beryllium,chromium,hafnium,rhenium Etc & Articles",2011,Jul,Brazil,4544849,3.16,103.16,4405631.058549826,Refined / Articles
8112,"Beryllium,chromium,hafnium,rhenium Etc & Articles",2011,Aug,Brazil,4148225,3.16,103.16,4021156.455990694,Refined / Articles
8112,"Beryllium,chromium,hafnium,rhenium Etc & Articles",2011,Sep,Brazil,6493027,3.16,103.16,6294132.415664987,Refined / Articles
8112,"Beryllium,chromium,hafnium,rhenium Etc & Articles",2011,Oct,Brazil,4411346,3.16,103.16,4276217.526172935,Refined / Articles
8112,"Beryllium,chromium,hafnium,rhenium Etc & Articles",2011,Nov,Brazil,5861467,3.16,103.16,5681918.379216751,Refined / Articles
8112,"Beryllium,chromium,hafnium,rhenium Etc & Articles",2011,Dec,Brazil,5618184,3.16,103.16,5446087.630864677,Refined / Articles
8112,"Beryllium,chromium,hafnium,rhenium Etc & Articles",2012,Jan,Brazil,6094948,2.07,105.2954,5788427.6046247035,Refined / Articles
8112,"Beryllium,chromium,hafnium,rhenium Etc & Articles",2012,Feb,Brazil,7240896,2.07,105.2954,6876744.853051511,Refined / Articles
8112,"Beryllium,chromium,hafnium,rhenium Etc & Articles",2012,Mar,Brazil,4086619,2.07,105.2954,3881099.2692938154,Refined / Articles
8112,"Beryllium,chromium,hafnium,rhenium Etc & Articles",2012,Apr,Brazil,7301313,2.07,105.2954,6934123.427994005,Refined / Articles
8112,"Beryllium,chromium,hafnium,rhenium Etc & Articles",2012,May,Brazil,5111137,2.07,105.2954,4854093.341209588,Refined / Articles
8112,"Beryllium,chromium,hafnium,rhenium Etc & Articles",2012,Jun,Brazil,8892896,2.07,105.2954,8445664.293027047,Refined / Articles
8112,"Beryllium,chromium,hafnium,rhenium Etc & Articles",2012,Jul,Brazil,5714351,2.07,105.2954,5426971.168731018,Refined / Articles
8112,"Beryllium,chromium,hafnium,rhenium Etc & Articles",2012,Aug,Brazil,2448553,2.07,105.2954,2325413.075974829,Refined / Articles
8112,"Beryllium,chromium,hafnium,rhenium Etc & Articles",2012,Sep,Brazil,6663173,2.07,105.2954,6328076.06030273,Refined / Articles
8112,"Beryllium,chromium,hafnium,rhenium Etc & Articles",2012,Oct,Brazil,4929331,2.07,105.2954,4681430.527829326,Refined / Articles
8112,"Beryllium,chromium,hafnium,rhenium Etc & Articles",2012,Nov,Brazil,6435574,2.07,105.2954,6111923.217918351,Refined / Articles
8112,"Beryllium,chromium,hafnium,rhenium Etc & Articles",2012,Dec,Brazil,6593580,2.07,105.2954,6261982.954620999,Refined / Articles
8112,"Beryllium,chromium,hafnium,rhenium Etc & Articles",2013,Jan,Brazil,6021238,1.46,106.8327,5636137.62452882,Refined / Articles
8112,"Beryllium,chromium,hafnium,rhenium Etc & Articles",2013,Feb,Brazil,7607661,1.46,106.8327,7121097.753777636,Refined / Articles
8112,"Beryllium,chromium,hafnium,rhenium Etc & Articles",2013,Mar,Brazil,3426037,1.46,106.8327,3206917.9193261988,Refined / Articles
8112,"Beryllium,chromium,hafnium,rhenium Etc & Articles",2013,Apr,Brazil,9105463,1.46,106.8327,8523104.817158042,Refined / Articles
8112,"Beryllium,chromium,hafnium,rhenium Etc & Articles",2013,May,Brazil,10751554,1.46,106.8327,10063916.759568933,Refined / Articles
8112,"Beryllium,chromium,hafnium,rhenium Etc & Articles",2013,Jun,Brazil,11638689,1.46,106.8327,10894313.258019313,Refined / Articles
8112,"Beryllium,chromium,hafnium,rhenium Etc & Articles",2013,Jul,Brazil,7571092,1.46,106.8327,7086867.597655025,Refined / Articles
8112,"Beryllium,chromium,hafnium,rhenium Etc & Articles",2013,Aug,Brazil,120277,1.46,106.8327,112584.44277828792,Refined / Articles
8112,"Beryllium,chromium,hafnium,rhenium Etc & Articles",2013,Sep,Brazil,987708,1.46,106.8327,924537.1501422316,Refined / Articles
8112,"Beryllium,chromium,hafnium,rhenium Etc & Articles",2013,Oct,Brazil,4934135,1.46,106.8327,4618562.481337643,Refined / Articles
8112,"Beryllium,chromium,hafnium,rhenium Etc & Articles",2013,Nov,Brazil,4933634,1.46,106.8327,4618093.523799361,Refined / Articles
8112,"Beryllium,chromium,hafnium,rhenium Etc & Articles",2013,Dec,Brazil,2963124,1.46,106.8327,2773611.4504266954,Refined / Articles
8112,"Beryllium,chromium,hafnium,rhenium Etc & Articles",2014,Jan,Brazil,12488663,1.62,108.5634,11503566.579528643,Refined / Articles
8112,"Beryllium,chromium,hafnium,rhenium Etc & Articles",2014,Feb,Brazil,4086598,1.62,108.5634,3764250.198501521,Refined / Articles
8112,"Beryllium,chromium,hafnium,rhenium Etc & Articles",2014,Mar,Brazil,6478764,1.62,108.5634,5967723.929058965,Refined / Articles
8112,"Beryllium,chromium,hafnium,rhenium Etc & Articles",2014,Apr,Brazil,10284008,1.62,108.5634,9472813.121180803,Refined / Articles
8112,"Beryllium,chromium,hafnium,rhenium Etc & Articles",2014,May,Brazil,7691055,1.62,108.5634,7084390.3193894075,Refined / Articles
8112,"Beryllium,chromium,hafnium,rhenium Etc & Articles",2014,Jun,Brazil,7384357,1.62,108.5634,6801884.428822236,Refined / Articles
8112,"Beryllium,chromium,hafnium,rhenium Etc & Articles",2014,Jul,Brazil,4611871,1.62,108.5634,4248090.056133099,Refined / Articles
8112,"Beryllium,chromium,hafnium,rhenium Etc & Articles",2014,Aug,Brazil,2279480,1.62,108.5634,2099676.3181698434,Refined / Articles
8112,"Beryllium,chromium,hafnium,rhenium Etc & Articles",2014,Sep,Brazil,8367201,1.62,108.5634,7707202.42733739,Refined / Articles
8112,"Beryllium,chromium,hafnium,rhenium Etc & Articles",2014,Oct,Brazil,4627684,1.62,108.5634,4262655.738490136,Refined / Articles
8112,"Beryllium,chromium,hafnium,rhenium Etc & Articles",2014,Nov,Brazil,9311688,1.62,108.5634,8577188.997396912,Refined / Articles
8112,"Beryllium,chromium,hafnium,rhenium Etc & Articles",2014,Dec,Brazil,9197071,1.62,108.5634,8471612.90084872,Refined / Articles
8112,"Beryllium,chromium,hafnium,rhenium Etc & Articles",2015,Jan,Brazil,921639,0.12,108.6937,847923.1086990321,Refined / Articles
8112,"Beryllium,chromium,hafnium,rhenium Etc & Articles",2015,Feb,Brazil,4008665,0.12,108.6937,3688038.0371631472,Refined / Articles
8112,"Beryllium,chromium,hafnium,rhenium Etc & Articles",2015,Mar,Brazil,4725515,0.12,108.6937,4347551.882031801,Refined / Articles
8112,"Beryllium,chromium,hafnium,rhenium Etc & Articles",2015,Apr,Brazil,214871,0.12,108.6937,197684.87042027272,Refined / Articles
8112,"Beryllium,chromium,hafnium,rhenium Etc & Articles",2015,May,Brazil,1848798,0.12,108.6937,1700924.7086077668,Refined / Articles
8112,"Beryllium,chromium,hafnium,rhenium Etc & Articles",2015,Jun,Brazil,3913320,0.12,108.6937,3600319.061730349,Refined / Articles
8112,"Beryllium,chromium,hafnium,rhenium Etc & Articles",2015,Jul,Brazil,5555573,0.12,108.6937,5111218.957492476,Refined / Articles
8112,"Beryllium,chromium,hafnium,rhenium Etc & Articles",2015,Aug,Brazil,7385347,0.12,108.6937,6794641.2717572395,Refined / Articles
8112,"Beryllium,chromium,hafnium,rhenium Etc & Articles",2015,Sep,Brazil,4737127,0.12,108.6937,4358235.113902645,Refined / Articles
8112,"Beryllium,chromium,hafnium,rhenium Etc & Articles",2015,Nov,Brazil,5457072,0.12,108.6937,5020596.409911522,Refined / Articles
8112,"Beryllium,chromium,hafnium,rhenium Etc & Articles",2015,Dec,Brazil,975637,0.12,108.6937,897602.1609348103,Refined / Articles
8112,"Beryllium,chromium,hafnium,rhenium Etc & Articles",2016,Jan,Brazil,912233,1.26,110.0632,828826.5287580227,Refined / Articles
8112,"Beryllium,chromium,hafnium,rhenium Etc & Articles",2016,Feb,Brazil,3861544,1.26,110.0632,3508478.7649277872,Refined / Articles
8112,"Beryllium,chromium,hafnium,rhenium Etc & Articles",2016,Mar,Brazil,3868318,1.26,110.0632,3514633.410622261,Refined / Articles
8112,"Beryllium,chromium,hafnium,rhenium Etc & Articles",2016,Apr,Brazil,3928553,1.26,110.0632,3569361.058010307,Refined / Articles
8112,"Beryllium,chromium,hafnium,rhenium Etc & Articles",2016,May,Brazil,7610021,1.26,110.0632,6914228.370608887,Refined / Articles
8112,"Beryllium,chromium,hafnium,rhenium Etc & Articles",2016,Jun,Brazil,5221077,1.26,110.0632,4743708.160402387,Refined / Articles
8112,"Beryllium,chromium,hafnium,rhenium Etc & Articles",2016,Jul,Brazil,2699220,1.26,110.0632,2452427.332659781,Refined / Articles
8112,"Beryllium,chromium,hafnium,rhenium Etc & Articles",2016,Aug,Brazil,4238548,1.26,110.0632,3851012.8726041038,Refined / Articles
8112,"Beryllium,chromium,hafnium,rhenium Etc & Articles",2016,Sep,Brazil,4256289,1.26,110.0632,3867131.793369628,Refined / Articles
8112,"Beryllium,chromium,hafnium,rhenium Etc & Articles",2016,Oct,Brazil,4262071,1.26,110.0632,3872385.1387202987,Refined / Articles
8112,"Beryllium,chromium,hafnium,rhenium Etc & Articles",2016,Nov,Brazil,5131462,1.26,110.0632,4662286.758880353,Refined / Articles
8112,"Beryllium,chromium,hafnium,rhenium Etc & Articles",2016,Dec,Brazil,7645631,1.26,110.0632,6946582.508958489,Refined / Articles
8112,"Beryllium,chromium,hafnium,rhenium Etc & Articles",2017,Jan,Brazil,3431955,2.13,112.4076,3053134.3076446787,Refined / Articles
8112,"Beryllium,chromium,hafnium,rhenium Etc & Articles",2017,Feb,Brazil,5155169,2.13,112.4076,4586139.193435319,Refined / Articles
8112,"Beryllium,chromium,hafnium,rhenium Etc & Articles",2017,Mar,Brazil,4626113,2.13,112.4076,4115480.6258651554,Refined / Articles
8112,"Beryllium,chromium,hafnium,rhenium Etc & Articles",2017,Apr,Brazil,2906133,2.13,112.4076,2585352.7697415478,Refined / Articles
8112,"Beryllium,chromium,hafnium,rhenium Etc & Articles",2017,May,Brazil,3448936,2.13,112.4076,3068240.9374455106,Refined / Articles
8112,"Beryllium,chromium,hafnium,rhenium Etc & Articles",2017,Jun,Brazil,4303310,2.13,112.4076,3828308.7620410006,Refined / Articles
8112,"Beryllium,chromium,hafnium,rhenium Etc & Articles",2017,Jul,Brazil,3429420,2.13,112.4076,3050879.122052246,Refined / Articles
8112,"Beryllium,chromium,hafnium,rhenium Etc & Articles",2017,Aug,Brazil,7713677,2.13,112.4076,6862237.962557691,Refined / Articles
8112,"Beryllium,chromium,hafnium,rhenium Etc & Articles",2017,Sep,Brazil,1717451,2.13,112.4076,1527878.0082485527,Refined / Articles
8112,"Beryllium,chromium,hafnium,rhenium Etc & Articles",2017,Oct,Brazil,5251273,2.13,112.4076,4671635.191926525,Refined / Articles
8112,"Beryllium,chromium,hafnium,rhenium Etc & Articles",2017,Nov,Brazil,4509775,2.13,112.4076,4011984.065134386,Refined / Articles
8112,"Beryllium,chromium,hafnium,rhenium Etc & Articles",2017,Dec,Brazil,6909676,2.13,112.4076,6146982.944213737,Refined / Articles
8112,"Beryllium,chromium,hafnium,rhenium Etc & Articles",2018,Jan,Brazil,4659222,2.44,115.1503,4046209.1718388926,Refined / Articles
8112,"Beryllium,chromium,hafnium,rhenium Etc & Articles",2018,Feb,Brazil,4281370,2.44,115.1503,3718071.0775395287,Refined / Articles
8112,"Beryllium,chromium,hafnium,rhenium Etc & Articles",2018,Mar,Brazil,6037003,2.44,115.1503,5242715.824448569,Refined / Articles
8112,"Beryllium,chromium,hafnium,rhenium Etc & Articles",2018,Apr,Brazil,6033283,2.44,115.1503,5239485.264041865,Refined / Articles
8112,"Beryllium,chromium,hafnium,rhenium Etc & Articles",2018,May,Brazil,10092397,2.44,115.1503,8764542.515303912,Refined / Articles
8112,"Beryllium,chromium,hafnium,rhenium Etc & Articles",2018,Jun,Brazil,4972869,2.44,115.1503,4318589.704065035,Refined / Articles
8112,"Beryllium,chromium,hafnium,rhenium Etc & Articles",2018,Jul,Brazil,9126371,2.44,115.1503,7925616.346635658,Refined / Articles
8112,"Beryllium,chromium,hafnium,rhenium Etc & Articles",2018,Aug,Brazil,3780523,2.44,115.1503,3283120.408717997,Refined / Articles
8112,"Beryllium,chromium,hafnium,rhenium Etc & Articles",2018,Sep,Brazil,2489325,2.44,115.1503,2161805.049574339,Refined / Articles
8112,"Beryllium,chromium,hafnium,rhenium Etc & Articles",2018,Oct,Brazil,3315433,2.44,115.1503,2879222.1991605754,Refined / Articles
8112,"Beryllium,chromium,hafnium,rhenium Etc & Articles",2018,Nov,Brazil,7773314,2.44,115.1503,6750580.762707522,Refined / Articles
8112,"Beryllium,chromium,hafnium,rhenium Etc & Articles",2018,Dec,Brazil,5810868,2.44,115.1503,5046333.357359903,Refined / Articles
8112,"Beryllium,chromium,hafnium,rhenium Etc & Articles",2019,Jan,Brazil,7821738,1.81,117.2345,6671873.8937770035,Refined / Articles
8112,"Beryllium,chromium,hafnium,rhenium Etc & Articles",2019,Feb,Brazil,5097776,1.81,117.2345,4348358.2051358605,Refined / Articles
8112,"Beryllium,chromium,hafnium,rhenium Etc & Articles",2019,Mar,Brazil,3443626,1.81,117.2345,2937382.7670182413,Refined / Articles
8112,"Beryllium,chromium,hafnium,rhenium Etc & Articles",2019,Apr,Brazil,9367844,1.81,117.2345,7990688.74776623,Refined / Articles
8112,"Beryllium,chromium,hafnium,rhenium Etc & Articles",2019,May,Brazil,3933599,1.81,117.2345,3355325.4374778755,Refined / Articles
8112,"Beryllium,chromium,hafnium,rhenium Etc & Articles",2019,Jun,Brazil,7969268,1.81,117.2345,6797715.689494133,Refined / Articles
8112,"Beryllium,chromium,hafnium,rhenium Etc & Articles",2019,Jul,Brazil,3627710,1.81,117.2345,3094404.8040465903,Refined / Articles
8112,"Beryllium,chromium,hafnium,rhenium Etc & Articles",2019,Aug,Brazil,1674622,1.81,117.2345,1428437.8745164606,Refined / Articles
8112,"Beryllium,chromium,hafnium,rhenium Etc & Articles",2019,Sep,Brazil,5471425,1.81,117.2345,4667077.524107665,Refined / Articles
8112,"Beryllium,chromium,hafnium,rhenium Etc & Articles",2019,Oct,Brazil,4088896,1.81,117.2345,3487792.416055001,Refined / Articles
8112,"Beryllium,chromium,hafnium,rhenium Etc & Articles",2019,Nov,Brazil,5012222,1.81,117.2345,4275381.393702366,Refined / Articles
8112,"Beryllium,chromium,hafnium,rhenium Etc & Articles",2019,Dec,Brazil,4173187,1.81,117.2345,3559691.899568813,Refined / Articles
8112,"Beryllium,chromium,hafnium,rhenium Etc & Articles",2020,Jan,Brazil,4647318,1.23,118.6765,3915954.7172355102,Refined / Articles
8112,"Beryllium,chromium,hafnium,rhenium Etc & Articles",2020,Feb,Brazil,4177798,1.23,118.6765,3520324.5798452096,Refined / Articles
8112,"Beryllium,chromium,hafnium,rhenium Etc & Articles",2020,Mar,Brazil,6671526,1.23,118.6765,5621606.636528715,Refined / Articles
8112,"Beryllium,chromium,hafnium,rhenium Etc & Articles",2020,Apr,Brazil,7150780,1.23,118.6765,6025438.903236951,Refined / Articles
8112,"Beryllium,chromium,hafnium,rhenium Etc & Articles",2020,May,Brazil,8745359,1.23,118.6765,7369073.911010183,Refined / Articles
8112,"Beryllium,chromium,hafnium,rhenium Etc & Articles",2020,Jun,Brazil,671764,1.23,118.6765,566046.3529005321,Refined / Articles
8112,"Beryllium,chromium,hafnium,rhenium Etc & Articles",2020,Oct,Brazil,307464,1.23,118.6765,259077.40791142304,Refined / Articles
8112,"Beryllium,chromium,hafnium,rhenium Etc & Articles",2020,Dec,Brazil,409877,1.23,118.6765,345373.3468715373,Refined / Articles
8112,"Beryllium,chromium,hafnium,rhenium Etc & Articles",2021,Jan,Brazil,290815,4.7,124.2543,234048.2381696247,Refined / Articles
8112,"Beryllium,chromium,hafnium,rhenium Etc & Articles",2021,Feb,Brazil,234400,4.7,124.2543,188645.38289620558,Refined / Articles
8112,"Beryllium,chromium,hafnium,rhenium Etc & Articles",2021,Apr,Brazil,877354,4.7,124.2543,706095.4832146653,Refined / Articles
8112,"Beryllium,chromium,hafnium,rhenium Etc & Articles",2021,May,Brazil,8160784,4.7,124.2543,6567808.116097391,Refined / Articles
8112,"Beryllium,chromium,hafnium,rhenium Etc & Articles",2021,Jun,Brazil,4350917,4.7,124.2543,3501622.881461648,Refined / Articles
8112,"Beryllium,chromium,hafnium,rhenium Etc & Articles",2021,Jul,Brazil,4803925,4.7,124.2543,3866204.2279422125,Refined / Articles
8112,"Beryllium,chromium,hafnium,rhenium Etc & Articles",2021,Aug,Brazil,1783212,4.7,124.2543,1435131.0175985862,Refined / Articles
8112,"Beryllium,chromium,hafnium,rhenium Etc & Articles",2021,Sep,Brazil,3139643,4.7,124.2543,2526788.2077320465,Refined / Articles
8112,"Beryllium,chromium,hafnium,rhenium Etc & Articles",2021,Oct,Brazil,4398264,4.7,124.2543,3539727.800164662,Refined / Articles
8112,"Beryllium,chromium,hafnium,rhenium Etc & Articles",2021,Nov,Brazil,3866961,4.7,124.2543,3112134.549870709,Refined / Articles
8112,"Beryllium,chromium,hafnium,rhenium Etc & Articles",2021,Dec,Brazil,8137409,4.7,124.2543,6548995.889880672,Refined / Articles
8112,"Beryllium,chromium,hafnium,rhenium Etc & Articles",2022,Jan,Brazil,3337438,8.0,134.1947,2487011.7821344654,Refined / Articles
8112,"Beryllium,chromium,hafnium,rhenium Etc & Articles",2022,Feb,Brazil,7863793,8.0,134.1947,5859987.764047313,Refined / Articles
8112,"Beryllium,chromium,hafnium,rhenium Etc & Articles",2022,Mar,Brazil,4585077,8.0,134.1947,3416734.789078853,Refined / Articles
8112,"Beryllium,chromium,hafnium,rhenium Etc & Articles",2022,Apr,Brazil,8374549,8.0,134.1947,6240595.9400781095,Refined / Articles
8112,"Beryllium,chromium,hafnium,rhenium Etc & Articles",2022,May,Brazil,3904729,8.0,134.1947,2909749.043740177,Refined / Articles
8112,"Beryllium,chromium,hafnium,rhenium Etc & Articles",2022,Jun,Brazil,7194498,8.0,134.1947,5361238.558601793,Refined / Articles
8112,"Beryllium,chromium,hafnium,rhenium Etc & Articles",2022,Jul,Brazil,9797505,8.0,134.1947,7300962.705680626,Refined / Articles
8112,"Beryllium,chromium,hafnium,rhenium Etc & Articles",2022,Aug,Brazil,4307589,8.0,134.1947,3209954.6405334934,Refined / Articles
8112,"Beryllium,chromium,hafnium,rhenium Etc & Articles",2022,Sep,Brazil,3456891,8.0,134.1947,2576026.4749651067,Refined / Articles
8112,"Beryllium,chromium,hafnium,rhenium Etc & Articles",2022,Oct,Brazil,9893788,8.0,134.1947,7372711.4409138365,Refined / Articles
8112,"Beryllium,chromium,hafnium,rhenium Etc & Articles",2022,Nov,Brazil,5692534,8.0,134.1947,4241996.144408087,Refined / Articles
8112,"Beryllium,chromium,hafnium,rhenium Etc & Articles",2022,Dec,Brazil,11100332,8.0,134.1947,8271811.032775512,Refined / Articles
8112,"Beryllium,chromium,hafnium,rhenium Etc & Articles",2023,Jan,Brazil,12446941,4.12,139.7235,8908265.968144229,Refined / Articles
8112,"Beryllium,chromium,hafnium,rhenium Etc & Articles",2023,Feb,Brazil,9120139,4.12,139.7235,6527276.370832394,Refined / Articles
8112,"Beryllium,chromium,hafnium,rhenium Etc & Articles",2023,Mar,Brazil,4093841,4.12,139.7235,2929958.8115098746,Refined / Articles
8112,"Beryllium,chromium,hafnium,rhenium Etc & Articles",2023,Apr,Brazil,4151935,4.12,139.7235,2971536.6420108285,Refined / Articles
8112,"Beryllium,chromium,hafnium,rhenium Etc & Articles",2023,May,Brazil,4392298,4.12,139.7235,3143564.2536867457,Refined / Articles
8112,"Beryllium,chromium,hafnium,rhenium Etc & Articles",2023,Jun,Brazil,3732270,4.12,139.7235,2671182.728746417,Refined / Articles
8112,"Beryllium,chromium,hafnium,rhenium Etc & Articles",2023,Jul,Brazil,5297840,4.12,139.7235,3791659.9569864767,Refined / Articles
8112,"Beryllium,chromium,hafnium,rhenium Etc & Articles",2023,Aug,Brazil,4584562,4.12,139.7235,3281167.4485680647,Refined / Articles
8112,"Beryllium,chromium,hafnium,rhenium Etc & Articles",2023,Sep,Brazil,14237083,4.12,139.7235,10189469.201673305,Refined / Articles
8112,"Beryllium,chromium,hafnium,rhenium Etc & Articles",2023,Oct,Brazil,5404957,4.12,139.7235,3868323.5103615355,Refined / Articles
8112,"Beryllium,chromium,hafnium,rhenium Etc & Articles",2023,Nov,Brazil,7513702,4.12,139.7235,5377550.662558554,Refined / Articles
8112,"Beryllium,chromium,hafnium,rhenium Etc & Articles",2023,Dec,Brazil,14003723,4.12,139.7235,10022453.631636769,Refined / Articles
8112,"Beryllium,chromium,hafnium,rhenium Etc & Articles",2024,Jan,Brazil,1801543,2.9,143.7755,1253025.0286036218,Refined / Articles
8112,"Beryllium,chromium,hafnium,rhenium Etc & Articles",2024,Feb,Brazil,5256183,2.9,143.7755,3655826.6185824433,Refined / Articles
8112,"Beryllium,chromium,hafnium,rhenium Etc & Articles",2024,Mar,Brazil,9524579,2.9,143.7755,6624618.937162451,Refined / Articles
8112,"Beryllium,chromium,hafnium,rhenium Etc & Articles",2024,Apr,Brazil,5496922,2.9,143.7755,3823267.5247173547,Refined / Articles
8112,"Beryllium,chromium,hafnium,rhenium Etc & Articles",2024,May,Brazil,4202541,2.9,143.7755,2922988.2699069036,Refined / Articles
8112,"Beryllium,chromium,hafnium,rhenium Etc & Articles",2024,Jun,Brazil,6209120,2.9,143.7755,4318621.740143488,Refined / Articles
8112,"Beryllium,chromium,hafnium,rhenium Etc & Articles",2024,Jul,Brazil,8855621,2.9,143.7755,6159339.386752263,Refined / Articles
8112,"Beryllium,chromium,hafnium,rhenium Etc & Articles",2024,Aug,Brazil,6609292,2.9,143.7755,4596952.888357196,Refined / Articles
8112,"Beryllium,chromium,hafnium,rhenium Etc & Articles",2024,Sep,Brazil,1052550,2.9,143.7755,732078.831233416,Refined / Articles
8112,"Beryllium,chromium,hafnium,rhenium Etc & Articles",2024,Oct,Brazil,16077700,2.9,143.7755,11182503.277679438,Refined / Articles
8112,"Beryllium,chromium,hafnium,rhenium Etc & Articles",2024,Nov,Brazil,20495884,2.9,143.7755,14255477.463128282,Refined / Articles
8112,"Beryllium,chromium,hafnium,rhenium Etc & Articles",2024,Dec,Brazil,12949764,2.9,143.7755,9006933.726538945,Refined / Articles
8112,"Beryllium,chromium,hafnium,rhenium Etc & Articles",2025,Jan,Brazil,13012025,2.8,147.8012,8803734.340451906,Refined / Articles
8112,"Beryllium,chromium,hafnium,rhenium Etc & Articles",2025,Feb,Brazil,907562,2.8,147.8012,614042.3758399796,Refined / Articles
8112,"Beryllium,chromium,hafnium,rhenium Etc & Articles",2025,Mar,Brazil,3250116,2.8,147.8012,2198978.0867814333,Refined / Articles
8112,"Beryllium,chromium,hafnium,rhenium Etc & Articles",2025,Apr,Brazil,4837569,2.8,147.8012,3273024.1703044362,Refined / Articles
8112,"Beryllium,chromium,hafnium,rhenium Etc & Articles",2025,May,Brazil,10611275,2.8,147.8012,7179424.118342747,Refined / Articles
8112,"Beryllium,chromium,hafnium,rhenium Etc & Articles",2025,Jun,Brazil,14284971,2.8,147.8012,9664989.864764292,Refined / Articles
8112,"Beryllium,chromium,hafnium,rhenium Etc & Articles",2025,Jul,Brazil,10495770,2.8,147.8012,7101275.22645283,Refined / Articles
8112,"Beryllium,chromium,hafnium,rhenium Etc & Articles",2025,Aug,Brazil,1081267,2.8,147.8012,731568.4852355731,Refined / Articles
8112,"Beryllium,chromium,hafnium,rhenium Etc & Articles",2025,Sep,Brazil,6992703,2.8,147.8012,4731154.41552572,Refined / Articles
8112,"Beryllium,chromium,hafnium,rhenium Etc & Articles",2025,Oct,Brazil,253680,2.8,147.8012,171635.95424123754,Refined / Articles
8112,"Beryllium,chromium,hafnium,rhenium Etc & Articles",2025,Nov,Brazil,83778,2.8,147.8012,56682.89567337748,Refined / Articles
8112,"Beryllium,chromium,hafnium,rhenium Etc & Articles",2010,Jan,Chile,1660296,1.64,100.0,1660296.0,Refined / Articles
8112,"Beryllium,chromium,hafnium,rhenium Etc & Articles",2010,Feb,Chile,2941576,1.64,100.0,2941576.0,Refined / Articles
8112,"Beryllium,chromium,hafnium,rhenium Etc & Articles",2010,Mar,Chile,3562680,1.64,100.0,3562680.0000000005,Refined / Articles
8112,"Beryllium,chromium,hafnium,rhenium Etc & Articles",2010,Apr,Chile,2941576,1.64,100.0,2941576.0,Refined / Articles
8112,"Beryllium,chromium,hafnium,rhenium Etc & Articles",2010,May,Chile,677600,1.64,100.0,677600.0,Refined / Articles
8112,"Beryllium,chromium,hafnium,rhenium Etc & Articles",2010,Jun,Chile,11767090,1.64,100.0,11767090.0,Refined / Articles
8112,"Beryllium,chromium,hafnium,rhenium Etc & Articles",2010,Jul,Chile,2337896,1.64,100.0,2337896.0,Refined / Articles
8112,"Beryllium,chromium,hafnium,rhenium Etc & Articles",2010,Aug,Chile,2313696,1.64,100.0,2313696.0,Refined / Articles
8112,"Beryllium,chromium,hafnium,rhenium Etc & Articles",2010,Sep,Chile,4591152,1.64,100.0,4591152.0,Refined / Articles
8112,"Beryllium,chromium,hafnium,rhenium Etc & Articles",2010,Oct,Chile,3544776,1.64,100.0,3544776.0,Refined / Articles
8112,"Beryllium,chromium,hafnium,rhenium Etc & Articles",2010,Nov,Chile,3549216,1.64,100.0,3549216.0000000005,Refined / Articles
8112,"Beryllium,chromium,hafnium,rhenium Etc & Articles",2010,Dec,Chile,10332740,1.64,100.0,10332740.0,Refined / Articles
8112,"Beryllium,chromium,hafnium,rhenium Etc & Articles",2011,Jan,Chile,2798980,3.16,103.16,2713241.5664986433,Refined / Articles
8112,"Beryllium,chromium,hafnium,rhenium Etc & Articles",2011,Feb,Chile,2712776,3.16,103.16,2629678.169833269,Refined / Articles
8112,"Beryllium,chromium,hafnium,rhenium Etc & Articles",2011,Mar,Chile,4990305,3.16,103.16,4837441.837921675,Refined / Articles
8112,"Beryllium,chromium,hafnium,rhenium Etc & Articles",2011,Apr,Chile,2192696,3.16,103.16,2125529.274912757,Refined / Articles
8112,"Beryllium,chromium,hafnium,rhenium Etc & Articles",2011,May,Chile,3877192,3.16,103.16,3758425.7464133385,Refined / Articles
8112,"Beryllium,chromium,hafnium,rhenium Etc & Articles",2011,Jun,Chile,8326634,3.16,103.16,8071572.314850718,Refined / Articles
8112,"Beryllium,chromium,hafnium,rhenium Etc & Articles",2011,Jul,Chile,3877192,3.16,103.16,3758425.7464133385,Refined / Articles
8112,"Beryllium,chromium,hafnium,rhenium Etc & Articles",2011,Aug,Chile,2192696,3.16,103.16,2125529.274912757,Refined / Articles
8112,"Beryllium,chromium,hafnium,rhenium Etc & Articles",2011,Sep,Chile,606600,3.16,103.16,588018.611865064,Refined / Articles
8112,"Beryllium,chromium,hafnium,rhenium Etc & Articles",2011,Oct,Chile,8162865,3.16,103.16,7912819.891430787,Refined / Articles
8112,"Beryllium,chromium,hafnium,rhenium Etc & Articles",2011,Nov,Chile,10867736,3.16,103.16,10534835.207444746,Refined / Articles
8112,"Beryllium,chromium,hafnium,rhenium Etc & Articles",2011,Dec,Chile,782220,3.16,103.16,758259.0151221404,Refined / Articles
8112,"Beryllium,chromium,hafnium,rhenium Etc & Articles",2012,Jan,Chile,4691872,2.07,105.2954,4455913.553678509,Refined / Articles
8112,"Beryllium,chromium,hafnium,rhenium Etc & Articles",2012,Feb,Chile,2337896,2.07,105.2954,2220321.115642279,Refined / Articles
8112,"Beryllium,chromium,hafnium,rhenium Etc & Articles",2012,Mar,Chile,5222976,2.07,105.2954,4960307.857703186,Refined / Articles
8112,"Beryllium,chromium,hafnium,rhenium Etc & Articles",2012,Apr,Chile,767600,2.07,105.2954,728996.7083082452,Refined / Articles
8112,"Beryllium,chromium,hafnium,rhenium Etc & Articles",2012,May,Chile,2941576,2.07,105.2954,2793641.5076062204,Refined / Articles
8112,"Beryllium,chromium,hafnium,rhenium Etc & Articles",2012,Jun,Chile,10126132,2.07,105.2954,9616879.749732656,Refined / Articles
8112,"Beryllium,chromium,hafnium,rhenium Etc & Articles",2012,Jul,Chile,2941576,2.07,105.2954,2793641.5076062204,Refined / Articles
8112,"Beryllium,chromium,hafnium,rhenium Etc & Articles",2012,Aug,Chile,4088192,2.07,105.2954,3882593.161714567,Refined / Articles
8112,"Beryllium,chromium,hafnium,rhenium Etc & Articles",2012,Sep,Chile,5402976,2.07,105.2954,5131255.49644144,Refined / Articles
8112,"Beryllium,chromium,hafnium,rhenium Etc & Articles",2012,Oct,Chile,2567400,2.07,105.2954,2438283.1538699693,Refined / Articles
8112,"Beryllium,chromium,hafnium,rhenium Etc & Articles",2012,Nov,Chile,12160192,2.07,105.2954,11548645.050021177,Refined / Articles
8112,"Beryllium,chromium,hafnium,rhenium Etc & Articles",2012,Dec,Chile,1929694,2.07,105.2954,1832647.9599298735,Refined / Articles
8112,"Beryllium,chromium,hafnium,rhenium Etc & Articles",2013,Jan,Chile,2213422,1.46,106.8327,2071858.1483010352,Refined / Articles
8112,"Beryllium,chromium,hafnium,rhenium Etc & Articles",2013,Feb,Chile,1760092,1.46,106.8327,1647521.7793802833,Refined / Articles
8112,"Beryllium,chromium,hafnium,rhenium Etc & Articles",2013,Mar,Chile,1555840,1.46,106.8327,1456333.1264678324,Refined / Articles
8112,"Beryllium,chromium,hafnium,rhenium Etc & Articles",2013,Apr,Chile,4282508,1.46,106.8327,4008611.5955133587,Refined / Articles
8112,"Beryllium,chromium,hafnium,rhenium Etc & Articles",2013,May,Chile,1647360,1.46,106.8327,1541999.7809659403,Refined / Articles
8112,"Beryllium,chromium,hafnium,rhenium Etc & Articles",2013,Jun,Chile,9239076,1.46,106.8327,8648172.329258738,Refined / Articles
8112,"Beryllium,chromium,hafnium,rhenium Etc & Articles",2013,Jul,Chile,2871004,1.46,106.8327,2687383.170134238,Refined / Articles
8112,"Beryllium,chromium,hafnium,rhenium Etc & Articles",2013,Aug,Chile,1555840,1.46,106.8327,1456333.1264678324,Refined / Articles
8112,"Beryllium,chromium,hafnium,rhenium Etc & Articles",2013,Sep,Chile,4666366,1.46,106.8327,4367919.185792365,Refined / Articles
8112,"Beryllium,chromium,hafnium,rhenium Etc & Articles",2013,Oct,Chile,4290606,1.46,106.8327,4016191.671651095,Refined / Articles
8112,"Beryllium,chromium,hafnium,rhenium Etc & Articles",2013,Nov,Chile,829126,1.46,106.8327,776097.5806096822,Refined / Articles
8112,"Beryllium,chromium,hafnium,rhenium Etc & Articles",2013,Dec,Chile,12135133,1.46,106.8327,11359006.184436038,Refined / Articles
8112,"Beryllium,chromium,hafnium,rhenium Etc & Articles",2014,Feb,Chile,6696272,1.62,108.5634,6168075.060287353,Refined / Articles
8112,"Beryllium,chromium,hafnium,rhenium Etc & Articles",2014,Mar,Chile,4749976,1.62,108.5634,4375301.43676414,Refined / Articles
8112,"Beryllium,chromium,hafnium,rhenium Etc & Articles",2014,Apr,Chile,2801736,1.62,108.5634,2580737.1545106363,Refined / Articles
8112,"Beryllium,chromium,hafnium,rhenium Etc & Articles",2014,May,Chile,1555840,1.62,108.5634,1433116.501509717,Refined / Articles
8112,"Beryllium,chromium,hafnium,rhenium Etc & Articles",2014,Jun,Chile,3529238,1.62,108.5634,3250854.3394919466,Refined / Articles
8112,"Beryllium,chromium,hafnium,rhenium Etc & Articles",2014,Jul,Chile,5511044,1.62,108.5634,5076336.960706832,Refined / Articles
8112,"Beryllium,chromium,hafnium,rhenium Etc & Articles",2014,Aug,Chile,2862404,1.62,108.5634,2636619.707931034,Refined / Articles
8112,"Beryllium,chromium,hafnium,rhenium Etc & Articles",2014,Sep,Chile,3535840,1.62,108.5634,3256935.578657264,Refined / Articles
8112,"Beryllium,chromium,hafnium,rhenium Etc & Articles",2014,Oct,Chile,2769976,1.62,108.5634,2551482.3596165925,Refined / Articles
8112,"Beryllium,chromium,hafnium,rhenium Etc & Articles",2014,Nov,Chile,3926296,1.62,108.5634,3616592.70067076,Refined / Articles
8112,"Beryllium,chromium,hafnium,rhenium Etc & Articles",2014,Dec,Chile,1474308,1.62,108.5634,1358015.6848440634,Refined / Articles
8112,"Beryllium,chromium,hafnium,rhenium Etc & Articles",2015,Jan,Chile,6399800,0.12,108.6937,5887921.747074577,Refined / Articles
8112,"Beryllium,chromium,hafnium,rhenium Etc & Articles",2015,Feb,Chile,1327040,0.12,108.6937,1220898.727341143,Refined / Articles
8112,"Beryllium,chromium,hafnium,rhenium Etc & Articles",2015,Mar,Chile,10568277,0.12,108.6937,9722989.46489079,Refined / Articles
8112,"Beryllium,chromium,hafnium,rhenium Etc & Articles",2015,Apr,Chile,1327040,0.12,108.6937,1220898.727341143,Refined / Articles
8112,"Beryllium,chromium,hafnium,rhenium Etc & Articles",2015,May,Chile,3199549,0.12,108.6937,2943637.947737541,Refined / Articles
8112,"Beryllium,chromium,hafnium,rhenium Etc & Articles",2015,Jun,Chile,8415440,0.12,108.6937,7742343.85249559,Refined / Articles
8112,"Beryllium,chromium,hafnium,rhenium Etc & Articles",2015,Jul,Chile,4950027,0.12,108.6937,4554106.631755106,Refined / Articles
8112,"Beryllium,chromium,hafnium,rhenium Etc & Articles",2015,Aug,Chile,1327040,0.12,108.6937,1220898.727341143,Refined / Articles
8112,"Beryllium,chromium,hafnium,rhenium Etc & Articles",2015,Sep,Chile,8655071,0.12,108.6937,7962808.3320376435,Refined / Articles
8112,"Beryllium,chromium,hafnium,rhenium Etc & Articles",2015,Oct,Chile,1327040,0.12,108.6937,1220898.727341143,Refined / Articles
8112,"Beryllium,chromium,hafnium,rhenium Etc & Articles",2015,Nov,Chile,1327040,0.12,108.6937,1220898.727341143,Refined / Articles
8112,"Beryllium,chromium,hafnium,rhenium Etc & Articles",2015,Dec,Chile,6920540,0.12,108.6937,6367011.151520281,Refined / Articles
8112,"Beryllium,chromium,hafnium,rhenium Etc & Articles",2016,Jan,Chile,1144000,1.26,110.0632,1039402.8158367194,Refined / Articles
8112,"Beryllium,chromium,hafnium,rhenium Etc & Articles",2016,Feb,Chile,1144000,1.26,110.0632,1039402.8158367194,Refined / Articles
8112,"Beryllium,chromium,hafnium,rhenium Etc & Articles",2016,Mar,Chile,6762250,1.26,110.0632,6143970.009957915,Refined / Articles
8112,"Beryllium,chromium,hafnium,rhenium Etc & Articles",2016,Apr,Chile,1144000,1.26,110.0632,1039402.8158367194,Refined / Articles
8112,"Beryllium,chromium,hafnium,rhenium Etc & Articles",2016,May,Chile,2705032,1.26,110.0632,2457707.935077301,Refined / Articles
8112,"Beryllium,chromium,hafnium,rhenium Etc & Articles",2016,Jun,Chile,7311502,1.26,110.0632,6643003.292653676,Refined / Articles
8112,"Beryllium,chromium,hafnium,rhenium Etc & Articles",2016,Jul,Chile,3904444,1.26,110.0632,3547456.370521664,Refined / Articles
8112,"Beryllium,chromium,hafnium,rhenium Etc & Articles",2016,Aug,Chile,1577620,1.26,110.0632,1433376.4600702142,Refined / Articles
8112,"Beryllium,chromium,hafnium,rhenium Etc & Articles",2016,Sep,Chile,7774030,1.26,110.0632,7063241.846502737,Refined / Articles
8112,"Beryllium,chromium,hafnium,rhenium Etc & Articles",2016,Oct,Chile,3494116,1.26,110.0632,3174645.1129896278,Refined / Articles
8112,"Beryllium,chromium,hafnium,rhenium Etc & Articles",2016,Nov,Chile,10916920,1.26,110.0632,9918773.940790381,Refined / Articles
8112,"Beryllium,chromium,hafnium,rhenium Etc & Articles",2016,Dec,Chile,4362664,1.26,110.0632,3963780.809571228,Refined / Articles
8112,"Beryllium,chromium,hafnium,rhenium Etc & Articles",2017,Jan,Chile,4407538,2.13,112.4076,3921032.0298627494,Refined / Articles
8112,"Beryllium,chromium,hafnium,rhenium Etc & Articles",2017,Feb,Chile,6795440,2.13,112.4076,6045356.3638045825,Refined / Articles
8112,"Beryllium,chromium,hafnium,rhenium Etc & Articles",2017,Mar,Chile,1157160,2.13,112.4076,1029432.1736252708,Refined / Articles
8112,"Beryllium,chromium,hafnium,rhenium Etc & Articles",2017,Apr,Chile,4613818,2.13,112.4076,4104542.753336963,Refined / Articles
8112,"Beryllium,chromium,hafnium,rhenium Etc & Articles",2017,May,Chile,4238014,2.13,112.4076,3770220.1630494734,Refined / Articles
8112,"Beryllium,chromium,hafnium,rhenium Etc & Articles",2017,Jun,Chile,8072218,2.13,112.4076,7181203.050327557,Refined / Articles
8112,"Beryllium,chromium,hafnium,rhenium Etc & Articles",2017,Jul,Chile,2438591,2.13,112.4076,2169418.259975304,Refined / Articles
8112,"Beryllium,chromium,hafnium,rhenium Etc & Articles",2017,Aug,Chile,2446810,2.13,112.4076,2176730.0431643412,Refined / Articles
8112,"Beryllium,chromium,hafnium,rhenium Etc & Articles",2017,Sep,Chile,7225363,2.13,112.4076,6427824.275226942,Refined / Articles
8112,"Beryllium,chromium,hafnium,rhenium Etc & Articles",2017,Oct,Chile,2816565,2.13,112.4076,2505671.324714699,Refined / Articles
8112,"Beryllium,chromium,hafnium,rhenium Etc & Articles",2017,Nov,Chile,2183730,2.13,112.4076,1942688.9285066132,Refined / Articles
8112,"Beryllium,chromium,hafnium,rhenium Etc & Articles",2017,Dec,Chile,10846680,2.13,112.4076,9649418.722577477,Refined / Articles
8112,"Beryllium,chromium,hafnium,rhenium Etc & Articles",2018,Jan,Chile,3870236,2.44,115.1503,3361029.888762774,Refined / Articles
8112,"Beryllium,chromium,hafnium,rhenium Etc & Articles",2018,Feb,Chile,5916220,2.44,115.1503,5137824.217566085,Refined / Articles
8112,"Beryllium,chromium,hafnium,rhenium Etc & Articles",2018,Mar,Chile,2419795,2.44,115.1503,2101423.0965963616,Refined / Articles
8112,"Beryllium,chromium,hafnium,rhenium Etc & Articles",2018,Apr,Chile,5997620,2.44,115.1503,5208514.43721814,Refined / Articles
8112,"Beryllium,chromium,hafnium,rhenium Etc & Articles",2018,May,Chile,5607370,2.44,115.1503,4869609.545090199,Refined / Articles
8112,"Beryllium,chromium,hafnium,rhenium Etc & Articles",2018,Jun,Chile,3276020,2.44,115.1503,2844994.7590236412,Refined / Articles
8112,"Beryllium,chromium,hafnium,rhenium Etc & Articles",2018,Jul,Chile,2934420,2.44,115.1503,2548338.996945731,Refined / Articles
8112,"Beryllium,chromium,hafnium,rhenium Etc & Articles",2018,Aug,Chile,1967020,2.44,115.1503,1708219.6051595176,Refined / Articles
8112,"Beryllium,chromium,hafnium,rhenium Etc & Articles",2018,Sep,Chile,16270870,2.44,115.1503,14130115.162531057,Refined / Articles
8112,"Beryllium,chromium,hafnium,rhenium Etc & Articles",2018,Oct,Chile,1996866,2.44,115.1503,1734138.7734117932,Refined / Articles
8112,"Beryllium,chromium,hafnium,rhenium Etc & Articles",2018,Nov,Chile,1643620,2.44,115.1503,1427369.2730283812,Refined / Articles
8112,"Beryllium,chromium,hafnium,rhenium Etc & Articles",2018,Dec,Chile,3842520,2.44,115.1503,3336960.4768724004,Refined / Articles
8112,"Beryllium,chromium,hafnium,rhenium Etc & Articles",2019,Jan,Chile,2329800,1.81,117.2345,1987298.96063019,Refined / Articles
8112,"Beryllium,chromium,hafnium,rhenium Etc & Articles",2019,Feb,Chile,6893272,1.81,117.2345,5879900.541222934,Refined / Articles
8112,"Beryllium,chromium,hafnium,rhenium Etc & Articles",2019,Mar,Chile,4193483,1.81,117.2345,3577004.209511705,Refined / Articles
8112,"Beryllium,chromium,hafnium,rhenium Etc & Articles",2019,Apr,Chile,1857642,1.81,117.2345,1584552.3288792977,Refined / Articles
8112,"Beryllium,chromium,hafnium,rhenium Etc & Articles",2019,May,Chile,7458584,1.81,117.2345,6362106.717732408,Refined / Articles
8112,"Beryllium,chromium,hafnium,rhenium Etc & Articles",2019,Jun,Chile,3706200,1.81,117.2345,3161356.085452661,Refined / Articles
8112,"Beryllium,chromium,hafnium,rhenium Etc & Articles",2019,Jul,Chile,66500,1.81,117.2345,56723.916594517825,Refined / Articles
8112,"Beryllium,chromium,hafnium,rhenium Etc & Articles",2019,Aug,Chile,2086104,1.81,117.2345,1779428.4105787973,Refined / Articles
8112,"Beryllium,chromium,hafnium,rhenium Etc & Articles",2019,Sep,Chile,15054600,1.81,117.2345,12841441.725771852,Refined / Articles
8112,"Beryllium,chromium,hafnium,rhenium Etc & Articles",2019,Oct,Chile,2086104,1.81,117.2345,1779428.4105787973,Refined / Articles
8112,"Beryllium,chromium,hafnium,rhenium Etc & Articles",2019,Nov,Chile,3627533,1.81,117.2345,3094253.824599414,Refined / Articles
8112,"Beryllium,chromium,hafnium,rhenium Etc & Articles",2019,Dec,Chile,1540000,1.81,117.2345,1313606.489557255,Refined / Articles
8112,"Beryllium,chromium,hafnium,rhenium Etc & Articles",2020,Jan,Chile,3519300,1.23,118.6765,2965456.5141371707,Refined / Articles
8112,"Beryllium,chromium,hafnium,rhenium Etc & Articles",2020,Feb,Chile,2571640,1.23,118.6765,2166932.796299183,Refined / Articles
8112,"Beryllium,chromium,hafnium,rhenium Etc & Articles",2020,Mar,Chile,6316640,1.23,118.6765,5322570.180280005,Refined / Articles
8112,"Beryllium,chromium,hafnium,rhenium Etc & Articles",2020,Apr,Chile,3436840,1.23,118.6765,2895973.507813257,Refined / Articles
8112,"Beryllium,chromium,hafnium,rhenium Etc & Articles",2020,Jul,Chile,1755600,1.23,118.6765,1479315.6185091403,Refined / Articles
8112,"Beryllium,chromium,hafnium,rhenium Etc & Articles",2020,Oct,Chile,6117760,1.23,118.6765,5154988.561341125,Refined / Articles
8112,"Beryllium,chromium,hafnium,rhenium Etc & Articles",2020,Dec,Chile,4476560,1.23,118.6765,3772069.4493012517,Refined / Articles
8112,"Beryllium,chromium,hafnium,rhenium Etc & Articles",2021,Jan,Chile,1270106,4.7,124.2543,1022182.7333138571,Refined / Articles
8112,"Beryllium,chromium,hafnium,rhenium Etc & Articles",2021,Feb,Chile,1272480,4.7,124.2543,1024093.3311764664,Refined / Articles
8112,"Beryllium,chromium,hafnium,rhenium Etc & Articles",2021,Mar,Chile,1283480,4.7,124.2543,1032946.1435137456,Refined / Articles
8112,"Beryllium,chromium,hafnium,rhenium Etc & Articles",2021,Apr,Chile,3732080,4.7,124.2543,3003582.169792112,Refined / Articles
8112,"Beryllium,chromium,hafnium,rhenium Etc & Articles",2021,May,Chile,1272480,4.7,124.2543,1024093.3311764664,Refined / Articles
8112,"Beryllium,chromium,hafnium,rhenium Etc & Articles",2021,Jun,Chile,1283480,4.7,124.2543,1032946.1435137456,Refined / Articles
8112,"Beryllium,chromium,hafnium,rhenium Etc & Articles",2021,Jul,Chile,1283480,4.7,124.2543,1032946.1435137456,Refined / Articles
8112,"Beryllium,chromium,hafnium,rhenium Etc & Articles",2021,Aug,Chile,3810180,4.7,124.2543,3066437.1373867947,Refined / Articles
8112,"Beryllium,chromium,hafnium,rhenium Etc & Articles",2021,Sep,Chile,3732080,4.7,124.2543,3003582.169792112,Refined / Articles
8112,"Beryllium,chromium,hafnium,rhenium Etc & Articles",2021,Oct,Chile,1441880,4.7,124.2543,1160426.6411705671,Refined / Articles
8112,"Beryllium,chromium,hafnium,rhenium Etc & Articles",2021,Nov,Chile,2942280,4.7,124.2543,2367950.24397546,Refined / Articles
8112,"Beryllium,chromium,hafnium,rhenium Etc & Articles",2021,Dec,Chile,1986820,4.7,124.2543,1598994.9643593824,Refined / Articles
8112,"Beryllium,chromium,hafnium,rhenium Etc & Articles",2022,Jan,Chile,5042400,8.0,134.1947,3757525.446235954,Refined / Articles
8112,"Beryllium,chromium,hafnium,rhenium Etc & Articles",2022,Mar,Chile,123200,8.0,134.1947,91806.9044455556,Refined / Articles
8112,"Beryllium,chromium,hafnium,rhenium Etc & Articles",2022,Apr,Chile,272965,8.0,134.1947,203409.6726621841,Refined / Articles
8112,"Beryllium,chromium,hafnium,rhenium Etc & Articles",2022,May,Chile,30750,8.0,134.1947,22914.466815753523,Refined / Articles
8112,"Beryllium,chromium,hafnium,rhenium Etc & Articles",2022,Jun,Chile,73549,8.0,134.1947,54807.6786937189,Refined / Articles
8112,"Beryllium,chromium,hafnium,rhenium Etc & Articles",2022,Jul,Chile,15375,8.0,134.1947,11457.233407876762,Refined / Articles
8112,"Beryllium,chromium,hafnium,rhenium Etc & Articles",2022,Aug,Chile,15906,8.0,134.1947,11852.92712752441,Refined / Articles
8112,"Beryllium,chromium,hafnium,rhenium Etc & Articles",2022,Sep,Chile,89892,8.0,134.1947,66986.25206509646,Refined / Articles
8112,"Beryllium,chromium,hafnium,rhenium Etc & Articles",2022,Nov,Chile,38045,8.0,134.1947,28350.59804895424,Refined / Articles
8112,"Beryllium,chromium,hafnium,rhenium Etc & Articles",2022,Dec,Chile,2891000,8.0,134.1947,2154332.473637185,Refined / Articles
8112,"Beryllium,chromium,hafnium,rhenium Etc & Articles",2023,Jan,Chile,1254000,4.12,139.7235,897486.8221881072,Refined / Articles
8112,"Beryllium,chromium,hafnium,rhenium Etc & Articles",2023,Feb,Chile,3704360,4.12,139.7235,2651207.5635093595,Refined / Articles
8112,"Beryllium,chromium,hafnium,rhenium Etc & Articles",2023,Mar,Chile,4409680,4.12,139.7235,3156004.5375330565,Refined / Articles
8112,"Beryllium,chromium,hafnium,rhenium Etc & Articles",2023,Apr,Chile,1328400,4.12,139.7235,950734.8441743872,Refined / Articles
8112,"Beryllium,chromium,hafnium,rhenium Etc & Articles",2023,May,Chile,4769600,4.12,139.7235,3413599.0008838885,Refined / Articles
8112,"Beryllium,chromium,hafnium,rhenium Etc & Articles",2023,Jun,Chile,1757800,4.12,139.7235,1258056.0893478908,Refined / Articles
8112,"Beryllium,chromium,hafnium,rhenium Etc & Articles",2023,Jul,Chile,1082800,4.12,139.7235,774959.1156820435,Refined / Articles
8112,"Beryllium,chromium,hafnium,rhenium Etc & Articles",2023,Sep,Chile,2802800,4.12,139.7235,2005961.7745046467,Refined / Articles
8112,"Beryllium,chromium,hafnium,rhenium Etc & Articles",2023,Oct,Chile,7057050,4.12,139.7235,5050725.182234914,Refined / Articles
8112,"Beryllium,chromium,hafnium,rhenium Etc & Articles",2023,Nov,Chile,2473350,4.12,139.7235,1770174.6663947012,Refined / Articles
8112,"Beryllium,chromium,hafnium,rhenium Etc & Articles",2023,Dec,Chile,4586450,4.12,139.7235,3282518.6886958885,Refined / Articles
8112,"Beryllium,chromium,hafnium,rhenium Etc & Articles",2024,Jan,Chile,1479720,2.9,143.7755,1029187.8658046748,Refined / Articles
8112,"Beryllium,chromium,hafnium,rhenium Etc & Articles",2024,Feb,Chile,2117440,2.9,143.7755,1472740.4877743428,Refined / Articles
8112,"Beryllium,chromium,hafnium,rhenium Etc & Articles",2024,Mar,Chile,499840,2.9,143.7755,347653.11196970276,Refined / Articles
8112,"Beryllium,chromium,hafnium,rhenium Etc & Articles",2024,Apr,Chile,3429140,2.9,143.7755,2385065.6057534143,Refined / Articles
8112,"Beryllium,chromium,hafnium,rhenium Etc & Articles",2024,May,Chile,1478380,2.9,143.7755,1028255.8572218494,Refined / Articles
8112,"Beryllium,chromium,hafnium,rhenium Etc & Articles",2024,Jun,Chile,614240,2.9,143.7755,427221.6059064305,Refined / Articles
8112,"Beryllium,chromium,hafnium,rhenium Etc & Articles",2024,Jul,Chile,81752,2.9,143.7755,56860.869897861594,Refined / Articles
8112,"Beryllium,chromium,hafnium,rhenium Etc & Articles",2024,Aug,Chile,2235271,2.9,143.7755,1554695.341000379,Refined / Articles
8112,"Beryllium,chromium,hafnium,rhenium Etc & Articles",2024,Oct,Chile,3071075,2.9,143.7755,2136021.0884330086,Refined / Articles
8112,"Beryllium,chromium,hafnium,rhenium Etc & Articles",2024,Nov,Chile,1640320,2.9,143.7755,1140889.789985081,Refined / Articles
8112,"Beryllium,chromium,hafnium,rhenium Etc & Articles",2024,Dec,Chile,1798428,2.9,143.7755,1250858.4564129494,Refined / Articles
8112,"Beryllium,chromium,hafnium,rhenium Etc & Articles",2025,Jan,Chile,1388212,2.8,147.8012,939242.7125084236,Refined / Articles
8112,"Beryllium,chromium,hafnium,rhenium Etc & Articles",2025,Feb,Chile,1487640,2.8,147.8012,1006514.1555007673,Refined / Articles
8112,"Beryllium,chromium,hafnium,rhenium Etc & Articles",2025,Mar,Chile,1478150,2.8,147.8012,1000093.3686600651,Refined / Articles
8112,"Beryllium,chromium,hafnium,rhenium Etc & Articles",2025,Apr,Chile,9987948,2.8,147.8012,6757690.735934486,Refined / Articles
8112,"Beryllium,chromium,hafnium,rhenium Etc & Articles",2025,May,Chile,2334600,2.8,147.8012,1579554.1578823447,Refined / Articles
8112,"Beryllium,chromium,hafnium,rhenium Etc & Articles",2025,Jun,Chile,8698943,2.8,147.8012,5885569.941245403,Refined / Articles
8112,"Beryllium,chromium,hafnium,rhenium Etc & Articles",2025,Jul,Chile,1748357,2.8,147.8012,1182911.234820827,Refined / Articles
8112,"Beryllium,chromium,hafnium,rhenium Etc & Articles",2025,Aug,Chile,5396171,2.8,147.8012,3650965.6213887306,Refined / Articles
8112,"Beryllium,chromium,hafnium,rhenium Etc & Articles",2025,Sep,Chile,4059515,2.8,147.8012,2746604.8990129987,Refined / Articles
8112,"Beryllium,chromium,hafnium,rhenium Etc & Articles",2025,Oct,Chile,293111,2.8,147.8012,198314.35739358002,Refined / Articles
8112,"Beryllium,chromium,hafnium,rhenium Etc & Articles",2025,Nov,Chile,8598310,2.8,147.8012,5817483.213938723,Refined / Articles
8112,"Beryllium,chromium,hafnium,rhenium Etc & Articles",2025,Dec,Chile,7314714,2.8,147.8012,4949022.064773493,Refined / Articles
8112,"Beryllium,chromium,hafnium,rhenium Etc & Articles",2014,Dec,Colombia,69147,1.62,108.5634,63692.73622602092,Refined / Articles
8112,"Beryllium,chromium,hafnium,rhenium Etc & Articles",2025,Aug,Colombia,40100,2.8,147.8012,27131.038178309784,Refined / Articles
8112,"Beryllium,chromium,hafnium,rhenium Etc & Articles",2022,Apr,Ecuador,55640,8.0,134.1947,41462.144183041506,Refined / Articles
8112,"Beryllium,chromium,hafnium,rhenium Etc & Articles",2019,Aug,French Guiana,31551,1.81,117.2345,26912.726202611007,Refined / Articles
8112,"Beryllium,chromium,hafnium,rhenium Etc & Articles",2012,Oct,Peru,59339,2.07,105.2954,56354.788528273784,Refined / Articles
8112,"Beryllium,chromium,hafnium,rhenium Etc & Articles",2013,Jan,Peru,79680,1.46,106.8327,74583.90548961132,Refined / Articles
8112,"Beryllium,chromium,hafnium,rhenium Etc & Articles",2013,Feb,Peru,218706,1.46,106.8327,204718.21829833,Refined / Articles
8112,"Beryllium,chromium,hafnium,rhenium Etc & Articles",2013,Mar,Peru,78061,1.46,106.8327,73068.4518878583,Refined / Articles
8112,"Beryllium,chromium,hafnium,rhenium Etc & Articles",2013,May,Peru,153320,1.46,106.8327,143514.11131610454,Refined / Articles
8112,"Beryllium,chromium,hafnium,rhenium Etc & Articles",2013,Jun,Peru,65158,1.46,106.8327,60990.68918037267,Refined / Articles
8112,"Beryllium,chromium,hafnium,rhenium Etc & Articles",2013,Aug,Peru,161942,1.46,106.8327,151584.67398090658,Refined / Articles
8112,"Beryllium,chromium,hafnium,rhenium Etc & Articles",2013,Sep,Peru,355986,1.46,106.8327,333218.2000454917,Refined / Articles
8112,"Beryllium,chromium,hafnium,rhenium Etc & Articles",2013,Oct,Peru,138093,1.46,106.8327,129260.98469850524,Refined / Articles
8112,"Beryllium,chromium,hafnium,rhenium Etc & Articles",2013,Dec,Peru,137373,1.46,106.8327,128587.03374528584,Refined / Articles
8112,"Beryllium,chromium,hafnium,rhenium Etc & Articles",2014,Jan,Peru,117524,1.62,108.5634,108253.7945569133,Refined / Articles
8112,"Beryllium,chromium,hafnium,rhenium Etc & Articles",2014,Mar,Peru,42932,1.62,108.5634,39545.55586873661,Refined / Articles
8112,"Beryllium,chromium,hafnium,rhenium Etc & Articles",2014,May,Peru,219326,1.62,108.5634,202025.7287446782,Refined / Articles
8112,"Beryllium,chromium,hafnium,rhenium Etc & Articles",2014,Jul,Peru,334506,1.62,108.5634,308120.41627288755,Refined / Articles
8112,"Beryllium,chromium,hafnium,rhenium Etc & Articles",2014,Aug,Peru,273655,1.62,108.5634,252069.29775596564,Refined / Articles
8112,"Beryllium,chromium,hafnium,rhenium Etc & Articles",2014,Sep,Peru,353784,1.62,108.5634,325877.7820149332,Refined / Articles
8112,"Beryllium,chromium,hafnium,rhenium Etc & Articles",2014,Oct,Peru,464259,1.62,108.5634,427638.59643305204,Refined / Articles
8112,"Beryllium,chromium,hafnium,rhenium Etc & Articles",2014,Nov,Peru,525171,1.62,108.5634,483745.90331548196,Refined / Articles
8112,"Beryllium,chromium,hafnium,rhenium Etc & Articles",2014,Dec,Peru,444736,1.62,108.5634,409655.55610822805,Refined / Articles
8112,"Beryllium,chromium,hafnium,rhenium Etc & Articles",2015,Jan,Peru,333170,0.12,108.6937,306521.9051334162,Refined / Articles
8112,"Beryllium,chromium,hafnium,rhenium Etc & Articles",2015,Feb,Peru,252278,0.12,108.6937,232099.9285147161,Refined / Articles
8112,"Beryllium,chromium,hafnium,rhenium Etc & Articles",2015,Mar,Peru,80963,0.12,108.6937,74487.29779186833,Refined / Articles
8112,"Beryllium,chromium,hafnium,rhenium Etc & Articles",2015,May,Peru,134506,0.12,108.6937,123747.74250945545,Refined / Articles
8112,"Beryllium,chromium,hafnium,rhenium Etc & Articles",2021,Jan,Peru,402310,4.7,124.2543,323779.53921916586,Refined / Articles
8112,"Beryllium,chromium,hafnium,rhenium Etc & Articles",2021,Nov,Peru,76478,4.7,124.2543,61549.58017549493,Refined / Articles
8112,"Beryllium,chromium,hafnium,rhenium Etc & Articles",2022,Feb,Peru,60723,8.0,134.1947,45249.92417733338,Refined / Articles
8112,"Beryllium,chromium,hafnium,rhenium Etc & Articles",2022,Sep,Peru,70245,8.0,134.1947,52345.58443813354,Refined / Articles
8112,"Beryllium,chromium,hafnium,rhenium Etc & Articles",2023,Oct,Peru,48850,4.12,139.7235,34961.90690900242,Refined / Articles
8112,"Beryllium,chromium,hafnium,rhenium Etc & Articles",2024,Jan,Peru,30419,2.9,143.7755,21157.290358927632,Refined / Articles
8112,"Beryllium,chromium,hafnium,rhenium Etc & Articles",2025,Apr,Peru,32966,2.8,147.8012,22304.284403644895,Refined / Articles
8112,"Beryllium,chromium,hafnium,rhenium Etc & Articles",2011,Oct,Venezuela,477400,3.16,103.16,462776.2698720435,Refined / Articles
8112,"Beryllium,chromium,hafnium,rhenium Etc & Articles",2016,Sep,Venezuela,6898,1.26,110.0632,6267.30823744903,Refined / Articles
2608,Zinc Ores And Concentrates,2010,Feb,Peru,11972439,1.64,100.0,11972439.0,Ore / Raw
2608,Zinc Ores And Concentrates,2010,Mar,Peru,7286623,1.64,100.0,7286623.0,Ore / Raw
2608,Zinc Ores And Concentrates,2010,Apr,Peru,7579289,1.64,100.0,7579289.0,Ore / Raw
2608,Zinc Ores And Concentrates,2010,Oct,Peru,4139280,1.64,100.0,4139280.0000000005,Ore / Raw
2608,Zinc Ores And Concentrates,2010,Dec,Peru,12520600,1.64,100.0,12520600.0,Ore / Raw
2608,Zinc Ores And Concentrates,2011,Jan,Peru,9501049,3.16,103.16,9210012.601783637,Ore / Raw
2608,Zinc Ores And Concentrates,2011,Apr,Peru,4512293,3.16,103.16,4374072.314850718,Ore / Raw
2608,Zinc Ores And Concentrates,2011,Aug,Peru,8727961,3.16,103.16,8460605.854982551,Ore / Raw
2608,Zinc Ores And Concentrates,2011,Dec,Peru,3535104,3.16,103.16,3426816.5955796824,Ore / Raw
2608,Zinc Ores And Concentrates,2017,Mar,Peru,7902033,2.13,112.4076,7029803.14498308,Ore / Raw
2608,Zinc Ores And Concentrates,2017,Jul,Peru,6988052,2.13,112.4076,6216707.767090482,Ore / Raw
2608,Zinc Ores And Concentrates,2020,Sep,Peru,4354208,1.23,118.6765,3668972.3744802047,Ore / Raw
2608,Zinc Ores And Concentrates,2021,Oct,Peru,11290372,4.7,124.2543,9086504.048552042,Ore / Raw
2608,Zinc Ores And Concentrates,2022,Mar,Peru,8257768,8.0,134.1947,6153572.384006223,Ore / Raw
2608,Zinc Ores And Concentrates,2023,Dec,Peru,4275549,4.12,139.7235,3060007.0854222807,Ore / Raw
2608,Zinc Ores And Concentrates,2024,Mar,Peru,5331089,2.9,143.7755,3707925.8983623777,Ore / Raw
2608,Zinc Ores And Concentrates,2024,Aug,Peru,10707316,2.9,143.7755,7447246.575390105,Ore / Raw
2608,Zinc Ores And Concentrates,2024,Oct,Peru,13022570,2.9,143.7755,9057572.395853257,Ore / Raw
2608,Zinc Ores And Concentrates,2025,Jan,Peru,12810423,2.8,147.8012,8667333.553448822,Ore / Raw
2608,Zinc Ores And Concentrates,2025,Jun,Peru,5299409,2.8,147.8012,3585497.952655324,Ore / Raw
2608,Zinc Ores And Concentrates,2025,Sep,Peru,8020995,2.8,147.8012,5426880.837232715,Ore / Raw
2609,Tin Ores And Concentrates,2018,Dec,Brazil,156000,2.44,115.1503,135475.11382949067,Ore / Raw
2817,Zinc Oxide And Zinc Peroxide,2010,Jul,Brazil,85992,1.64,100.0,85992.0,Unknown
2817,Zinc Oxide And Zinc Peroxide,2010,Aug,Brazil,46600,1.64,100.0,46600.0,Unknown
2817,Zinc Oxide And Zinc Peroxide,2010,Oct,Brazil,193130,1.64,100.0,193130.0,Unknown
2817,Zinc Oxide And Zinc Peroxide,2012,Feb,Brazil,2235,2.07,105.2954,2122.5998476666596,Unknown
2817,Zinc Oxide And Zinc Peroxide,2013,Feb,Brazil,2003,1.46,106.8327,1874.8941101366902,Unknown
2817,Zinc Oxide And Zinc Peroxide,2013,Apr,Brazil,281431,1.46,106.8327,263431.51488261553,Unknown
2817,Zinc Oxide And Zinc Peroxide,2013,May,Brazil,285281,1.46,106.8327,267035.28039635805,Unknown
2817,Zinc Oxide And Zinc Peroxide,2013,Jun,Brazil,264900,1.46,106.8327,247957.78820529667,Unknown
2817,Zinc Oxide And Zinc Peroxide,2018,Sep,Brazil,276737,2.44,115.1503,240326.77292199846,Unknown
2817,Zinc Oxide And Zinc Peroxide,2018,Dec,Brazil,48450,2.44,115.1503,42075.44400665912,Unknown
2817,Zinc Oxide And Zinc Peroxide,2020,Jun,Brazil,28120,1.23,118.6765,23694.665751012202,Unknown
2817,Zinc Oxide And Zinc Peroxide,2021,Apr,Brazil,2602,4.7,124.2543,2094.0925183273334,Unknown
2817,Zinc Oxide And Zinc Peroxide,2021,May,Brazil,6463,4.7,124.2543,5201.429648712358,Unknown
2817,Zinc Oxide And Zinc Peroxide,2022,Nov,Brazil,49050,8.0,134.1947,36551.36901829953,Unknown
2817,Zinc Oxide And Zinc Peroxide,2023,May,Brazil,50550,4.12,139.7235,36178.59558342011,Unknown
2817,Zinc Oxide And Zinc Peroxide,2023,Aug,Brazil,47850,4.12,139.7235,34246.207688756724,Unknown
2817,Zinc Oxide And Zinc Peroxide,2024,Feb,Brazil,35429,2.9,143.7755,24641.88961262524,Unknown
2817,Zinc Oxide And Zinc Peroxide,2010,Jul,Colombia,50190,1.64,100.0,50190.0,Unknown
2817,Zinc Oxide And Zinc Peroxide,2010,Aug,Colombia,47800,1.64,100.0,47800.0,Unknown
2817,Zinc Oxide And Zinc Peroxide,2010,Jan,Peru,40319,1.64,100.0,40319.0,Unknown
2817,Zinc Oxide And Zinc Peroxide,2010,Mar,Peru,41676,1.64,100.0,41676.0,Unknown
2817,Zinc Oxide And Zinc Peroxide,2010,Apr,Peru,50828,1.64,100.0,50828.0,Unknown
2817,Zinc Oxide And Zinc Peroxide,2010,May,Peru,84751,1.64,100.0,84751.0,Unknown
2817,Zinc Oxide And Zinc Peroxide,2010,Jul,Peru,34323,1.64,100.0,34323.0,Unknown
2817,Zinc Oxide And Zinc Peroxide,2010,Aug,Peru,1137496,1.64,100.0,1137496.0,Unknown
2817,Zinc Oxide And Zinc Peroxide,2010,Sep,Peru,810863,1.64,100.0,810863.0,Unknown
2817,Zinc Oxide And Zinc Peroxide,2010,Oct,Peru,635708,1.64,100.0,635708.0,Unknown
2817,Zinc Oxide And Zinc Peroxide,2010,Nov,Peru,898569,1.64,100.0,898569.0,Unknown
2817,Zinc Oxide And Zinc Peroxide,2010,Dec,Peru,1549228,1.64,100.0,1549228.0,Unknown
2817,Zinc Oxide And Zinc Peroxide,2011,Jan,Peru,42525,3.16,103.16,41222.37301279566,Unknown
2817,Zinc Oxide And Zinc Peroxide,2011,Mar,Peru,46999,3.16,103.16,45559.32531989143,Unknown
2817,Zinc Oxide And Zinc Peroxide,2011,May,Peru,139908,3.16,103.16,135622.33423807676,Unknown
2817,Zinc Oxide And Zinc Peroxide,2011,Jun,Peru,1006130,3.16,103.16,975310.1977510663,Unknown
2817,Zinc Oxide And Zinc Peroxide,2011,Jul,Peru,788688,3.16,103.16,764528.8871655681,Unknown
2817,Zinc Oxide And Zinc Peroxide,2011,Sep,Peru,43686,3.16,103.16,42347.8092283831,Unknown
2817,Zinc Oxide And Zinc Peroxide,2011,Nov,Peru,56183,3.16,103.16,54462.00077549438,Unknown
2817,Zinc Oxide And Zinc Peroxide,2012,Jan,Peru,111004,2.07,105.2954,105421.50939167335,Unknown
2817,Zinc Oxide And Zinc Peroxide,2012,Mar,Peru,75142,2.07,105.2954,71363.04150038843,Unknown
2817,Zinc Oxide And Zinc Peroxide,2012,Apr,Peru,60601,2.07,105.2954,57553.32141764977,Unknown
2817,Zinc Oxide And Zinc Peroxide,2012,Sep,Peru,33602,2.07,105.2954,31912.125316015703,Unknown
2817,Zinc Oxide And Zinc Peroxide,2012,Oct,Peru,59992,2.07,105.2954,56974.94857325202,Unknown
2817,Zinc Oxide And Zinc Peroxide,2013,Jan,Peru,79318,1.46,106.8327,74245.05792702046,Unknown
2817,Zinc Oxide And Zinc Peroxide,2013,Mar,Peru,41192,1.46,106.8327,38557.482868073166,Unknown
2817,Zinc Oxide And Zinc Peroxide,2013,Apr,Peru,1232502,1.46,106.8327,1153674.8579788774,Unknown
2817,Zinc Oxide And Zinc Peroxide,2013,May,Peru,112269,1.46,106.8327,105088.61050970349,Unknown
2817,Zinc Oxide And Zinc Peroxide,2013,Jun,Peru,215746,1.46,106.8327,201947.53104620587,Unknown
2817,Zinc Oxide And Zinc Peroxide,2013,Jul,Peru,36050,1.46,106.8327,33744.3498104981,Unknown
2817,Zinc Oxide And Zinc Peroxide,2013,Aug,Peru,36036,1.46,106.8327,33731.24520862994,Unknown
2817,Zinc Oxide And Zinc Peroxide,2013,Sep,Peru,50669,1.46,106.8327,47428.36228982325,Unknown
2817,Zinc Oxide And Zinc Peroxide,2014,Feb,Peru,344688,1.62,108.5634,317499.2677090069,Unknown
2817,Zinc Oxide And Zinc Peroxide,2014,Mar,Peru,352967,1.62,108.5634,325125.22636542335,Unknown
2817,Zinc Oxide And Zinc Peroxide,2014,Apr,Peru,700789,1.62,108.5634,645511.2864925012,Unknown
2817,Zinc Oxide And Zinc Peroxide,2014,May,Peru,348950,1.62,108.5634,321425.08432860434,Unknown
2817,Zinc Oxide And Zinc Peroxide,2014,Jun,Peru,1022076,1.62,108.5634,941455.4076235638,Unknown
2817,Zinc Oxide And Zinc Peroxide,2014,Jul,Peru,550960,1.62,108.5634,507500.6862349558,Unknown
2817,Zinc Oxide And Zinc Peroxide,2014,Aug,Peru,375231,1.62,108.5634,345633.05865512684,Unknown
2817,Zinc Oxide And Zinc Peroxide,2014,Sep,Peru,635262,1.62,108.5634,585153.0073671237,Unknown
2817,Zinc Oxide And Zinc Peroxide,2014,Oct,Peru,345918,1.62,108.5634,318632.2462266289,Unknown
2817,Zinc Oxide And Zinc Peroxide,2014,Dec,Peru,45500,1.62,108.5634,41910.99394455222,Unknown
2817,Zinc Oxide And Zinc Peroxide,2015,Jan,Peru,736754,0.12,108.6937,677825.8537523334,Unknown
2817,Zinc Oxide And Zinc Peroxide,2015,Feb,Peru,377113,0.12,108.6937,346950.1912254344,Unknown
2817,Zinc Oxide And Zinc Peroxide,2015,Mar,Peru,329412,0.12,108.6937,303064.4830381154,Unknown
2817,Zinc Oxide And Zinc Peroxide,2015,Apr,Peru,453108,0.12,108.6937,416866.84692857077,Unknown
2817,Zinc Oxide And Zinc Peroxide,2015,May,Peru,204453,0.12,108.6937,188100.13827848347,Unknown
2817,Zinc Oxide And Zinc Peroxide,2015,Jun,Peru,79939,0.12,108.6937,73545.20087180765,Unknown
2817,Zinc Oxide And Zinc Peroxide,2015,Jul,Peru,336014,0.12,108.6937,309138.432126241,Unknown
2817,Zinc Oxide And Zinc Peroxide,2015,Aug,Peru,43248,0.12,108.6937,39788.874608187965,Unknown
2817,Zinc Oxide And Zinc Peroxide,2015,Oct,Peru,169856,0.12,108.6937,156270.326615066,Unknown
2817,Zinc Oxide And Zinc Peroxide,2015,Nov,Peru,332668,0.12,108.6937,306060.0568386208,Unknown
2817,Zinc Oxide And Zinc Peroxide,2015,Dec,Peru,161667,0.12,108.6937,148736.31130415102,Unknown
2817,Zinc Oxide And Zinc Peroxide,2016,Feb,Peru,155440,1.26,110.0632,141227.94903291928,Unknown
2817,Zinc Oxide And Zinc Peroxide,2016,Mar,Peru,71230,1.26,110.0632,64717.362388155176,Unknown
2817,Zinc Oxide And Zinc Peroxide,2016,Apr,Peru,33580,1.26,110.0632,30509.743492829573,Unknown
2817,Zinc Oxide And Zinc Peroxide,2016,Jun,Peru,128038,1.26,110.0632,116331.34417316597,Unknown
2817,Zinc Oxide And Zinc Peroxide,2016,Jul,Peru,144408,1.26,110.0632,131204.61698369664,Unknown
2817,Zinc Oxide And Zinc Peroxide,2016,Aug,Peru,86640,1.26,110.0632,78718.40905952218,Unknown
2817,Zinc Oxide And Zinc Peroxide,2016,Oct,Peru,8160794,1.26,110.0632,7414643.586593885,Unknown
2817,Zinc Oxide And Zinc Peroxide,2016,Nov,Peru,44071,1.26,110.0632,40041.53976987767,Unknown
2817,Zinc Oxide And Zinc Peroxide,2017,Jan,Peru,93350,2.13,112.4076,83045.98621445525,Unknown
2817,Zinc Oxide And Zinc Peroxide,2017,Feb,Peru,101464,2.13,112.4076,90264.35934936783,Unknown
2817,Zinc Oxide And Zinc Peroxide,2017,Mar,Peru,102079,2.13,112.4076,90811.47538066821,Unknown
2817,Zinc Oxide And Zinc Peroxide,2017,Apr,Peru,871790,2.13,112.4076,775561.4389062661,Unknown
2817,Zinc Oxide And Zinc Peroxide,2017,May,Peru,102063,2.13,112.4076,90797.24146765878,Unknown
2817,Zinc Oxide And Zinc Peroxide,2017,Jun,Peru,97306,2.13,112.4076,86565.32120603944,Unknown
2817,Zinc Oxide And Zinc Peroxide,2017,Jul,Peru,49673,2.13,112.4076,44190.07255737157,Unknown
2817,Zinc Oxide And Zinc Peroxide,2017,Aug,Peru,97305,2.13,112.4076,86564.43158647636,Unknown
2817,Zinc Oxide And Zinc Peroxide,2017,Sep,Peru,94392,2.13,112.4076,83972.96979919507,Unknown
2817,Zinc Oxide And Zinc Peroxide,2017,Oct,Peru,75844,2.13,112.4076,67472.306143001,Unknown
2817,Zinc Oxide And Zinc Peroxide,2017,Nov,Peru,338349,2.13,112.4076,301001.889551952,Unknown
2817,Zinc Oxide And Zinc Peroxide,2017,Dec,Peru,164264,2.13,112.4076,146132.46791142234,Unknown
2817,Zinc Oxide And Zinc Peroxide,2018,Jan,Peru,606773,2.44,115.1503,526940.0079721895,Unknown
2817,Zinc Oxide And Zinc Peroxide,2018,Feb,Peru,184608,2.44,115.1503,160319.1654732988,Unknown
2817,Zinc Oxide And Zinc Peroxide,2018,Mar,Peru,127679,2.44,115.1503,110880.30165792014,Unknown
2817,Zinc Oxide And Zinc Peroxide,2018,Apr,Peru,451048,2.44,115.1503,391703.71245233406,Unknown
2817,Zinc Oxide And Zinc Peroxide,2018,May,Peru,118216,2.44,115.1503,102662.34651581456,Unknown
2817,Zinc Oxide And Zinc Peroxide,2018,Jun,Peru,175823,2.44,115.1503,152690.0060182214,Unknown
2817,Zinc Oxide And Zinc Peroxide,2018,Jul,Peru,1013735,2.44,115.1503,880358.1058842227,Unknown
2817,Zinc Oxide And Zinc Peroxide,2018,Aug,Peru,1862654,2.44,115.1503,1617585.0171471545,Unknown
2817,Zinc Oxide And Zinc Peroxide,2018,Sep,Peru,790997,2.44,115.1503,686925.6962422156,Unknown
2817,Zinc Oxide And Zinc Peroxide,2018,Oct,Peru,1264381,2.44,115.1503,1098026.6660182388,Unknown
2817,Zinc Oxide And Zinc Peroxide,2018,Nov,Peru,449782,2.44,115.1503,390604.2797977947,Unknown
2817,Zinc Oxide And Zinc Peroxide,2018,Dec,Peru,98154,2.44,115.1503,85239.89950525531,Unknown
2817,Zinc Oxide And Zinc Peroxide,2019,Jan,Peru,294992,1.81,117.2345,251625.58803082712,Unknown
2817,Zinc Oxide And Zinc Peroxide,2019,Feb,Peru,304869,1.81,117.2345,260050.58237976022,Unknown
2817,Zinc Oxide And Zinc Peroxide,2019,Mar,Peru,639123,1.81,117.2345,545166.3119644814,Unknown
2817,Zinc Oxide And Zinc Peroxide,2019,Apr,Peru,367785,1.81,117.2345,313717.378416763,Unknown
2817,Zinc Oxide And Zinc Peroxide,2019,May,Peru,789190,1.81,117.2345,673172.1464244741,Unknown
2817,Zinc Oxide And Zinc Peroxide,2019,Jun,Peru,570500,1.81,117.2345,486631.494995074,Unknown
2817,Zinc Oxide And Zinc Peroxide,2019,Jul,Peru,936357,1.81,117.2345,798704.3063262095,Unknown
2817,Zinc Oxide And Zinc Peroxide,2019,Aug,Peru,1234647,1.81,117.2345,1053143.0594236339,Unknown
2817,Zinc Oxide And Zinc Peroxide,2019,Sep,Peru,714394,1.81,117.2345,609371.8146108867,Unknown
2817,Zinc Oxide And Zinc Peroxide,2019,Oct,Peru,1002560,1.81,117.2345,855174.8845263126,Unknown
2817,Zinc Oxide And Zinc Peroxide,2019,Nov,Peru,144745,1.81,117.2345,123466.21514997719,Unknown
2817,Zinc Oxide And Zinc Peroxide,2019,Dec,Peru,542857,1.81,117.2345,463052.25850752124,Unknown
2817,Zinc Oxide And Zinc Peroxide,2020,Jan,Peru,648203,1.23,118.6765,546193.2227526089,Unknown
2817,Zinc Oxide And Zinc Peroxide,2020,Feb,Peru,455297,1.23,118.6765,383645.4563456118,Unknown
2817,Zinc Oxide And Zinc Peroxide,2020,Mar,Peru,1175473,1.23,118.6765,990485.0581201838,Unknown
2817,Zinc Oxide And Zinc Peroxide,2020,Apr,Peru,277064,1.23,118.6765,233461.55304546392,Unknown
2817,Zinc Oxide And Zinc Peroxide,2020,May,Peru,1022330,1.23,118.6765,861442.6613525002,Unknown
2817,Zinc Oxide And Zinc Peroxide,2020,Jun,Peru,740846,1.23,118.6765,624256.6978298146,Unknown
2817,Zinc Oxide And Zinc Peroxide,2020,Jul,Peru,364431,1.23,118.6765,307079.329100538,Unknown
2817,Zinc Oxide And Zinc Peroxide,2020,Aug,Peru,242585,1.23,118.6765,204408.62344272033,Unknown
2817,Zinc Oxide And Zinc Peroxide,2020,Sep,Peru,1591081,1.23,118.6765,1340687.4992100373,Unknown
2817,Zinc Oxide And Zinc Peroxide,2020,Oct,Peru,906531,1.23,118.6765,763867.319983316,Unknown
2817,Zinc Oxide And Zinc Peroxide,2020,Nov,Peru,389436,1.23,118.6765,328149.2123545942,Unknown
2817,Zinc Oxide And Zinc Peroxide,2020,Dec,Peru,831415,1.23,118.6765,700572.5649138624,Unknown
2817,Zinc Oxide And Zinc Peroxide,2021,Jan,Peru,1042274,4.7,124.2543,838823.2841841289,Unknown
2817,Zinc Oxide And Zinc Peroxide,2021,Feb,Peru,1386096,4.7,124.2543,1115531.6154048592,Unknown
2817,Zinc Oxide And Zinc Peroxide,2021,Mar,Peru,930284,4.7,124.2543,748693.6065794101,Unknown
2817,Zinc Oxide And Zinc Peroxide,2021,Apr,Peru,176057,4.7,124.2543,141690.8710603979,Unknown
2817,Zinc Oxide And Zinc Peroxide,2021,May,Peru,2656097,4.7,124.2543,2137629.8446009513,Unknown
2817,Zinc Oxide And Zinc Peroxide,2021,Jun,Peru,1191001,4.7,124.2543,958518.9405919957,Unknown
2817,Zinc Oxide And Zinc Peroxide,2021,Jul,Peru,1063078,4.7,124.2543,855566.3667172886,Unknown
2817,Zinc Oxide And Zinc Peroxide,2021,Aug,Peru,982271,4.7,124.2543,790532.8024865135,Unknown
2817,Zinc Oxide And Zinc Peroxide,2021,Sep,Peru,362931,4.7,124.2543,292087.27585282765,Unknown
2817,Zinc Oxide And Zinc Peroxide,2021,Oct,Peru,1164676,4.7,124.2543,937332.5510666431,Unknown
2817,Zinc Oxide And Zinc Peroxide,2021,Nov,Peru,1392338,4.7,124.2543,1120555.1840057042,Unknown
2817,Zinc Oxide And Zinc Peroxide,2021,Dec,Peru,1998164,4.7,124.2543,1608124.6282824818,Unknown
2817,Zinc Oxide And Zinc Peroxide,2022,Jan,Peru,1159714,8.0,134.1947,864202.5355695866,Unknown
2817,Zinc Oxide And Zinc Peroxide,2022,Feb,Peru,1698792,8.0,134.1947,1265915.8670200834,Unknown
2817,Zinc Oxide And Zinc Peroxide,2022,Mar,Peru,1753195,8.0,134.1947,1306456.2162291058,Unknown
2817,Zinc Oxide And Zinc Peroxide,2022,Apr,Peru,1069485,8.0,134.1947,796965.1558519077,Unknown
2817,Zinc Oxide And Zinc Peroxide,2022,May,Peru,1954530,8.0,134.1947,1456488.2219640566,Unknown
2817,Zinc Oxide And Zinc Peroxide,2022,Jun,Peru,1400390,8.0,134.1947,1043550.9002963603,Unknown
2817,Zinc Oxide And Zinc Peroxide,2022,Jul,Peru,2055276,8.0,134.1947,1531562.7219256796,Unknown
2817,Zinc Oxide And Zinc Peroxide,2022,Aug,Peru,2661295,8.0,134.1947,1983159.5435587245,Unknown
2817,Zinc Oxide And Zinc Peroxide,2022,Sep,Peru,980855,8.0,134.1947,730919.3284086479,Unknown
2817,Zinc Oxide And Zinc Peroxide,2022,Oct,Peru,2892041,8.0,134.1947,2155108.2121723136,Unknown
2817,Zinc Oxide And Zinc Peroxide,2022,Nov,Peru,1397504,8.0,134.1947,1041400.2937522868,Unknown
2817,Zinc Oxide And Zinc Peroxide,2022,Dec,Peru,921451,8.0,134.1947,686652.3044501757,Unknown
2817,Zinc Oxide And Zinc Peroxide,2023,Jan,Peru,939480,4.12,139.7235,672385.1034364299,Unknown
2817,Zinc Oxide And Zinc Peroxide,2023,Feb,Peru,1123166,4.12,139.7235,803849.0304064814,Unknown
2817,Zinc Oxide And Zinc Peroxide,2023,Mar,Peru,1567780,4.12,139.7235,1122058.923516803,Unknown
2817,Zinc Oxide And Zinc Peroxide,2023,Apr,Peru,1522384,4.12,139.7235,1089569.041714529,Unknown
2817,Zinc Oxide And Zinc Peroxide,2023,May,Peru,1894720,4.12,139.7235,1356049.6265839317,Unknown
2817,Zinc Oxide And Zinc Peroxide,2023,Jun,Peru,2097503,4.12,139.7235,1501181.2615630154,Unknown
2817,Zinc Oxide And Zinc Peroxide,2023,Jul,Peru,1675213,4.12,139.7235,1198948.6378454592,Unknown
2817,Zinc Oxide And Zinc Peroxide,2023,Aug,Peru,1796679,4.12,139.7235,1285881.759331823,Unknown
2817,Zinc Oxide And Zinc Peroxide,2023,Sep,Peru,1564796,4.12,139.7235,1119923.2770435896,Unknown
2817,Zinc Oxide And Zinc Peroxide,2023,Oct,Peru,1260021,4.12,139.7235,901796.0471932065,Unknown
2817,Zinc Oxide And Zinc Peroxide,2023,Nov,Peru,808409,4.12,139.7235,578577.6909396057,Unknown
2817,Zinc Oxide And Zinc Peroxide,2023,Dec,Peru,761355,4.12,139.7235,544901.1798301645,Unknown
2817,Zinc Oxide And Zinc Peroxide,2024,Jan,Peru,2428176,2.9,143.7755,1688866.3228435998,Unknown
2817,Zinc Oxide And Zinc Peroxide,2024,Feb,Peru,1296691,2.9,143.7755,901885.926322635,Unknown
2817,Zinc Oxide And Zinc Peroxide,2024,Mar,Peru,1610126,2.9,143.7755,1119888.9936046128,Unknown
2817,Zinc Oxide And Zinc Peroxide,2024,Apr,Peru,1030208,2.9,143.7755,716539.3269367869,Unknown
2817,Zinc Oxide And Zinc Peroxide,2024,May,Peru,1354138,2.9,143.7755,941841.9689029077,Unknown
2817,Zinc Oxide And Zinc Peroxide,2024,Jun,Peru,2039616,2.9,143.7755,1418611.6549759868,Unknown
2817,Zinc Oxide And Zinc Peroxide,2024,Jul,Peru,651401,2.9,143.7755,453068.1513887971,Unknown
2817,Zinc Oxide And Zinc Peroxide,2024,Aug,Peru,840570,2.9,143.7755,584640.6376607976,Unknown
2817,Zinc Oxide And Zinc Peroxide,2024,Sep,Peru,1536655,2.9,143.7755,1068787.797642853,Unknown
2817,Zinc Oxide And Zinc Peroxide,2024,Oct,Peru,1865969,2.9,143.7755,1297835.1666313107,Unknown
2817,Zinc Oxide And Zinc Peroxide,2024,Nov,Peru,1755793,2.9,143.7755,1221204.5863168621,Unknown
2817,Zinc Oxide And Zinc Peroxide,2024,Dec,Peru,1674168,2.9,143.7755,1164432.048575731,Unknown
2817,Zinc Oxide And Zinc Peroxide,2025,Jan,Peru,1744398,2.8,147.8012,1180232.6368121505,Unknown
2817,Zinc Oxide And Zinc Peroxide,2025,Feb,Peru,1154347,2.8,147.8012,781013.2800004331,Unknown
2817,Zinc Oxide And Zinc Peroxide,2025,Mar,Peru,1865267,2.8,147.8012,1262010.7279237248,Unknown
2817,Zinc Oxide And Zinc Peroxide,2025,Apr,Peru,1294498,2.8,147.8012,875837.2733103655,Unknown
2817,Zinc Oxide And Zinc Peroxide,2025,May,Peru,1891196,2.8,147.8012,1279553.8872485475,Unknown
2817,Zinc Oxide And Zinc Peroxide,2025,Jun,Peru,1633015,2.8,147.8012,1104872.6262033056,Unknown
2817,Zinc Oxide And Zinc Peroxide,2025,Jul,Peru,1142403,2.8,147.8012,772932.1548133575,Unknown
2817,Zinc Oxide And Zinc Peroxide,2025,Aug,Peru,1057202,2.8,147.8012,715286.4794061212,Unknown
2817,Zinc Oxide And Zinc Peroxide,2025,Sep,Peru,199758,2.8,147.8012,135153.16519757622,Unknown
2817,Zinc Oxide And Zinc Peroxide,2025,Oct,Peru,1494721,2.8,147.8012,1011305.0502972913,Unknown
2817,Zinc Oxide And Zinc Peroxide,2025,Nov,Peru,1139198,2.8,147.8012,770763.7015125724,Unknown
2817,Zinc Oxide And Zinc Peroxide,2025,Dec,Peru,1361375,2.8,147.8012,921085.2144637527,Unknown
7901,"Zinc, Unwrought",2013,Jan,Argentina,1935609,1.46,106.8327,1811813.2369583468,Compound
7901,"Zinc, Unwrought",2020,Mar,Argentina,33220,1.23,118.6765,27992.06245549877,Compound
7901,"Zinc, Unwrought",2024,May,Argentina,24424,2.9,143.7755,16987.595243974112,Compound
7901,"Zinc, Unwrought",2024,Aug,Argentina,53654,2.9,143.7755,37317.90186784257,Compound
7901,"Zinc, Unwrought",2024,Nov,Argentina,65725,2.9,143.7755,45713.629929995026,Compound
7901,"Zinc, Unwrought",2010,Feb,Brazil,4632967,1.64,100.0,4632967.0,Compound
7901,"Zinc, Unwrought",2010,Apr,Brazil,622632,1.64,100.0,622632.0,Compound
7901,"Zinc, Unwrought",2010,May,Brazil,171603,1.64,100.0,171603.0,Compound
7901,"Zinc, Unwrought",2010,Aug,Brazil,364937,1.64,100.0,364937.0,Compound
7901,"Zinc, Unwrought",2010,Oct,Brazil,1057479,1.64,100.0,1057479.0,Compound
7901,"Zinc, Unwrought",2011,Mar,Brazil,3359597,3.16,103.16,3256685.730903451,Compound
7901,"Zinc, Unwrought",2011,Apr,Brazil,6010646,3.16,103.16,5826527.723924002,Compound
7901,"Zinc, Unwrought",2011,Jul,Brazil,210501,3.16,103.16,204052.9274912757,Compound
7901,"Zinc, Unwrought",2011,Aug,Brazil,1093739,3.16,103.16,1060235.5564172158,Compound
7901,"Zinc, Unwrought",2011,Sep,Brazil,3945424,3.16,103.16,3824567.6618844518,Compound
7901,"Zinc, Unwrought",2011,Nov,Brazil,2550991,3.16,103.16,2472848.9724699496,Compound
7901,"Zinc, Unwrought",2012,Feb,Brazil,2513702,2.07,105.2954,2387285.674397932,Compound
7901,"Zinc, Unwrought",2012,Mar,Brazil,5990562,2.07,105.2954,5689291.270083973,Compound
7901,"Zinc, Unwrought",2012,Apr,Brazil,3010089,2.07,105.2954,2858708.9274555203,Compound
7901,"Zinc, Unwrought",2012,Aug,Brazil,572500,2.07,105.2954,543708.4620980594,Compound
7901,"Zinc, Unwrought",2012,Sep,Brazil,768062,2.07,105.2954,729435.47391434,Compound
7901,"Zinc, Unwrought",2012,Dec,Brazil,1036194,2.07,105.2954,984082.8754152602,Compound
7901,"Zinc, Unwrought",2013,Jan,Brazil,955824,1.46,106.8327,894692.3554305001,Compound
7901,"Zinc, Unwrought",2013,Feb,Brazil,840725,1.46,106.8327,786954.7432574483,Compound
7901,"Zinc, Unwrought",2013,Mar,Brazil,2236820,1.46,106.8327,2093759.6821946837,Compound
7901,"Zinc, Unwrought",2013,May,Brazil,9133172,1.46,106.8327,8549041.632384092,Compound
7901,"Zinc, Unwrought",2013,Jun,Brazil,4169502,1.46,106.8327,3902833.121319596,Compound
7901,"Zinc, Unwrought",2018,Dec,Brazil,1577745,2.44,115.1503,1370161.4324930112,Compound
7901,"Zinc, Unwrought",2019,Jan,Brazil,2439693,1.81,117.2345,2081036.7255372778,Compound
7901,"Zinc, Unwrought",2019,Feb,Brazil,1422640,1.81,117.2345,1213499.4391582683,Compound
7901,"Zinc, Unwrought",2019,Mar,Brazil,1458923,1.81,117.2345,1244448.5198469735,Compound
7901,"Zinc, Unwrought",2019,Jul,Brazil,705123,1.81,117.2345,601463.7329455067,Compound
7901,"Zinc, Unwrought",2019,Aug,Brazil,2624979,1.81,117.2345,2239084.058020463,Compound
7901,"Zinc, Unwrought",2019,Sep,Brazil,3581849,1.81,117.2345,3055285.773385821,Compound
7901,"Zinc, Unwrought",2019,Oct,Brazil,5536648,1.81,117.2345,4722712.170905322,Compound
7901,"Zinc, Unwrought",2019,Nov,Brazil,3281327,1.81,117.2345,2798943.1438697656,Compound
7901,"Zinc, Unwrought",2019,Dec,Brazil,7258594,1.81,117.2345,6191517.002247632,Compound
7901,"Zinc, Unwrought",2020,Jan,Brazil,7192227,1.23,118.6765,6060363.25641555,Compound
7901,"Zinc, Unwrought",2020,Feb,Brazil,4139348,1.23,118.6765,3487925.5792006,Compound
7901,"Zinc, Unwrought",2020,Mar,Brazil,575782,1.23,118.6765,485169.3469220949,Compound
7901,"Zinc, Unwrought",2020,May,Brazil,3683899,1.23,118.6765,3104152.0435806583,Compound
7901,"Zinc, Unwrought",2020,Jun,Brazil,18164775,1.23,118.6765,15306126.318184307,Compound
7901,"Zinc, Unwrought",2020,Jul,Brazil,11901948,1.23,118.6765,10028900.414151074,Compound
7901,"Zinc, Unwrought",2020,Aug,Brazil,428315,1.23,118.6765,360909.69989846344,Compound
7901,"Zinc, Unwrought",2021,Jul,Brazil,1040315,4.7,124.2543,837246.6787869716,Compound
7901,"Zinc, Unwrought",2023,Jan,Brazil,9198439,4.12,139.7235,6583315.619777632,Compound
7901,"Zinc, Unwrought",2023,Feb,Brazil,10644774,4.12,139.7235,7618456.451491696,Compound
7901,"Zinc, Unwrought",2023,Mar,Brazil,8146165,4.12,139.7235,5830203.9384928085,Compound
7901,"Zinc, Unwrought",2023,Apr,Brazil,9920179,4.12,139.7235,7099864.374997764,Compound
7901,"Zinc, Unwrought",2023,May,Brazil,3507359,4.12,139.7235,2510214.1014217366,Compound
7901,"Zinc, Unwrought",2023,Jun,Brazil,6149395,4.12,139.7235,4401117.206482803,Compound
7901,"Zinc, Unwrought",2023,Jul,Brazil,4282787,4.12,139.7235,3065187.316378419,Compound
7901,"Zinc, Unwrought",2023,Aug,Brazil,11181235,4.12,139.7235,8002401.170883925,Compound
7901,"Zinc, Unwrought",2023,Sep,Brazil,8028669,4.12,139.7235,5746112.1429108195,Compound
7901,"Zinc, Unwrought",2023,Oct,Brazil,1415862,4.12,139.7235,1013331.3293755167,Compound
7901,"Zinc, Unwrought",2023,Nov,Brazil,11125117,4.12,139.7235,7962237.562042177,Compound
7901,"Zinc, Unwrought",2023,Dec,Brazil,7038291,4.12,139.7235,5037299.380562325,Compound
7901,"Zinc, Unwrought",2024,Jan,Brazil,1384814,2.9,143.7755,963178.0101616757,Compound
7901,"Zinc, Unwrought",2024,Feb,Brazil,10834960,2.9,143.7755,7536026.652663354,Compound
7901,"Zinc, Unwrought",2024,Mar,Brazil,18096277,2.9,143.7755,12586481.702376274,Compound
7901,"Zinc, Unwrought",2024,May,Brazil,7826334,2.9,143.7755,5443440.64183397,Compound
7901,"Zinc, Unwrought",2024,Jun,Brazil,5166879,2.9,143.7755,3593713.115238688,Compound
7901,"Zinc, Unwrought",2024,Jul,Brazil,3871624,2.9,143.7755,2692825.968263021,Compound
7901,"Zinc, Unwrought",2024,Aug,Brazil,1517614,2.9,143.7755,1055544.2338924226,Compound
7901,"Zinc, Unwrought",2024,Sep,Brazil,4185055,2.9,143.7755,2910826.2534298263,Compound
7901,"Zinc, Unwrought",2024,Oct,Brazil,19583173,2.9,143.7755,13620660.682800615,Compound
7901,"Zinc, Unwrought",2024,Nov,Brazil,1644866,2.9,143.7755,1144051.6638787554,Compound
7901,"Zinc, Unwrought",2025,Jun,Brazil,878819,2.8,147.8012,594595.3077512225,Compound
7901,"Zinc, Unwrought",2010,Aug,Colombia,24908,1.64,100.0,24908.0,Compound
7901,"Zinc, Unwrought",2016,Dec,Colombia,2878,1.26,110.0632,2614.8612797011174,Compound
7901,"Zinc, Unwrought",2017,Sep,Colombia,15395,2.13,112.4076,13695.693173771167,Compound
7901,"Zinc, Unwrought",2017,Oct,Colombia,16502,2.13,112.4076,14680.502030111842,Compound
7901,"Zinc, Unwrought",2019,Apr,Colombia,3700,1.81,117.2345,3156.0675398453527,Compound
7901,"Zinc, Unwrought",2025,Jun,Colombia,248826,2.8,147.8012,168351.81311112494,Compound
7901,"Zinc, Unwrought",2010,Jan,Peru,2830300,1.64,100.0,2830300.0,Compound
7901,"Zinc, Unwrought",2010,Feb,Peru,1448040,1.64,100.0,1448040.0,Compound
7901,"Zinc, Unwrought",2010,Mar,Peru,3691306,1.64,100.0,3691306.0,Compound
7901,"Zinc, Unwrought",2010,Apr,Peru,2580498,1.64,100.0,2580498.0,Compound
7901,"Zinc, Unwrought",2010,May,Peru,4740304,1.64,100.0,4740304.0,Compound
7901,"Zinc, Unwrought",2010,Jun,Peru,6320121,1.64,100.0,6320121.0,Compound
7901,"Zinc, Unwrought",2010,Jul,Peru,2734121,1.64,100.0,2734121.0,Compound
7901,"Zinc, Unwrought",2010,Aug,Peru,5507852,1.64,100.0,5507852.0,Compound
7901,"Zinc, Unwrought",2010,Sep,Peru,7210726,1.64,100.0,7210725.999999999,Compound
7901,"Zinc, Unwrought",2010,Oct,Peru,4932929,1.64,100.0,4932929.0,Compound
7901,"Zinc, Unwrought",2010,Nov,Peru,6451346,1.64,100.0,6451346.0,Compound
7901,"Zinc, Unwrought",2010,Dec,Peru,2464612,1.64,100.0,2464612.0,Compound
7901,"Zinc, Unwrought",2011,Jan,Peru,13255629,3.16,103.16,12849582.202404033,Compound
7901,"Zinc, Unwrought",2011,Feb,Peru,8698888,3.16,103.16,8432423.419930205,Compound
7901,"Zinc, Unwrought",2011,Mar,Peru,11786953,3.16,103.16,11425894.726638233,Compound
7901,"Zinc, Unwrought",2011,Apr,Peru,17976289,3.16,103.16,17425638.813493602,Compound
7901,"Zinc, Unwrought",2011,May,Peru,11148381,3.16,103.16,10806883.481969755,Compound
7901,"Zinc, Unwrought",2011,Jun,Peru,13442092,3.16,103.16,13030333.462582396,Compound
7901,"Zinc, Unwrought",2011,Jul,Peru,10802728,3.16,103.16,10471818.534315627,Compound
7901,"Zinc, Unwrought",2011,Aug,Peru,9244363,3.16,103.16,8961189.414501745,Compound
7901,"Zinc, Unwrought",2011,Sep,Peru,10502792,3.16,103.16,10181070.182241179,Compound
7901,"Zinc, Unwrought",2011,Oct,Peru,7220614,3.16,103.16,6999431.95036836,Compound
7901,"Zinc, Unwrought",2011,Nov,Peru,10778561,3.16,103.16,10448391.818534316,Compound
7901,"Zinc, Unwrought",2011,Dec,Peru,11391743,3.16,103.16,11042790.810391625,Compound
7901,"Zinc, Unwrought",2012,Jan,Peru,9283727,2.07,105.2954,8816840.051892105,Compound
7901,"Zinc, Unwrought",2012,Feb,Peru,7922464,2.07,105.2954,7524036.187715704,Compound
7901,"Zinc, Unwrought",2012,Mar,Peru,11413326,2.07,105.2954,10839339.610277373,Compound
7901,"Zinc, Unwrought",2012,Apr,Peru,6974564,2.07,105.2954,6623806.927937972,Compound
7901,"Zinc, Unwrought",2012,May,Peru,11758359,2.07,105.2954,11167020.591592794,Compound
7901,"Zinc, Unwrought",2012,Jun,Peru,9765812,2.07,105.2954,9274680.565342836,Compound
7901,"Zinc, Unwrought",2012,Jul,Peru,8457806,2.07,105.2954,8032455.358923561,Compound
7901,"Zinc, Unwrought",2012,Aug,Peru,7542258,2.07,105.2954,7162951.088081721,Compound
7901,"Zinc, Unwrought",2012,Sep,Peru,16604950,2.07,105.2954,15769872.18814877,Compound
7901,"Zinc, Unwrought",2012,Oct,Peru,4089740,2.07,105.2954,3884063.311407716,Compound
7901,"Zinc, Unwrought",2012,Nov,Peru,10215288,2.07,105.2954,9701552.014617924,Compound
7901,"Zinc, Unwrought",2012,Dec,Peru,10182893,2.07,105.2954,9670786.188190557,Compound
7901,"Zinc, Unwrought",2013,Jan,Peru,10869561,1.46,106.8327,10174376.3847586,Compound
7901,"Zinc, Unwrought",2013,Feb,Peru,15456309,1.46,106.8327,14467769.69972677,Compound
7901,"Zinc, Unwrought",2013,Mar,Peru,11000748,1.46,106.8327,10297173.056564141,Compound
7901,"Zinc, Unwrought",2013,Apr,Peru,7860747,1.46,106.8327,7357997.1300921915,Compound
7901,"Zinc, Unwrought",2013,May,Peru,15471032,1.46,106.8327,14481551.060677113,Compound
7901,"Zinc, Unwrought",2013,Jun,Peru,13867046,1.46,106.8327,12980151.208384698,Compound
7901,"Zinc, Unwrought",2013,Jul,Peru,11265238,1.46,106.8327,10544747.067143299,Compound
7901,"Zinc, Unwrought",2013,Aug,Peru,10978900,1.46,106.8327,10276722.389305895,Compound
7901,"Zinc, Unwrought",2013,Sep,Peru,18317386,1.46,106.8327,17145860.771093495,Compound
7901,"Zinc, Unwrought",2013,Oct,Peru,8212864,1.46,106.8327,7687593.779807119,Compound
7901,"Zinc, Unwrought",2013,Nov,Peru,11999684,1.46,106.8327,11232220.097404635,Compound
7901,"Zinc, Unwrought",2013,Dec,Peru,11942415,1.46,106.8327,11178613.851376966,Compound
7901,"Zinc, Unwrought",2014,Jan,Peru,7800890,1.62,108.5634,7185561.6165300645,Compound
7901,"Zinc, Unwrought",2014,Feb,Peru,5081128,1.62,108.5634,4680332.414054829,Compound
7901,"Zinc, Unwrought",2014,Mar,Peru,8748004,1.62,108.5634,8057967.970789419,Compound
7901,"Zinc, Unwrought",2014,Apr,Peru,13471513,1.62,108.5634,12408890.104768274,Compound
7901,"Zinc, Unwrought",2014,May,Peru,4930151,1.62,108.5634,4541264.367180836,Compound
7901,"Zinc, Unwrought",2014,Jun,Peru,9181709,1.62,108.5634,8457462.643948145,Compound
7901,"Zinc, Unwrought",2014,Jul,Peru,5602679,1.62,108.5634,5160743.860269668,Compound
7901,"Zinc, Unwrought",2014,Aug,Peru,7450788,1.62,108.5634,6863075.401102028,Compound
7901,"Zinc, Unwrought",2014,Sep,Peru,8504461,1.62,108.5634,7833635.460938033,Compound
7901,"Zinc, Unwrought",2014,Oct,Peru,9659778,1.62,108.5634,8897821.917883929,Compound
7901,"Zinc, Unwrought",2014,Nov,Peru,10137147,1.62,108.5634,9337536.407297486,Compound
7901,"Zinc, Unwrought",2014,Dec,Peru,9979639,1.62,108.5634,9192452.520831145,Compound
7901,"Zinc, Unwrought",2015,Jan,Peru,5669935,0.12,108.6937,5216433.887152613,Compound
7901,"Zinc, Unwrought",2015,Feb,Peru,5631408,0.12,108.6937,5180988.4105518535,Compound
7901,"Zinc, Unwrought",2015,Mar,Peru,5940192,0.12,108.6937,5465074.792743277,Compound
7901,"Zinc, Unwrought",2015,Apr,Peru,5777203,0.12,108.6937,5315122.2195950635,Compound
7901,"Zinc, Unwrought",2015,May,Peru,3608692,0.12,108.6937,3320056.268210577,Compound
7901,"Zinc, Unwrought",2015,Jun,Peru,5923506,0.12,108.6937,5449723.39703221,Compound
7901,"Zinc, Unwrought",2015,Jul,Peru,8860332,0.12,108.6937,8151651.843667112,Compound
7901,"Zinc, Unwrought",2015,Aug,Peru,9039906,0.12,108.6937,8316862.89085752,Compound
7901,"Zinc, Unwrought",2015,Sep,Peru,7249482,0.12,108.6937,6669643.226792353,Compound
7901,"Zinc, Unwrought",2015,Oct,Peru,1213937,0.12,108.6937,1116842.0984840887,Compound
7901,"Zinc, Unwrought",2015,Nov,Peru,3524693,0.12,108.6937,3242775.800253372,Compound
7901,"Zinc, Unwrought",2015,Dec,Peru,3913811,0.12,108.6937,3600770.789843385,Compound
7901,"Zinc, Unwrought",2016,Jan,Peru,9068750,1.26,110.0632,8239584.166188154,Compound
7901,"Zinc, Unwrought",2016,Feb,Peru,10015179,1.26,110.0632,9099480.116878303,Compound
7901,"Zinc, Unwrought",2016,Mar,Peru,9281604,1.26,110.0632,8432976.689756433,Compound
7901,"Zinc, Unwrought",2016,Apr,Peru,12472574,1.26,110.0632,11332192.776513858,Compound
7901,"Zinc, Unwrought",2016,May,Peru,9696283,1.26,110.0632,8809741.130550448,Compound
7901,"Zinc, Unwrought",2016,Jun,Peru,8552007,1.26,110.0632,7770087.54969872,Compound
7901,"Zinc, Unwrought",2016,Jul,Peru,12178413,1.26,110.0632,11064927.241802892,Compound
7901,"Zinc, Unwrought",2016,Aug,Peru,11150689,1.26,110.0632,10131169.182796793,Compound
7901,"Zinc, Unwrought",2016,Sep,Peru,13303597,1.26,110.0632,12087234.425312003,Compound
7901,"Zinc, Unwrought",2016,Oct,Peru,9797567,1.26,110.0632,8901764.622507796,Compound
7901,"Zinc, Unwrought",2016,Nov,Peru,17616439,1.26,110.0632,16005748.515398424,Compound
7901,"Zinc, Unwrought",2016,Dec,Peru,9929399,1.26,110.0632,9021543.077068448,Compound
7901,"Zinc, Unwrought",2017,Jan,Peru,6961819,2.13,112.4076,6193370.3770919405,Compound
7901,"Zinc, Unwrought",2017,Feb,Peru,17669139,2.13,112.4076,15718811.71735719,Compound
7901,"Zinc, Unwrought",2017,Mar,Peru,16026479,2.13,112.4076,14257469.245851703,Compound
7901,"Zinc, Unwrought",2017,Apr,Peru,8260137,2.13,112.4076,7348379.469003875,Compound
7901,"Zinc, Unwrought",2017,May,Peru,16957553,2.13,112.4076,15085770.8909362,Compound
7901,"Zinc, Unwrought",2017,Jun,Peru,14362299,2.13,112.4076,12776982.161348522,Compound
7901,"Zinc, Unwrought",2017,Jul,Peru,10304664,2.13,112.4076,9167230.685469665,Compound
7901,"Zinc, Unwrought",2017,Aug,Peru,14116646,2.13,112.4076,12558444.446816763,Compound
7901,"Zinc, Unwrought",2017,Sep,Peru,13691838,2.13,112.4076,12180526.939459609,Compound
7901,"Zinc, Unwrought",2017,Oct,Peru,13727076,2.13,112.4076,12211875.353623778,Compound
7901,"Zinc, Unwrought",2017,Nov,Peru,11475577,2.13,112.4076,10208897.796946114,Compound
7901,"Zinc, Unwrought",2017,Dec,Peru,12512483,2.13,112.4076,11131349.659631556,Compound
7901,"Zinc, Unwrought",2018,Jan,Peru,15271337,2.44,115.1503,13262090.50258662,Compound
7901,"Zinc, Unwrought",2018,Feb,Peru,13392986,2.44,115.1503,11630873.736325482,Compound
7901,"Zinc, Unwrought",2018,Mar,Peru,12034154,2.44,115.1503,10450822.967895003,Compound
7901,"Zinc, Unwrought",2018,Apr,Peru,8351720,2.44,115.1503,7252886.010718165,Compound
7901,"Zinc, Unwrought",2018,May,Peru,18075567,2.44,115.1503,15697368.569599904,Compound
7901,"Zinc, Unwrought",2018,Jun,Peru,10061697,2.44,115.1503,8737881.70764644,Compound
7901,"Zinc, Unwrought",2018,Jul,Peru,14239154,2.44,115.1503,12365711.596061843,Compound
7901,"Zinc, Unwrought",2018,Aug,Peru,8862089,2.44,115.1503,7696105.872064598,Compound
7901,"Zinc, Unwrought",2018,Sep,Peru,9036723,2.44,115.1503,7847763.314554977,Compound
7901,"Zinc, Unwrought",2018,Oct,Peru,10637798,2.44,115.1503,9238185.224007232,Compound
7901,"Zinc, Unwrought",2018,Nov,Peru,8389923,2.44,115.1503,7286062.650292704,Compound
7901,"Zinc, Unwrought",2018,Dec,Peru,10325964,2.44,115.1503,8967379.155764248,Compound
7901,"Zinc, Unwrought",2019,Jan,Peru,10336556,1.81,117.2345,8816991.585241547,Compound
7901,"Zinc, Unwrought",2019,Feb,Peru,9593837,1.81,117.2345,8183458.794126303,Compound
7901,"Zinc, Unwrought",2019,Mar,Peru,11198161,1.81,117.2345,9551933.091368156,Compound
7901,"Zinc, Unwrought",2019,Apr,Peru,12553316,1.81,117.2345,10707868.417573325,Compound
7901,"Zinc, Unwrought",2019,May,Peru,17347673,1.81,117.2345,14797412.877608553,Compound
7901,"Zinc, Unwrought",2019,Jun,Peru,17406745,1.81,117.2345,14847800.775369028,Compound
7901,"Zinc, Unwrought",2019,Jul,Peru,16242790,1.81,117.2345,13854957.37176343,Compound
7901,"Zinc, Unwrought",2019,Aug,Peru,10764100,1.81,117.2345,9181682.86639172,Compound
7901,"Zinc, Unwrought",2019,Sep,Peru,7676585,1.81,117.2345,6548059.658206415,Compound
7901,"Zinc, Unwrought",2019,Oct,Peru,19118594,1.81,117.2345,16307992.954292465,Compound
7901,"Zinc, Unwrought",2019,Nov,Peru,17005975,1.81,117.2345,14505947.481330154,Compound
7901,"Zinc, Unwrought",2019,Dec,Peru,3995245,1.81,117.2345,3407908.934656607,Compound
7901,"Zinc, Unwrought",2020,Jan,Peru,13618733,1.23,118.6765,11475509.473231852,Compound
7901,"Zinc, Unwrought",2020,Feb,Peru,12318800,1.23,118.6765,10380151.0829861,Compound
7901,"Zinc, Unwrought",2020,Mar,Peru,16133390,1.23,118.6765,13594426.866313044,Compound
7901,"Zinc, Unwrought",2020,Apr,Peru,5569802,1.23,118.6765,4693264.462635821,Compound
7901,"Zinc, Unwrought",2020,May,Peru,5963974,1.23,118.6765,5025404.355537954,Compound
7901,"Zinc, Unwrought",2020,Jun,Peru,2997118,1.23,118.6765,2525451.9639524254,Compound
7901,"Zinc, Unwrought",2020,Jul,Peru,3828174,1.23,118.6765,3225722.025843364,Compound
7901,"Zinc, Unwrought",2020,Aug,Peru,9595988,1.23,118.6765,8085836.707351498,Compound
7901,"Zinc, Unwrought",2020,Sep,Peru,2398236,1.23,118.6765,2020817.9378394205,Compound
7901,"Zinc, Unwrought",2020,Oct,Peru,9309368,1.23,118.6765,7844323.0125593515,Compound
7901,"Zinc, Unwrought",2020,Nov,Peru,10235905,1.23,118.6765,8625047.924399523,Compound
7901,"Zinc, Unwrought",2020,Dec,Peru,6837050,1.23,118.6765,5761081.595766642,Compound
7901,"Zinc, Unwrought",2021,Jan,Peru,8900101,4.7,124.2543,7162811.266893782,Compound
7901,"Zinc, Unwrought",2021,Feb,Peru,3302339,4.7,124.2543,2657726.131007136,Compound
7901,"Zinc, Unwrought",2021,Mar,Peru,7803829,4.7,124.2543,6280530.33174707,Compound
7901,"Zinc, Unwrought",2021,Apr,Peru,7087206,4.7,124.2543,5703791.337603608,Compound
7901,"Zinc, Unwrought",2021,May,Peru,9268947,4.7,124.2543,7459658.9413807,Compound
7901,"Zinc, Unwrought",2021,Jun,Peru,12000407,4.7,124.2543,9657941.012906596,Compound
7901,"Zinc, Unwrought",2021,Jul,Peru,5232243,4.7,124.2543,4210915.0347311925,Compound
7901,"Zinc, Unwrought",2021,Aug,Peru,10633227,4.7,124.2543,8557633.01551737,Compound
7901,"Zinc, Unwrought",2021,Sep,Peru,8328188,4.7,124.2543,6702535.043052835,Compound
7901,"Zinc, Unwrought",2021,Oct,Peru,12765712,4.7,124.2543,10273859.33525037,Compound
7901,"Zinc, Unwrought",2021,Nov,Peru,4898170,4.7,124.2543,3942052.709644656,Compound
7901,"Zinc, Unwrought",2021,Dec,Peru,15762229,4.7,124.2543,12685459.577656467,Compound
7901,"Zinc, Unwrought",2022,Jan,Peru,8296512,8.0,134.1947,6182443.86700816,Compound
7901,"Zinc, Unwrought",2022,Feb,Peru,7732615,8.0,134.1947,5762235.766390177,Compound
7901,"Zinc, Unwrought",2022,Mar,Peru,14050984,8.0,134.1947,10470595.33647752,Compound
7901,"Zinc, Unwrought",2022,Apr,Peru,15217952,8.0,134.1947,11340203.450657886,Compound
7901,"Zinc, Unwrought",2022,May,Peru,19359983,8.0,134.1947,14426786.601855362,Compound
7901,"Zinc, Unwrought",2022,Jun,Peru,13184267,8.0,134.1947,9824730.037773473,Compound
7901,"Zinc, Unwrought",2022,Jul,Peru,18494314,8.0,134.1947,13781702.257987835,Compound
7901,"Zinc, Unwrought",2022,Aug,Peru,16715139,8.0,134.1947,12455886.111746589,Compound
7901,"Zinc, Unwrought",2022,Sep,Peru,7129598,8.0,134.1947,5312875.99286708,Compound
7901,"Zinc, Unwrought",2022,Oct,Peru,27123891,8.0,134.1947,20212341.471011892,Compound
7901,"Zinc, Unwrought",2022,Nov,Peru,21225231,8.0,134.1947,15816743.135161076,Compound
7901,"Zinc, Unwrought",2022,Dec,Peru,15870381,8.0,134.1947,11826384.350499684,Compound
7901,"Zinc, Unwrought",2023,Jan,Peru,30554146,4.12,139.7235,21867578.46747326,Compound
7901,"Zinc, Unwrought",2023,Feb,Peru,32580336,4.12,139.7235,23317721.070542894,Compound
7901,"Zinc, Unwrought",2023,Mar,Peru,31485872,4.12,139.7235,22534414.039155904,Compound
7901,"Zinc, Unwrought",2023,Apr,Peru,14493081,4.12,139.7235,10372686.770657763,Compound
7901,"Zinc, Unwrought",2023,May,Peru,16347947,4.12,139.7235,11700212.920518024,Compound
7901,"Zinc, Unwrought",2023,Jun,Peru,12875784,4.12,139.7235,9215188.568852054,Compound
7901,"Zinc, Unwrought",2023,Jul,Peru,8370645,4.12,139.7235,5990864.099453564,Compound
7901,"Zinc, Unwrought",2023,Aug,Peru,6776209,4.12,139.7235,4849727.497521891,Compound
7901,"Zinc, Unwrought",2023,Sep,Peru,12639412,4.12,139.7235,9046017.312764138,Compound
7901,"Zinc, Unwrought",2023,Oct,Peru,10224010,4.12,139.7235,7317315.984784234,Compound
7901,"Zinc, Unwrought",2023,Nov,Peru,9409215,4.12,139.7235,6734167.83862414,Compound
7901,"Zinc, Unwrought",2023,Dec,Peru,7856132,4.12,139.7235,5622627.546547288,Compound
7901,"Zinc, Unwrought",2024,Jan,Peru,12224934,2.9,143.7755,8502793.5913977,Compound
7901,"Zinc, Unwrought",2024,Feb,Peru,17528220,2.9,143.7755,12191381.70272404,Compound
7901,"Zinc, Unwrought",2024,Mar,Peru,14623830,2.9,143.7755,10171294.831177775,Compound
7901,"Zinc, Unwrought",2024,Apr,Peru,12426405,2.9,143.7755,8642922.472883072,Compound
7901,"Zinc, Unwrought",2024,May,Peru,9572472,2.9,143.7755,6657929.897652939,Compound
7901,"Zinc, Unwrought",2024,Jun,Peru,14258599,2.9,143.7755,9917266.154525632,Compound
7901,"Zinc, Unwrought",2024,Jul,Peru,11132152,2.9,143.7755,7742732.245758144,Compound
7901,"Zinc, Unwrought",2024,Aug,Peru,17120367,2.9,143.7755,11907708.197850121,Compound
7901,"Zinc, Unwrought",2024,Sep,Peru,13789289,2.9,143.7755,9590847.536610898,Compound
7901,"Zinc, Unwrought",2024,Oct,Peru,17344717,2.9,143.7755,12063750.082594045,Compound
7901,"Zinc, Unwrought",2024,Nov,Peru,13897726,2.9,143.7755,9666268.592354054,Compound
7901,"Zinc, Unwrought",2024,Dec,Peru,31381467,2.9,143.7755,21826713.86988743,Compound
7901,"Zinc, Unwrought",2025,Jan,Peru,17137728,2.8,147.8012,11595121.013902457,Compound
7901,"Zinc, Unwrought",2025,Feb,Peru,29042926,2.8,147.8012,19649993.369471967,Compound
7901,"Zinc, Unwrought",2025,Mar,Peru,19920399,2.8,147.8012,13477833.06224848,Compound
7901,"Zinc, Unwrought",2025,Apr,Peru,16959991,2.8,147.8012,11474866.915830182,Compound
7901,"Zinc, Unwrought",2025,May,Peru,15883619,2.8,147.8012,10746610.311688945,Compound
7901,"Zinc, Unwrought",2025,Jun,Peru,22934433,2.8,147.8012,15517081.728700444,Compound
7901,"Zinc, Unwrought",2025,Jul,Peru,28512234,2.8,147.8012,19290935.39159357,Compound
7901,"Zinc, Unwrought",2025,Aug,Peru,20400484,2.8,147.8012,13802651.128678251,Compound
7901,"Zinc, Unwrought",2025,Sep,Peru,25343437,2.8,147.8012,17146976.47921668,Compound
7901,"Zinc, Unwrought",2025,Oct,Peru,38749916,2.8,147.8012,26217592.279359035,Compound
7901,"Zinc, Unwrought",2025,Nov,Peru,25510547,2.8,147.8012,17260040.513879452,Compound
7901,"Zinc, Unwrought",2025,Dec,Peru,27698040,2.8,147.8012,18740064.356716994,Compound
8001,"Tin, Unwrought",2010,Jan,Bolivia,2670995,1.64,100.0,2670995.0,Compound
8001,"Tin, Unwrought",2010,Feb,Bolivia,11213523,1.64,100.0,11213523.0,Compound
8001,"Tin, Unwrought",2010,Mar,Bolivia,14528866,1.64,100.0,14528866.0,Compound
8001,"Tin, Unwrought",2010,Apr,Bolivia,1324808,1.64,100.0,1324808.0,Compound
8001,"Tin, Unwrought",2010,May,Bolivia,346720,1.64,100.0,346720.0,Compound
8001,"Tin, Unwrought",2010,Jun,Bolivia,12446127,1.64,100.0,12446127.0,Compound
8001,"Tin, Unwrought",2010,Jul,Bolivia,14664264,1.64,100.0,14664264.000000002,Compound
8001,"Tin, Unwrought",2010,Aug,Bolivia,11883345,1.64,100.0,11883345.0,Compound
8001,"Tin, Unwrought",2010,Sep,Bolivia,11694205,1.64,100.0,11694205.0,Compound
8001,"Tin, Unwrought",2010,Oct,Bolivia,10166351,1.64,100.0,10166351.0,Compound
8001,"Tin, Unwrought",2010,Nov,Bolivia,20041710,1.64,100.0,20041710.0,Compound
8001,"Tin, Unwrought",2010,Dec,Bolivia,9264633,1.64,100.0,9264633.0,Compound
8001,"Tin, Unwrought",2011,Jan,Bolivia,18243937,3.16,103.16,17685088.21248546,Compound
8001,"Tin, Unwrought",2011,Feb,Bolivia,7829080,3.16,103.16,7589259.402869329,Compound
8001,"Tin, Unwrought",2011,Mar,Bolivia,25940346,3.16,103.16,25145740.59713067,Compound
8001,"Tin, Unwrought",2011,Apr,Bolivia,6804081,3.16,103.16,6595658.200853044,Compound
8001,"Tin, Unwrought",2011,May,Bolivia,4353282,3.16,103.16,4219932.144241955,Compound
8001,"Tin, Unwrought",2011,Jun,Bolivia,24285450,3.16,103.16,23541537.417603724,Compound
8001,"Tin, Unwrought",2011,Jul,Bolivia,14498699,3.16,103.16,14054574.447460257,Compound
8001,"Tin, Unwrought",2011,Aug,Bolivia,7071552,3.16,103.16,6854936.021713843,Compound
8001,"Tin, Unwrought",2011,Sep,Bolivia,18662335,3.16,103.16,18090669.83326871,Compound
8001,"Tin, Unwrought",2011,Oct,Bolivia,15725965,3.16,103.16,15244246.801085692,Compound
8001,"Tin, Unwrought",2011,Nov,Bolivia,7648930,3.16,103.16,7414627.762698721,Compound
8001,"Tin, Unwrought",2011,Dec,Bolivia,2219066,3.16,103.16,2151091.5083365645,Compound
8001,"Tin, Unwrought",2012,Jan,Bolivia,13671173,2.07,105.2954,12983637.461845437,Compound
8001,"Tin, Unwrought",2012,Feb,Bolivia,5581550,2.07,105.2954,5300848.849997246,Compound
8001,"Tin, Unwrought",2012,Mar,Bolivia,13613410,2.07,105.2954,12928779.414865226,Compound
8001,"Tin, Unwrought",2012,Apr,Bolivia,4829915,2.07,105.2954,4587014.247535979,Compound
8001,"Tin, Unwrought",2012,May,Bolivia,7820592,2.07,105.2954,7427287.421862683,Compound
8001,"Tin, Unwrought",2012,Jun,Bolivia,13879740,2.07,105.2954,13181715.440560557,Compound
8001,"Tin, Unwrought",2012,Jul,Bolivia,6112882,2.07,105.2954,5805459.687697658,Compound
8001,"Tin, Unwrought",2012,Aug,Bolivia,11395531,2.07,105.2954,10822439.536769887,Compound
8001,"Tin, Unwrought",2012,Sep,Bolivia,4891874,2.07,105.2954,4645857.273916999,Compound
8001,"Tin, Unwrought",2012,Oct,Bolivia,12298452,2.07,105.2954,11679951.83075424,Compound
8001,"Tin, Unwrought",2012,Nov,Bolivia,9071327,2.07,105.2954,8615121.838180965,Compound
8001,"Tin, Unwrought",2012,Dec,Bolivia,6515396,2.07,105.2954,6187730.898025935,Compound
8001,"Tin, Unwrought",2013,Jan,Bolivia,30531598,1.46,106.8327,28578888.2991818,Compound
8001,"Tin, Unwrought",2013,Feb,Bolivia,2846731,1.46,106.8327,2664662.5986238294,Compound
8001,"Tin, Unwrought",2013,Mar,Bolivia,25883004,1.46,106.8327,24227604.46941807,Compound
8001,"Tin, Unwrought",2013,Apr,Bolivia,10613708,1.46,106.8327,9934886.977489103,Compound
8001,"Tin, Unwrought",2013,May,Bolivia,8146494,1.46,106.8327,7625468.60652216,Compound
8001,"Tin, Unwrought",2013,Jun,Bolivia,9875216,1.46,106.8327,9243626.71728787,Compound
8001,"Tin, Unwrought",2013,Jul,Bolivia,20164555,1.46,106.8327,18874890.365964726,Compound
8001,"Tin, Unwrought",2013,Aug,Bolivia,7016191,1.46,106.8327,6567456.406137821,Compound
8001,"Tin, Unwrought",2013,Sep,Bolivia,9038120,1.46,106.8327,8460068.874043247,Compound
8001,"Tin, Unwrought",2013,Oct,Bolivia,13026952,1.46,106.8327,12193787.108254308,Compound
8001,"Tin, Unwrought",2013,Nov,Bolivia,6091840,1.46,106.8327,5702224.131749922,Compound
8001,"Tin, Unwrought",2013,Dec,Bolivia,3995047,1.46,106.8327,3739535.7413975312,Compound
8001,"Tin, Unwrought",2014,Jan,Bolivia,17353567,1.62,108.5634,15984730.58139299,Compound
8001,"Tin, Unwrought",2014,Feb,Bolivia,5748669,1.62,108.5634,5295218.277983188,Compound
8001,"Tin, Unwrought",2014,Mar,Bolivia,7298533,1.62,108.5634,6722830.161914605,Compound
8001,"Tin, Unwrought",2014,Apr,Bolivia,17007100,1.62,108.5634,15665592.639876792,Compound
8001,"Tin, Unwrought",2014,May,Bolivia,7455492,1.62,108.5634,6867408.353091373,Compound
8001,"Tin, Unwrought",2014,Jun,Bolivia,5029045,1.62,108.5634,4632357.682239134,Compound
8001,"Tin, Unwrought",2014,Jul,Bolivia,7651246,1.62,108.5634,7047721.423610535,Compound
8001,"Tin, Unwrought",2014,Aug,Bolivia,4649590,1.62,108.5634,4282833.809552759,Compound
8001,"Tin, Unwrought",2014,Sep,Bolivia,9167672,1.62,108.5634,8444532.872036062,Compound
8001,"Tin, Unwrought",2014,Oct,Bolivia,8721557,1.62,108.5634,8033607.090419055,Compound
8001,"Tin, Unwrought",2014,Nov,Bolivia,9105748,1.62,108.5634,8387493.390958647,Compound
8001,"Tin, Unwrought",2014,Dec,Bolivia,4898963,1.62,108.5634,4512536.453353524,Compound
8001,"Tin, Unwrought",2015,Jan,Bolivia,10002439,0.12,108.6937,9202409.155268429,Compound
8001,"Tin, Unwrought",2015,Feb,Bolivia,8787402,0.12,108.6937,8084555.038608492,Compound
8001,"Tin, Unwrought",2015,Mar,Bolivia,5273027,0.12,108.6937,4851271.96884456,Compound
8001,"Tin, Unwrought",2015,Apr,Bolivia,10661266,0.12,108.6937,9808540.88139423,Compound
8001,"Tin, Unwrought",2015,May,Bolivia,12374522,0.12,108.6937,11384764.710374197,Compound
8001,"Tin, Unwrought",2015,Jun,Bolivia,13350846,0.12,108.6937,12282998.92266065,Compound
8001,"Tin, Unwrought",2015,Jul,Bolivia,2039731,0.12,108.6937,1876586.223488574,Compound
8001,"Tin, Unwrought",2015,Aug,Bolivia,4178445,0.12,108.6937,3844238.442522428,Compound
8001,"Tin, Unwrought",2015,Sep,Bolivia,6504539,0.12,108.6937,5984283.357729104,Compound
8001,"Tin, Unwrought",2015,Oct,Bolivia,9558454,0.12,108.6937,8793935.619083717,Compound
8001,"Tin, Unwrought",2015,Nov,Bolivia,7003351,0.12,108.6937,6443198.639847571,Compound
8001,"Tin, Unwrought",2015,Dec,Bolivia,7299470,0.12,108.6937,6715633.012768908,Compound
8001,"Tin, Unwrought",2016,Jan,Bolivia,8466994,1.26,110.0632,7692847.3822313,Compound
8001,"Tin, Unwrought",2016,Feb,Bolivia,10973886,1.26,110.0632,9970531.476460798,Compound
8001,"Tin, Unwrought",2016,Mar,Bolivia,12710319,1.26,110.0632,11548200.488446638,Compound
8001,"Tin, Unwrought",2016,Apr,Bolivia,1463475,1.26,110.0632,1329667.8635547576,Compound
8001,"Tin, Unwrought",2016,May,Bolivia,13709082,1.26,110.0632,12455645.483685737,Compound
8001,"Tin, Unwrought",2016,Jun,Bolivia,9873302,1.26,110.0632,8970575.087767756,Compound
8001,"Tin, Unwrought",2016,Jul,Bolivia,6565567,1.26,110.0632,5965269.953990071,Compound
8001,"Tin, Unwrought",2016,Aug,Bolivia,12504165,1.26,110.0632,11360895.376474608,Compound
8001,"Tin, Unwrought",2016,Sep,Bolivia,7953090,1.26,110.0632,7225930.192834662,Compound
8001,"Tin, Unwrought",2016,Oct,Bolivia,3937333,1.26,110.0632,3577338.292908075,Compound
8001,"Tin, Unwrought",2016,Nov,Bolivia,13506870,1.26,110.0632,12271921.950297648,Compound
8001,"Tin, Unwrought",2016,Dec,Bolivia,4861692,1.26,110.0632,4417182.128086409,Compound
8001,"Tin, Unwrought",2017,Jan,Bolivia,9724131,2.13,112.4076,8650777.171650315,Compound
8001,"Tin, Unwrought",2017,Feb,Bolivia,5737985,2.13,112.4076,5104623.708717204,Compound
8001,"Tin, Unwrought",2017,Mar,Bolivia,11649852,2.13,112.4076,10363936.246303631,Compound
8001,"Tin, Unwrought",2017,Apr,Bolivia,9065523,2.13,112.4076,8064866.61044271,Compound
8001,"Tin, Unwrought",2017,May,Bolivia,14209674,2.13,112.4076,12641203.975531902,Compound
8001,"Tin, Unwrought",2017,Jun,Bolivia,13760545,2.13,112.4076,12241650.030780837,Compound
8001,"Tin, Unwrought",2017,Jul,Bolivia,12641708,2.13,112.4076,11246310.747671865,Compound
8001,"Tin, Unwrought",2017,Aug,Bolivia,1700827,2.13,112.4076,1513088.9726317436,Compound
8001,"Tin, Unwrought",2017,Sep,Bolivia,26439985,2.13,112.4076,23521527.903807215,Compound
8001,"Tin, Unwrought",2017,Oct,Bolivia,13225271,2.13,112.4076,11765459.808767378,Compound
8001,"Tin, Unwrought",2017,Nov,Bolivia,10770038,2.13,112.4076,9581236.500023128,Compound
8001,"Tin, Unwrought",2017,Dec,Bolivia,3914379,2.13,112.4076,3482308.1357488283,Compound
8001,"Tin, Unwrought",2018,Jan,Bolivia,10670458,2.44,115.1503,9266548.15488974,Compound
8001,"Tin, Unwrought",2018,Feb,Bolivia,14924925,2.44,115.1503,12961255.854305198,Compound
8001,"Tin, Unwrought",2018,Mar,Bolivia,3015336,2.44,115.1503,2618608.8963728272,Compound
8001,"Tin, Unwrought",2018,Apr,Bolivia,1499822,2.44,115.1503,1302490.7447049639,Compound
8001,"Tin, Unwrought",2018,May,Bolivia,19423777,2.44,115.1503,16868194.87226694,Compound
8001,"Tin, Unwrought",2018,Jun,Bolivia,19940537,2.44,115.1503,17316964.871129297,Compound
8001,"Tin, Unwrought",2018,Jul,Bolivia,833640,2.44,115.1503,723958.1659795936,Compound
8001,"Tin, Unwrought",2018,Aug,Bolivia,10025055,2.44,115.1503,8706060.687640414,Compound
8001,"Tin, Unwrought",2018,Sep,Bolivia,15684539,2.44,115.1503,13620927.605051832,Compound
8001,"Tin, Unwrought",2018,Oct,Bolivia,9265063,2.44,115.1503,8046060.67027181,Compound
8001,"Tin, Unwrought",2018,Nov,Bolivia,14860360,2.44,115.1503,12905185.65735391,Compound
8001,"Tin, Unwrought",2018,Dec,Bolivia,9507180,2.44,115.1503,8256322.389086263,Compound
8001,"Tin, Unwrought",2019,Jan,Bolivia,11692697,1.81,117.2345,9973767.960796524,Compound
8001,"Tin, Unwrought",2019,Feb,Bolivia,17775779,1.81,117.2345,15162583.539828295,Compound
8001,"Tin, Unwrought",2019,Mar,Bolivia,7569555,1.81,117.2345,6456764.0071821865,Compound
8001,"Tin, Unwrought",2019,Apr,Bolivia,12668300,1.81,117.2345,10805948.760816995,Compound
8001,"Tin, Unwrought",2019,May,Bolivia,12398969,1.81,117.2345,10576211.780661836,Compound
8001,"Tin, Unwrought",2019,Jun,Bolivia,4178506,1.81,117.2345,3564228.9599051476,Compound
8001,"Tin, Unwrought",2019,Jul,Bolivia,13095589,1.81,117.2345,11170422.529204287,Compound
8001,"Tin, Unwrought",2019,Aug,Bolivia,6252016,1.81,117.2345,5332914.798971293,Compound
8001,"Tin, Unwrought",2019,Sep,Bolivia,13671262,1.81,117.2345,11661466.547816556,Compound
8001,"Tin, Unwrought",2019,Oct,Bolivia,3829655,1.81,117.2345,3266662.1173801227,Compound
8001,"Tin, Unwrought",2019,Nov,Bolivia,3165740,1.81,117.2345,2700348.4469162235,Compound
8001,"Tin, Unwrought",2019,Dec,Bolivia,8821698,1.81,117.2345,7524831.001113154,Compound
8001,"Tin, Unwrought",2020,Jan,Bolivia,15052996,1.23,118.6765,12684057.922166562,Compound
8001,"Tin, Unwrought",2020,Feb,Bolivia,1943740,1.23,118.6765,1637847.4255644546,Compound
8001,"Tin, Unwrought",2020,Mar,Bolivia,13271105,1.23,118.6765,11182588.80233239,Compound
8001,"Tin, Unwrought",2020,Apr,Bolivia,19616478,1.23,118.6765,16529370.178594751,Compound
8001,"Tin, Unwrought",2020,May,Bolivia,12775559,1.23,118.6765,10765028.459720332,Compound
8001,"Tin, Unwrought",2020,Jul,Bolivia,2999189,1.23,118.6765,2527197.0440651686,Compound
8001,"Tin, Unwrought",2020,Aug,Bolivia,3730525,1.23,118.6765,3143440.3609813233,Compound
8001,"Tin, Unwrought",2020,Sep,Bolivia,1593288,1.23,118.6765,1342547.1765682339,Compound
8001,"Tin, Unwrought",2020,Oct,Bolivia,3925045,1.23,118.6765,3307348.1270512696,Compound
8001,"Tin, Unwrought",2020,Nov,Bolivia,5515100,1.23,118.6765,4647171.091159581,Compound
8001,"Tin, Unwrought",2020,Dec,Bolivia,6379542,1.23,118.6765,5375573.091555615,Compound
8001,"Tin, Unwrought",2021,Jan,Bolivia,3964625,4.7,124.2543,3190734.646607803,Compound
8001,"Tin, Unwrought",2021,Feb,Bolivia,15159468,4.7,124.2543,12200356.848817304,Compound
8001,"Tin, Unwrought",2021,Mar,Bolivia,23918075,4.7,124.2543,19249293.58581554,Compound
8001,"Tin, Unwrought",2021,Apr,Bolivia,5239548,4.7,124.2543,4216794.1069242675,Compound
8001,"Tin, Unwrought",2021,May,Bolivia,12967189,4.7,124.2543,10436008.250821099,Compound
8001,"Tin, Unwrought",2021,Jun,Bolivia,14826153,4.7,124.2543,11932104.562980918,Compound
8001,"Tin, Unwrought",2021,Jul,Bolivia,12232527,4.7,124.2543,9844751.449245619,Compound
8001,"Tin, Unwrought",2021,Aug,Bolivia,10453441,4.7,124.2543,8412941.041074635,Compound
8001,"Tin, Unwrought",2021,Sep,Bolivia,38306693,4.7,124.2543,30829269.49006996,Compound
8001,"Tin, Unwrought",2021,Oct,Bolivia,12243428,4.7,124.2543,9853524.586271863,Compound
8001,"Tin, Unwrought",2021,Nov,Bolivia,34356108,4.7,124.2543,27649834.25120901,Compound
8001,"Tin, Unwrought",2021,Dec,Bolivia,8746303,4.7,124.2543,7039034.4639984295,Compound
8001,"Tin, Unwrought",2022,Jan,Bolivia,27251734,8.0,134.1947,20307608.27365015,Compound
8001,"Tin, Unwrought",2022,Feb,Bolivia,42874745,8.0,134.1947,31949655.984923396,Compound
8001,"Tin, Unwrought",2022,Mar,Bolivia,51116845,8.0,134.1947,38091552.79604932,Compound
8001,"Tin, Unwrought",2022,Apr,Bolivia,32747047,8.0,134.1947,24402638.107168164,Compound
8001,"Tin, Unwrought",2022,May,Bolivia,76402566,8.0,134.1947,56934115.877899796,Compound
8001,"Tin, Unwrought",2022,Jun,Bolivia,25177151,8.0,134.1947,18761658.24730783,Compound
8001,"Tin, Unwrought",2022,Jul,Bolivia,35523379,8.0,134.1947,26471521.602567013,Compound
8001,"Tin, Unwrought",2022,Aug,Bolivia,15806783,8.0,134.1947,11778992.016823316,Compound
8001,"Tin, Unwrought",2022,Sep,Bolivia,15115263,8.0,134.1947,11263681.054467872,Compound
8001,"Tin, Unwrought",2022,Oct,Bolivia,13511346,8.0,134.1947,10068464.700915907,Compound
8001,"Tin, Unwrought",2022,Nov,Bolivia,11334215,8.0,134.1947,8446097.349597264,Compound
8001,"Tin, Unwrought",2022,Dec,Bolivia,25653746,8.0,134.1947,19116810.127374627,Compound
8001,"Tin, Unwrought",2023,Jan,Bolivia,13969830,4.12,139.7235,9998196.437964981,Compound
8001,"Tin, Unwrought",2023,Feb,Bolivia,25584233,4.12,139.7235,18310615.608684294,Compound
8001,"Tin, Unwrought",2023,Mar,Bolivia,19634570,4.12,139.7235,14052446.438859604,Compound
8001,"Tin, Unwrought",2023,Apr,Bolivia,6435465,4.12,139.7235,4605857.28241849,Compound
8001,"Tin, Unwrought",2023,May,Bolivia,21889286,4.12,139.7235,15666144.921935108,Compound
8001,"Tin, Unwrought",2023,Jun,Bolivia,9855073,4.12,139.7235,7053268.061564446,Compound
8001,"Tin, Unwrought",2023,Jul,Bolivia,17896128,4.12,139.7235,12808244.855017232,Compound
8001,"Tin, Unwrought",2023,Aug,Bolivia,24805498,4.12,139.7235,17753275.57640626,Compound
8001,"Tin, Unwrought",2023,Sep,Bolivia,13024880,4.12,139.7235,9321896.459793808,Compound
8001,"Tin, Unwrought",2023,Oct,Bolivia,12150503,4.12,139.7235,8696105.522693032,Compound
8001,"Tin, Unwrought",2023,Nov,Bolivia,14786520,4.12,139.7235,10582700.834147442,Compound
8001,"Tin, Unwrought",2023,Dec,Bolivia,18700838,4.12,139.7235,13384175.17454115,Compound
8001,"Tin, Unwrought",2024,Jan,Bolivia,8869430,2.9,143.7755,6168943.943856916,Compound
8001,"Tin, Unwrought",2024,Feb,Bolivia,23479688,2.9,143.7755,16330799.058254013,Compound
8001,"Tin, Unwrought",2024,Mar,Bolivia,20316575,2.9,143.7755,14130762.890756771,Compound
8001,"Tin, Unwrought",2024,Apr,Bolivia,20818129,2.9,143.7755,14479608.139077937,Compound
8001,"Tin, Unwrought",2024,May,Bolivia,27655649,2.9,143.7755,19235300.172838908,Compound
8001,"Tin, Unwrought",2024,Jun,Bolivia,21783169,2.9,143.7755,15150821.245622516,Compound
8001,"Tin, Unwrought",2024,Jul,Bolivia,11675083,2.9,143.7755,8120356.388953612,Compound
8001,"Tin, Unwrought",2024,Aug,Bolivia,39677670,2.9,143.7755,27596961.930231504,Compound
8001,"Tin, Unwrought",2024,Sep,Bolivia,12105064,2.9,143.7755,8419420.554962425,Compound
8001,"Tin, Unwrought",2024,Oct,Bolivia,29014958,2.9,143.7755,20180738.72113121,Compound
8001,"Tin, Unwrought",2024,Nov,Bolivia,21416023,2.9,143.7755,14895460.631331487,Compound
8001,"Tin, Unwrought",2024,Dec,Bolivia,25047752,2.9,143.7755,17421432.719761018,Compound
8001,"Tin, Unwrought",2025,Jan,Bolivia,21509172,2.8,147.8012,14552772.23730254,Compound
8001,"Tin, Unwrought",2025,Feb,Bolivia,29423981,2.8,147.8012,19907809.2735377,Compound
8001,"Tin, Unwrought",2025,Mar,Bolivia,21399842,2.8,147.8012,14478801.254658286,Compound
8001,"Tin, Unwrought",2025,Apr,Bolivia,12106194,2.8,147.8012,8190863.132369697,Compound
8001,"Tin, Unwrought",2025,May,Bolivia,10464873,2.8,147.8012,7080370.795365667,Compound
8001,"Tin, Unwrought",2025,Jun,Bolivia,6758872,2.8,147.8012,4572947.9868904995,Compound
8001,"Tin, Unwrought",2025,Jul,Bolivia,18410259,2.8,147.8012,12456095.755650157,Compound
8001,"Tin, Unwrought",2025,Aug,Bolivia,33478464,2.8,147.8012,22651009.59938079,Compound
8001,"Tin, Unwrought",2025,Sep,Bolivia,28568369,2.8,147.8012,19328915.46212074,Compound
8001,"Tin, Unwrought",2025,Oct,Bolivia,13960637,2.8,147.8012,9445550.509738758,Compound
8001,"Tin, Unwrought",2025,Nov,Bolivia,33241716,2.8,147.8012,22490829.573778834,Compound
8001,"Tin, Unwrought",2025,Dec,Bolivia,13247663,2.8,147.8012,8963163.357266381,Compound
8001,"Tin, Unwrought",2010,Jan,Brazil,159880,1.64,100.0,159880.0,Compound
8001,"Tin, Unwrought",2010,Feb,Brazil,447000,1.64,100.0,447000.0,Compound
8001,"Tin, Unwrought",2010,Mar,Brazil,815173,1.64,100.0,815173.0,Compound
8001,"Tin, Unwrought",2010,May,Brazil,257411,1.64,100.0,257411.0,Compound
8001,"Tin, Unwrought",2010,Jul,Brazil,129272,1.64,100.0,129272.0,Compound
8001,"Tin, Unwrought",2010,Sep,Brazil,59952,1.64,100.0,59952.0,Compound
8001,"Tin, Unwrought",2010,Nov,Brazil,462384,1.64,100.0,462384.0,Compound
8001,"Tin, Unwrought",2010,Dec,Brazil,401310,1.64,100.0,401310.0,Compound
8001,"Tin, Unwrought",2011,Jan,Brazil,2958876,3.16,103.16,2868239.6277626986,Compound
8001,"Tin, Unwrought",2011,Mar,Brazil,4260970,3.16,103.16,4130447.8480031025,Compound
8001,"Tin, Unwrought",2011,May,Brazil,1701896,3.16,103.16,1649763.4742148118,Compound
8001,"Tin, Unwrought",2011,Jun,Brazil,128727,3.16,103.16,124783.83094222567,Compound
8001,"Tin, Unwrought",2011,Jul,Brazil,2138469,3.16,103.16,2072963.3578906553,Compound
8001,"Tin, Unwrought",2011,Sep,Brazil,1497428,3.16,103.16,1451558.7436991083,Compound
8001,"Tin, Unwrought",2011,Nov,Brazil,1670677,3.16,103.16,1619500.7754943778,Compound
8001,"Tin, Unwrought",2011,Dec,Brazil,3152230,3.16,103.16,3055670.802636681,Compound
8001,"Tin, Unwrought",2012,Jan,Brazil,5505703,2.07,105.2954,5228816.263578466,Compound
8001,"Tin, Unwrought",2012,Feb,Brazil,501024,2.07,105.2954,475827.05417330674,Compound
8001,"Tin, Unwrought",2012,Mar,Brazil,5530101,2.07,105.2954,5251987.266300332,Compound
8001,"Tin, Unwrought",2012,Apr,Brazil,3517378,2.07,105.2954,3340485.9091660227,Compound
8001,"Tin, Unwrought",2012,May,Brazil,4848622,2.07,105.2954,4604780.455746405,Compound
8001,"Tin, Unwrought",2012,Jun,Brazil,3440369,2.07,105.2954,3267349.7607682766,Compound
8001,"Tin, Unwrought",2012,Jul,Brazil,9660782,2.07,105.2954,9174932.618139064,Compound
8001,"Tin, Unwrought",2012,Aug,Brazil,6685675,2.07,105.2954,6349446.414563219,Compound
8001,"Tin, Unwrought",2012,Sep,Brazil,6177849,2.07,105.2954,5867159.4390638145,Compound
8001,"Tin, Unwrought",2012,Oct,Brazil,4715056,2.07,105.2954,4477931.609547995,Compound
8001,"Tin, Unwrought",2012,Nov,Brazil,4772979,2.07,105.2954,4532941.609984862,Compound
8001,"Tin, Unwrought",2012,Dec,Brazil,5358358,2.07,105.2954,5088881.375634643,Compound
8001,"Tin, Unwrought",2013,Jan,Brazil,8975693,1.46,106.8327,8401634.518270155,Compound
8001,"Tin, Unwrought",2013,Feb,Brazil,1893135,1.46,106.8327,1772055.746976347,Compound
8001,"Tin, Unwrought",2013,Mar,Brazil,9889408,1.46,106.8327,9256911.039410217,Compound
8001,"Tin, Unwrought",2013,Apr,Brazil,6600027,1.46,106.8327,6177909.011005057,Compound
8001,"Tin, Unwrought",2013,May,Brazil,6211162,1.46,106.8327,5813914.653472205,Compound
8001,"Tin, Unwrought",2013,Jun,Brazil,5468908,1.46,106.8327,5119132.999540403,Compound
8001,"Tin, Unwrought",2013,Jul,Brazil,5831827,1.46,106.8327,5458840.785639603,Compound
8001,"Tin, Unwrought",2013,Aug,Brazil,6120393,1.46,106.8327,5728950.9672600245,Compound
8001,"Tin, Unwrought",2013,Sep,Brazil,3296862,1.46,106.8327,3086004.566017708,Compound
8001,"Tin, Unwrought",2013,Oct,Brazil,6081701,1.46,106.8327,5692733.591868407,Compound
8001,"Tin, Unwrought",2013,Nov,Brazil,5440841,1.46,106.8327,5092861.080923725,Compound
8001,"Tin, Unwrought",2013,Dec,Brazil,7864126,1.46,106.8327,7361160.019357368,Compound
8001,"Tin, Unwrought",2014,Jan,Brazil,5999113,1.62,108.5634,5525907.442102956,Compound
8001,"Tin, Unwrought",2014,Feb,Brazil,1700573,1.62,108.5634,1566433.0704454724,Compound
8001,"Tin, Unwrought",2014,Mar,Brazil,2410093,1.62,108.5634,2219986.662171597,Compound
8001,"Tin, Unwrought",2014,Apr,Brazil,3756178,1.62,108.5634,3459893.481596929,Compound
8001,"Tin, Unwrought",2014,May,Brazil,8696107,1.62,108.5634,8010164.5674324855,Compound
8001,"Tin, Unwrought",2014,Jun,Brazil,2776049,1.62,108.5634,2557076.325907258,Compound
8001,"Tin, Unwrought",2014,Jul,Brazil,10648497,1.62,108.5634,9808551.500782032,Compound
8001,"Tin, Unwrought",2014,Aug,Brazil,6276895,1.62,108.5634,5781778.205177804,Compound
8001,"Tin, Unwrought",2014,Sep,Brazil,1892241,1.62,108.5634,1742982.441596339,Compound
8001,"Tin, Unwrought",2014,Oct,Brazil,4841577,1.62,108.5634,4459677.01822161,Compound
8001,"Tin, Unwrought",2014,Nov,Brazil,11028277,1.62,108.5634,10158374.737710869,Compound
8001,"Tin, Unwrought",2014,Dec,Brazil,9068488,1.62,108.5634,8353172.431961416,Compound
8001,"Tin, Unwrought",2015,Jan,Brazil,4270280,0.12,108.6937,3928728.1599577526,Compound
8001,"Tin, Unwrought",2015,Feb,Brazil,1289001,0.12,108.6937,1185902.2188038495,Compound
8001,"Tin, Unwrought",2015,Mar,Brazil,4562690,0.12,108.6937,4197750.191593441,Compound
8001,"Tin, Unwrought",2015,Apr,Brazil,5162054,0.12,108.6937,4749174.975182554,Compound
8001,"Tin, Unwrought",2015,May,Brazil,5584739,0.12,108.6937,5138052.159416783,Compound
8001,"Tin, Unwrought",2015,Jun,Brazil,4321328,0.12,108.6937,3975693.1634492152,Compound
8001,"Tin, Unwrought",2015,Jul,Brazil,1905292,0.12,108.6937,1752900.1220861927,Compound
8001,"Tin, Unwrought",2015,Aug,Brazil,5413608,0.12,108.6937,4980608.811734259,Compound
8001,"Tin, Unwrought",2015,Sep,Brazil,4764352,0.12,108.6937,4383282.5637548445,Compound
8001,"Tin, Unwrought",2015,Oct,Brazil,4781765,0.12,108.6937,4399302.811478494,Compound
8001,"Tin, Unwrought",2015,Nov,Brazil,2531791,0.12,108.6937,2329289.5540403905,Compound
8001,"Tin, Unwrought",2015,Dec,Brazil,4992321,0.12,108.6937,4593017.810599878,Compound
8001,"Tin, Unwrought",2016,Jan,Brazil,5092150,1.26,110.0632,4626569.0984816,Compound
8001,"Tin, Unwrought",2016,Feb,Brazil,3347625,1.26,110.0632,3041547.946997725,Compound
8001,"Tin, Unwrought",2016,Mar,Brazil,1854470,1.26,110.0632,1684913.7586404905,Compound
8001,"Tin, Unwrought",2016,Apr,Brazil,2398051,1.26,110.0632,2178794.54713292,Compound
8001,"Tin, Unwrought",2016,May,Brazil,685751,1.26,110.0632,623052.0282892011,Compound
8001,"Tin, Unwrought",2016,Jun,Brazil,2841578,1.26,110.0632,2581769.3834088054,Compound
8001,"Tin, Unwrought",2016,Jul,Brazil,3216369,1.26,110.0632,2922292.828120571,Compound
8001,"Tin, Unwrought",2016,Aug,Brazil,3400382,1.26,110.0632,3089481.3161892444,Compound
8001,"Tin, Unwrought",2016,Sep,Brazil,3413174,1.26,110.0632,3101103.7294936003,Compound
8001,"Tin, Unwrought",2016,Oct,Brazil,4149698,1.26,110.0632,3770286.5262867156,Compound
8001,"Tin, Unwrought",2016,Nov,Brazil,4251586,1.26,110.0632,3862858.7938566203,Compound
8001,"Tin, Unwrought",2016,Dec,Brazil,3398602,1.26,110.0632,3087864.0635562115,Compound
8001,"Tin, Unwrought",2017,Jan,Brazil,1623628,2.13,112.4076,1444411.2319807557,Compound
8001,"Tin, Unwrought",2017,Feb,Brazil,531581,2.13,112.4076,472904.8569669666,Compound
8001,"Tin, Unwrought",2017,Mar,Brazil,3781013,2.13,112.4076,3363663.1330977622,Compound
8001,"Tin, Unwrought",2017,Apr,Brazil,2496455,2.13,112.4076,2220895.2063739463,Compound
8001,"Tin, Unwrought",2017,May,Brazil,3044525,2.13,112.4076,2708469.0003167046,Compound
8001,"Tin, Unwrought",2017,Jun,Brazil,2516929,2.13,112.4076,2239109.2773086517,Compound
8001,"Tin, Unwrought",2017,Jul,Brazil,5412520,2.13,112.4076,4815083.6776161045,Compound
8001,"Tin, Unwrought",2017,Aug,Brazil,3978898,2.13,112.4076,3539705.5003398345,Compound
8001,"Tin, Unwrought",2017,Sep,Brazil,2277622,2.13,112.4076,2026217.0885242634,Compound
8001,"Tin, Unwrought",2017,Oct,Brazil,1901933,2.13,112.4076,1691996.8044865294,Compound
8001,"Tin, Unwrought",2017,Nov,Brazil,4091899,2.13,112.4076,3640233.400588572,Compound
8001,"Tin, Unwrought",2017,Dec,Brazil,4484319,2.13,112.4076,3989337.9095363654,Compound
8001,"Tin, Unwrought",2018,Jan,Brazil,2959958,2.44,115.1503,2570516.967823792,Compound
8001,"Tin, Unwrought",2018,Feb,Brazil,1535703,2.44,115.1503,1333650.8893159635,Compound
8001,"Tin, Unwrought",2018,Mar,Brazil,3285005,2.44,115.1503,2852797.60452209,Compound
8001,"Tin, Unwrought",2018,Apr,Brazil,5023661,2.44,115.1503,4362699.011639571,Compound
8001,"Tin, Unwrought",2018,May,Brazil,6830177,2.44,115.1503,5931532.093272879,Compound
8001,"Tin, Unwrought",2018,Jun,Brazil,2999985,2.44,115.1503,2605277.6241138754,Compound
8001,"Tin, Unwrought",2018,Jul,Brazil,3386056,2.44,115.1503,2940553.346365576,Compound
8001,"Tin, Unwrought",2018,Aug,Brazil,5960981,2.44,115.1503,5176696.022502763,Compound
8001,"Tin, Unwrought",2018,Sep,Brazil,6498605,2.44,115.1503,5643584.949409598,Compound
8001,"Tin, Unwrought",2018,Oct,Brazil,6789361,2.44,115.1503,5896086.245541696,Compound
8001,"Tin, Unwrought",2018,Nov,Brazil,3603124,2.44,115.1503,3129061.7566780113,Compound
8001,"Tin, Unwrought",2018,Dec,Brazil,8051524,2.44,115.1503,6992186.733338948,Compound
8001,"Tin, Unwrought",2019,Jan,Brazil,4989590,1.81,117.2345,4256076.496253236,Compound
8001,"Tin, Unwrought",2019,Feb,Brazil,3228146,1.81,117.2345,2753580.2174274637,Compound
8001,"Tin, Unwrought",2019,Mar,Brazil,4890314,1.81,117.2345,4171394.9392030505,Compound
8001,"Tin, Unwrought",2019,Apr,Brazil,4934333,1.81,117.2345,4208942.760023713,Compound
8001,"Tin, Unwrought",2019,May,Brazil,6000560,1.81,117.2345,5118425.0369984945,Compound
8001,"Tin, Unwrought",2019,Jun,Brazil,5054882,1.81,117.2345,4311769.999445556,Compound
8001,"Tin, Unwrought",2019,Jul,Brazil,6251772,1.81,117.2345,5332706.669111908,Compound
8001,"Tin, Unwrought",2019,Aug,Brazil,3333130,1.81,117.2345,2843130.6484012813,Compound
8001,"Tin, Unwrought",2019,Sep,Brazil,5379834,1.81,117.2345,4588951.204636861,Compound
8001,"Tin, Unwrought",2019,Oct,Brazil,5926099,1.81,117.2345,5054910.457245948,Compound
8001,"Tin, Unwrought",2019,Nov,Brazil,850221,1.81,117.2345,725231.0539986097,Compound
8001,"Tin, Unwrought",2019,Dec,Brazil,7619563,1.81,117.2345,6499420.392461264,Compound
8001,"Tin, Unwrought",2020,Jan,Brazil,6476053,1.23,118.6765,5456895.847113792,Compound
8001,"Tin, Unwrought",2020,Feb,Brazil,5040138,1.23,118.6765,4246955.378697552,Compound
8001,"Tin, Unwrought",2020,Mar,Brazil,2511848,1.23,118.6765,2116550.4543865044,Compound
8001,"Tin, Unwrought",2020,Apr,Brazil,7465958,1.23,118.6765,6291016.33432061,Compound
8001,"Tin, Unwrought",2020,May,Brazil,2316187,1.23,118.6765,1951681.2511322799,Compound
8001,"Tin, Unwrought",2020,Jun,Brazil,2353246,1.23,118.6765,1982908.1578914104,Compound
8001,"Tin, Unwrought",2020,Jul,Brazil,1550464,1.23,118.6765,1306462.5262794234,Compound
8001,"Tin, Unwrought",2020,Aug,Brazil,2603791,1.23,118.6765,2194024.0907003493,Compound
8001,"Tin, Unwrought",2020,Sep,Brazil,8326009,1.23,118.6765,7015718.3604167625,Compound
8001,"Tin, Unwrought",2020,Oct,Brazil,4970570,1.23,118.6765,4188335.5171411354,Compound
8001,"Tin, Unwrought",2020,Nov,Brazil,4894224,1.23,118.6765,4124004.331101776,Compound
8001,"Tin, Unwrought",2020,Dec,Brazil,4449722,1.23,118.6765,3749455.0311139943,Compound
8001,"Tin, Unwrought",2021,Jan,Brazil,7790525,4.7,124.2543,6269823.257625692,Compound
8001,"Tin, Unwrought",2021,Feb,Brazil,5511831,4.7,124.2543,4435927.770708942,Compound
8001,"Tin, Unwrought",2021,Mar,Brazil,5555208,4.7,124.2543,4470837.62895932,Compound
8001,"Tin, Unwrought",2021,Apr,Brazil,7565397,4.7,124.2543,6088639.990728691,Compound
8001,"Tin, Unwrought",2021,May,Brazil,10415437,4.7,124.2543,8382355.379250457,Compound
8001,"Tin, Unwrought",2021,Jun,Brazil,7000606,4.7,124.2543,5634095.560475573,Compound
8001,"Tin, Unwrought",2021,Jul,Brazil,10343361,4.7,124.2543,8324348.533612115,Compound
8001,"Tin, Unwrought",2021,Aug,Brazil,8048606,4.7,124.2543,6477527.135881817,Compound
8001,"Tin, Unwrought",2021,Sep,Brazil,8574391,4.7,124.2543,6900679.493586942,Compound
8001,"Tin, Unwrought",2021,Oct,Brazil,9022130,4.7,124.2543,7261020.34295795,Compound
8001,"Tin, Unwrought",2021,Nov,Brazil,10999599,4.7,124.2543,8852489.612029523,Compound
8001,"Tin, Unwrought",2021,Dec,Brazil,14271294,4.7,124.2543,11485553.417467242,Compound
8001,"Tin, Unwrought",2022,Jan,Brazil,26203931,8.0,134.1947,19526800.238757566,Compound
8001,"Tin, Unwrought",2022,Feb,Brazil,11932347,8.0,134.1947,8891816.889936786,Compound
8001,"Tin, Unwrought",2022,Mar,Brazil,12687114,8.0,134.1947,9454258.625713235,Compound
8001,"Tin, Unwrought",2022,Apr,Brazil,23898265,8.0,134.1947,17808650.416149072,Compound
8001,"Tin, Unwrought",2022,May,Brazil,7599614,8.0,134.1947,5663125.294814176,Compound
8001,"Tin, Unwrought",2022,Jun,Brazil,12115536,8.0,134.1947,9028326.752099747,Compound
8001,"Tin, Unwrought",2022,Jul,Brazil,10537611,8.0,134.1947,7852479.270790872,Compound
8001,"Tin, Unwrought",2022,Aug,Brazil,7779187,8.0,134.1947,5796940.564716788,Compound
8001,"Tin, Unwrought",2022,Sep,Brazil,8088680,8.0,134.1947,6027570.388398349,Compound
8001,"Tin, Unwrought",2022,Oct,Brazil,12650419,8.0,134.1947,9426914.028646436,Compound
8001,"Tin, Unwrought",2022,Nov,Brazil,6322166,8.0,134.1947,4711189.040997893,Compound
8001,"Tin, Unwrought",2022,Dec,Brazil,8077618,8.0,134.1947,6019327.14183198,Compound
8001,"Tin, Unwrought",2023,Jan,Brazil,15888806,4.12,139.7235,11371606.064835193,Compound
8001,"Tin, Unwrought",2023,Feb,Brazil,4584875,4.12,139.7235,3281391.4624240017,Compound
8001,"Tin, Unwrought",2023,Mar,Brazil,5499947,4.12,139.7235,3936307.7792926743,Compound
8001,"Tin, Unwrought",2023,Apr,Brazil,5041198,4.12,139.7235,3607981.47770418,Compound
8001,"Tin, Unwrought",2023,May,Brazil,8077019,4.12,139.7235,5780716.2002097,Compound
8001,"Tin, Unwrought",2023,Jun,Brazil,3343544,4.12,139.7235,2392971.8336571874,Compound
8001,"Tin, Unwrought",2023,Jul,Brazil,6237349,4.12,139.7235,4464065.8157002935,Compound
8001,"Tin, Unwrought",2023,Aug,Brazil,4993276,4.12,139.7235,3573683.739671566,Compound
8001,"Tin, Unwrought",2023,Sep,Brazil,5163984,4.12,139.7235,3695859.3221612684,Compound
8001,"Tin, Unwrought",2023,Oct,Brazil,3902809,4.12,139.7235,2793237.3580678985,Compound
8001,"Tin, Unwrought",2023,Nov,Brazil,4378324,4.12,139.7235,3133563.072783032,Compound
8001,"Tin, Unwrought",2023,Dec,Brazil,8823120,4.12,139.7235,6314700.104134236,Compound
8001,"Tin, Unwrought",2024,Jan,Brazil,4313936,2.9,143.7755,3000466.6998202056,Compound
8001,"Tin, Unwrought",2024,Feb,Brazil,1879947,2.9,143.7755,1307557.2681020063,Compound
8001,"Tin, Unwrought",2024,Mar,Brazil,3284582,2.9,143.7755,2284521.3544727718,Compound
8001,"Tin, Unwrought",2024,Apr,Brazil,7525519,2.9,143.7755,5234215.147921586,Compound
8001,"Tin, Unwrought",2024,May,Brazil,13271597,2.9,143.7755,9230777.844625823,Compound
8001,"Tin, Unwrought",2024,Jun,Brazil,4839990,2.9,143.7755,3366352.403573627,Compound
8001,"Tin, Unwrought",2024,Jul,Brazil,5927546,2.9,143.7755,4122778.9157401645,Compound
8001,"Tin, Unwrought",2024,Aug,Brazil,7533079,2.9,143.7755,5239473.345597825,Compound
8001,"Tin, Unwrought",2024,Sep,Brazil,4087589,2.9,143.7755,2843035.8440763555,Compound
8001,"Tin, Unwrought",2024,Oct,Brazil,8646772,2.9,143.7755,6014078.893831008,Compound
8001,"Tin, Unwrought",2024,Nov,Brazil,4654000,2.9,143.7755,3236991.0033350606,Compound
8001,"Tin, Unwrought",2024,Dec,Brazil,5696814,2.9,143.7755,3962298.166238337,Compound
8001,"Tin, Unwrought",2025,Jan,Brazil,4813647,2.8,147.8012,3256838.9160575154,Compound
8001,"Tin, Unwrought",2025,Feb,Brazil,5973491,2.8,147.8012,4041571.381017204,Compound
8001,"Tin, Unwrought",2025,Mar,Brazil,2845603,2.8,147.8012,1925290.8636736374,Compound
8001,"Tin, Unwrought",2025,Apr,Brazil,1775415,2.8,147.8012,1201218.2580385003,Compound
8001,"Tin, Unwrought",2025,May,Brazil,7498528,2.8,147.8012,5073387.766811095,Compound
8001,"Tin, Unwrought",2025,Jun,Brazil,4253245,2.8,147.8012,2877679.6128854165,Compound
8001,"Tin, Unwrought",2025,Jul,Brazil,2503038,2.8,147.8012,1693516.696752124,Compound
8001,"Tin, Unwrought",2025,Aug,Brazil,9968972,2.8,147.8012,6744851.868591053,Compound
8001,"Tin, Unwrought",2025,Nov,Brazil,3552839,2.8,147.8012,2403795.774323889,Compound
8001,"Tin, Unwrought",2010,Jan,Chile,318925,1.64,100.0,318925.0,Compound
8001,"Tin, Unwrought",2010,Feb,Chile,2253211,1.64,100.0,2253211.0,Compound
8001,"Tin, Unwrought",2010,Apr,Chile,1022243,1.64,100.0,1022243.0,Compound
8001,"Tin, Unwrought",2010,May,Chile,1110559,1.64,100.0,1110559.0,Compound
8001,"Tin, Unwrought",2010,Jun,Chile,2234266,1.64,100.0,2234266.0,Compound
8001,"Tin, Unwrought",2010,Aug,Chile,1061217,1.64,100.0,1061217.0,Compound
8001,"Tin, Unwrought",2010,Sep,Chile,1392907,1.64,100.0,1392907.0,Compound
8001,"Tin, Unwrought",2010,Oct,Chile,1423985,1.64,100.0,1423985.0,Compound
8001,"Tin, Unwrought",2010,Nov,Chile,2306409,1.64,100.0,2306409.0,Compound
8001,"Tin, Unwrought",2011,Jan,Chile,231180,3.16,103.16,224098.48778596357,Compound
8001,"Tin, Unwrought",2014,Apr,Chile,1186949,1.62,108.5634,1093323.3483844465,Compound
8001,"Tin, Unwrought",2014,Sep,Chile,2333946,1.62,108.5634,2149846.0807233374,Compound
8001,"Tin, Unwrought",2019,Jul,Chile,1183652,1.81,117.2345,1009644.771803522,Compound
8001,"Tin, Unwrought",2020,May,Chile,777613,1.23,118.6765,655237.5575619435,Compound
8001,"Tin, Unwrought",2021,Mar,Chile,3561031,4.7,124.2543,2865921.742748541,Compound
8001,"Tin, Unwrought",2021,Aug,Chile,1986882,4.7,124.2543,1599044.8620289196,Compound
8001,"Tin, Unwrought",2021,Nov,Chile,4051966,4.7,124.2543,3261026.781366923,Compound
8001,"Tin, Unwrought",2022,Jun,Chile,1718328,8.0,134.1947,1280473.819010736,Compound
8001,"Tin, Unwrought",2023,Dec,Chile,1221200,4.12,139.7235,874011.8877640483,Compound
8001,"Tin, Unwrought",2024,Mar,Chile,1131331,2.9,143.7755,786873.2850868194,Compound
8001,"Tin, Unwrought",2024,May,Chile,701325,2.9,143.7755,487791.7308581782,Compound
8001,"Tin, Unwrought",2024,Jun,Chile,1384875,2.9,143.7755,963220.437418058,Compound
8001,"Tin, Unwrought",2024,Sep,Chile,652040,2.9,143.7755,453512.594287622,Compound
8001,"Tin, Unwrought",2025,May,Chile,980831,2.8,147.8012,663615.0450740589,Compound
8001,"Tin, Unwrought",2020,Nov,Colombia,2105,1.23,118.6765,1773.72942410671,Compound
8001,"Tin, Unwrought",2010,Jan,Peru,11309129,1.64,100.0,11309129.0,Compound
8001,"Tin, Unwrought",2010,Feb,Peru,28990343,1.64,100.0,28990343.0,Compound
8001,"Tin, Unwrought",2010,Mar,Peru,35477742,1.64,100.0,35477742.0,Compound
8001,"Tin, Unwrought",2010,Apr,Peru,26520725,1.64,100.0,26520725.0,Compound
8001,"Tin, Unwrought",2010,May,Peru,19553776,1.64,100.0,19553776.0,Compound
8001,"Tin, Unwrought",2010,Jun,Peru,23884130,1.64,100.0,23884130.0,Compound
8001,"Tin, Unwrought",2010,Jul,Peru,39754424,1.64,100.0,39754424.0,Compound
8001,"Tin, Unwrought",2010,Aug,Peru,18369664,1.64,100.0,18369664.0,Compound
8001,"Tin, Unwrought",2010,Sep,Peru,31043379,1.64,100.0,31043378.999999996,Compound
8001,"Tin, Unwrought",2010,Oct,Peru,23641216,1.64,100.0,23641216.0,Compound
8001,"Tin, Unwrought",2010,Nov,Peru,31227175,1.64,100.0,31227175.0,Compound
8001,"Tin, Unwrought",2010,Dec,Peru,32376841,1.64,100.0,32376840.999999996,Compound
8001,"Tin, Unwrought",2011,Jan,Peru,40956383,3.16,103.16,39701805.93253199,Compound
8001,"Tin, Unwrought",2011,Feb,Peru,37493093,3.16,103.16,36344603.52849942,Compound
8001,"Tin, Unwrought",2011,Mar,Peru,39375618,3.16,103.16,38169462.97014347,Compound
8001,"Tin, Unwrought",2011,Apr,Peru,39607454,3.16,103.16,38394197.36331912,Compound
8001,"Tin, Unwrought",2011,May,Peru,43142699,3.16,103.16,41821150.63978286,Compound
8001,"Tin, Unwrought",2011,Jun,Peru,27474134,3.16,103.16,26632545.560294688,Compound
8001,"Tin, Unwrought",2011,Jul,Peru,23597384,3.16,103.16,22874548.27452501,Compound
8001,"Tin, Unwrought",2011,Aug,Peru,16808664,3.16,103.16,16293780.535091123,Compound
8001,"Tin, Unwrought",2011,Sep,Peru,3702960,3.16,103.16,3589530.8259015125,Compound
8001,"Tin, Unwrought",2011,Oct,Peru,16591575,3.16,103.16,16083341.411399769,Compound
8001,"Tin, Unwrought",2011,Nov,Peru,36262990,3.16,103.16,35152181.077937186,Compound
8001,"Tin, Unwrought",2011,Dec,Peru,43347476,3.16,103.16,42019654.90500194,Compound
8001,"Tin, Unwrought",2012,Jan,Peru,39125471,2.07,105.2954,37157816.01095584,Compound
8001,"Tin, Unwrought",2012,Feb,Peru,34026729,2.07,105.2954,32315494.314091593,Compound
8001,"Tin, Unwrought",2012,Mar,Peru,37793293,2.07,105.2954,35892634.43607223,Compound
8001,"Tin, Unwrought",2012,Apr,Peru,14660164,2.07,105.2954,13922891.218419798,Compound
8001,"Tin, Unwrought",2012,May,Peru,28182216,2.07,105.2954,26764907.10895253,Compound
8001,"Tin, Unwrought",2012,Jun,Peru,34100914,2.07,105.2954,32385948.48397936,Compound
8001,"Tin, Unwrought",2012,Jul,Peru,20763848,2.07,105.2954,19719615.481777932,Compound
8001,"Tin, Unwrought",2012,Aug,Peru,14918157,2.07,105.2954,14167909.519314233,Compound
8001,"Tin, Unwrought",2012,Sep,Peru,9277574,2.07,105.2954,8810996.491774568,Compound
8001,"Tin, Unwrought",2012,Oct,Peru,17413230,2.07,105.2954,16537503.06281186,Compound
8001,"Tin, Unwrought",2012,Nov,Peru,25017618,2.07,105.2954,23759459.5775314,Compound
8001,"Tin, Unwrought",2012,Dec,Peru,28735763,2.07,105.2954,27290615.734400555,Compound
8001,"Tin, Unwrought",2013,Jan,Peru,17693876,1.46,106.8327,16562228.606035417,Compound
8001,"Tin, Unwrought",2013,Feb,Peru,39359364,1.46,106.8327,36842056.78598406,Compound
8001,"Tin, Unwrought",2013,Mar,Peru,19542819,1.46,106.8327,18292918.741171945,Compound
8001,"Tin, Unwrought",2013,Apr,Peru,14751313,1.46,106.8327,13807863.135538086,Compound
8001,"Tin, Unwrought",2013,May,Peru,20577468,1.46,106.8327,19261394.685335107,Compound
8001,"Tin, Unwrought",2013,Jun,Peru,15805431,1.46,106.8327,14794562.900684902,Compound
8001,"Tin, Unwrought",2013,Jul,Peru,20197112,1.46,106.8327,18905365.11760912,Compound
8001,"Tin, Unwrought",2013,Aug,Peru,21858824,1.46,106.8327,20460798.9875759,Compound
8001,"Tin, Unwrought",2013,Sep,Peru,17615645,1.46,106.8327,16489001.026839161,Compound
8001,"Tin, Unwrought",2013,Oct,Peru,30735580,1.46,106.8327,28769824.2204868,Compound
8001,"Tin, Unwrought",2013,Nov,Peru,19534602,1.46,106.8327,18285227.275918327,Compound
8001,"Tin, Unwrought",2013,Dec,Peru,14663330,1.46,106.8327,13725507.26509767,Compound
8001,"Tin, Unwrought",2014,Jan,Peru,25564571,1.62,108.5634,23548056.71156209,Compound
8001,"Tin, Unwrought",2014,Feb,Peru,20732870,1.62,108.5634,19097476.681828313,Compound
8001,"Tin, Unwrought",2014,Mar,Peru,18027958,1.62,108.5634,16605926.122431684,Compound
8001,"Tin, Unwrought",2014,Apr,Peru,23145490,1.62,108.5634,21319791.01612514,Compound
8001,"Tin, Unwrought",2014,May,Peru,14176388,1.62,108.5634,13058165.09062907,Compound
8001,"Tin, Unwrought",2014,Jun,Peru,22281628,1.62,108.5634,20524069.806214616,Compound
8001,"Tin, Unwrought",2014,Jul,Peru,18293022,1.62,108.5634,16850082.071858473,Compound
8001,"Tin, Unwrought",2014,Aug,Peru,7353811,1.62,108.5634,6773747.8745138785,Compound
8001,"Tin, Unwrought",2014,Sep,Peru,20574938,1.62,108.5634,18952002.240165655,Compound
8001,"Tin, Unwrought",2014,Oct,Peru,18328828,1.62,108.5634,16883063.72129097,Compound
8001,"Tin, Unwrought",2014,Nov,Peru,9685341,1.62,108.5634,8921368.527514797,Compound
8001,"Tin, Unwrought",2014,Dec,Peru,12120555,1.62,108.5634,11164494.663947519,Compound
8001,"Tin, Unwrought",2015,Jan,Peru,7824032,0.12,108.6937,7198238.720367417,Compound
8001,"Tin, Unwrought",2015,Feb,Peru,10384586,0.12,108.6937,9553990.709673144,Compound
8001,"Tin, Unwrought",2015,Mar,Peru,12835044,0.12,108.6937,11808452.559807973,Compound
8001,"Tin, Unwrought",2015,Apr,Peru,11859212,0.12,108.6937,10910670.995651081,Compound
8001,"Tin, Unwrought",2015,May,Peru,8272999,0.12,108.6937,7611295.778872187,Compound
8001,"Tin, Unwrought",2015,Jun,Peru,10302478,0.12,108.6937,9478449.992961872,Compound
8001,"Tin, Unwrought",2015,Jul,Peru,7714082,0.12,108.6937,7097082.903608949,Compound
8001,"Tin, Unwrought",2015,Aug,Peru,9016431,0.12,108.6937,8295265.502968433,Compound
8001,"Tin, Unwrought",2015,Sep,Peru,12366305,0.12,108.6937,11377204.934600625,Compound
8001,"Tin, Unwrought",2015,Oct,Peru,8402430,0.12,108.6937,7730374.437524898,Compound
8001,"Tin, Unwrought",2015,Nov,Peru,9777704,0.12,108.6937,8995649.241860382,Compound
8001,"Tin, Unwrought",2015,Dec,Peru,12391627,0.12,108.6937,11400501.59300861,Compound
8001,"Tin, Unwrought",2016,Jan,Peru,8610740,1.26,110.0632,7823450.526606532,Compound
8001,"Tin, Unwrought",2016,Feb,Peru,7372556,1.26,110.0632,6698475.057966696,Compound
8001,"Tin, Unwrought",2016,Mar,Peru,7064308,1.26,110.0632,6418410.513232397,Compound
8001,"Tin, Unwrought",2016,Apr,Peru,9903983,1.26,110.0632,8998450.890034089,Compound
8001,"Tin, Unwrought",2016,May,Peru,8806886,1.26,110.0632,8001662.681077782,Compound
8001,"Tin, Unwrought",2016,Jun,Peru,10438101,1.26,110.0632,9483733.891073491,Compound
8001,"Tin, Unwrought",2016,Jul,Peru,10101446,1.26,110.0632,9177859.629740003,Compound
8001,"Tin, Unwrought",2016,Aug,Peru,11010131,1.26,110.0632,10003462.556058701,Compound
8001,"Tin, Unwrought",2016,Sep,Peru,13235399,1.26,110.0632,12025271.843813373,Compound
8001,"Tin, Unwrought",2016,Oct,Peru,10418894,1.26,110.0632,9466283.008307954,Compound
8001,"Tin, Unwrought",2016,Nov,Peru,14292194,1.26,110.0632,12985442.909164917,Compound
8001,"Tin, Unwrought",2016,Dec,Peru,9495237,1.26,110.0632,8627076.988493884,Compound
8001,"Tin, Unwrought",2017,Jan,Peru,14732159,2.13,112.4076,13106016.852953002,Compound
8001,"Tin, Unwrought",2017,Feb,Peru,15703853,2.13,112.4076,13970454.844690217,Compound
8001,"Tin, Unwrought",2017,Mar,Peru,11805814,2.13,112.4076,10502683.092602279,Compound
8001,"Tin, Unwrought",2017,Apr,Peru,14284701,2.13,112.4076,12707949.46249186,Compound
8001,"Tin, Unwrought",2017,May,Peru,11407837,2.13,112.4076,10148634.967742395,Compound
8001,"Tin, Unwrought",2017,Jun,Peru,14111112,2.13,112.4076,12553521.292154623,Compound
8001,"Tin, Unwrought",2017,Jul,Peru,12184842,2.13,112.4076,10839873.81636117,Compound
8001,"Tin, Unwrought",2017,Aug,Peru,13995937,2.13,112.4076,12451059.358975727,Compound
8001,"Tin, Unwrought",2017,Sep,Peru,12281277,2.13,112.4076,10925664.27892776,Compound
8001,"Tin, Unwrought",2017,Oct,Peru,15774120,2.13,112.4076,14032965.742529865,Compound
8001,"Tin, Unwrought",2017,Nov,Peru,11428082,2.13,112.4076,10166645.315797152,Compound
8001,"Tin, Unwrought",2017,Dec,Peru,10115552,2.13,112.4076,8998992.950654581,Compound
8001,"Tin, Unwrought",2018,Jan,Peru,13968103,2.44,115.1503,12130322.717352886,Compound
8001,"Tin, Unwrought",2018,Feb,Peru,11137027,2.44,115.1503,9671730.77273789,Compound
8001,"Tin, Unwrought",2018,Mar,Peru,11380904,2.44,115.1503,9883520.928734012,Compound
8001,"Tin, Unwrought",2018,Apr,Peru,10806466,2.44,115.1503,9384661.611823851,Compound
8001,"Tin, Unwrought",2018,May,Peru,12567063,2.44,115.1503,10913617.246329362,Compound
8001,"Tin, Unwrought",2018,Jun,Peru,11746602,2.44,115.1503,10201104.12217771,Compound
8001,"Tin, Unwrought",2018,Jul,Peru,15251691,2.44,115.1503,13245029.322546272,Compound
8001,"Tin, Unwrought",2018,Aug,Peru,10503455,2.44,115.1503,9121517.703384185,Compound
8001,"Tin, Unwrought",2018,Sep,Peru,9915907,2.44,115.1503,8611273.266331047,Compound
8001,"Tin, Unwrought",2018,Oct,Peru,10521337,2.44,115.1503,9137046.972522,Compound
8001,"Tin, Unwrought",2018,Nov,Peru,9426743,2.44,115.1503,8186468.467733041,Compound
8001,"Tin, Unwrought",2018,Dec,Peru,12524996,2.44,115.1503,10877084.992396893,Compound
8001,"Tin, Unwrought",2019,Jan,Peru,23692618,1.81,117.2345,20209595.29831236,Compound
8001,"Tin, Unwrought",2019,Feb,Peru,11437360,1.81,117.2345,9755967.739871796,Compound
8001,"Tin, Unwrought",2019,Mar,Peru,13573399,1.81,117.2345,11577990.2673701,Compound
8001,"Tin, Unwrought",2019,Apr,Peru,12055450,1.81,117.2345,10283193.087359097,Compound
8001,"Tin, Unwrought",2019,May,Peru,13651022,1.81,117.2345,11644202.005382376,Compound
8001,"Tin, Unwrought",2019,Jun,Peru,13857425,1.81,117.2345,11820261.953605808,Compound
8001,"Tin, Unwrought",2019,Jul,Peru,14321853,1.81,117.2345,12216414.963172104,Compound
8001,"Tin, Unwrought",2019,Aug,Peru,11278173,1.81,117.2345,9620182.6254217,Compound
8001,"Tin, Unwrought",2019,Sep,Peru,10736323,1.81,117.2345,9157989.32907975,Compound
8001,"Tin, Unwrought",2019,Oct,Peru,11561661,1.81,117.2345,9861995.402377287,Compound
8001,"Tin, Unwrought",2019,Nov,Peru,7148980,1.81,117.2345,6098017.221892873,Compound
8001,"Tin, Unwrought",2019,Dec,Peru,11358985,1.81,117.2345,9689114.55245683,Compound
8001,"Tin, Unwrought",2020,Jan,Peru,14837896,1.23,118.6765,12502808.896453805,Compound
8001,"Tin, Unwrought",2020,Feb,Peru,16587040,1.23,118.6765,13976684.516311148,Compound
8001,"Tin, Unwrought",2020,Mar,Peru,15303571,1.23,118.6765,12895199.133779645,Compound
8001,"Tin, Unwrought",2020,Apr,Peru,9725929,1.23,118.6765,8195328.476994182,Compound
8001,"Tin, Unwrought",2020,May,Peru,3864056,1.23,118.6765,3255957.160853244,Compound
8001,"Tin, Unwrought",2020,Jun,Peru,8647940,1.23,118.6765,7286986.050313247,Compound
8001,"Tin, Unwrought",2020,Jul,Peru,16769035,1.23,118.6765,14130038.38165096,Compound
8001,"Tin, Unwrought",2020,Aug,Peru,12621470,1.23,118.6765,10635188.937995307,Compound
8001,"Tin, Unwrought",2020,Sep,Peru,14505704,1.23,118.6765,12222895.012913255,Compound
8001,"Tin, Unwrought",2020,Oct,Peru,16804648,1.23,118.6765,14160046.850050345,Compound
8001,"Tin, Unwrought",2020,Nov,Peru,13161930,1.23,118.6765,11090595.020918211,Compound
8001,"Tin, Unwrought",2020,Dec,Peru,14607690,1.23,118.6765,12308831.15022772,Compound
8001,"Tin, Unwrought",2021,Jan,Peru,23015309,4.7,124.2543,18522746.496499516,Compound
8001,"Tin, Unwrought",2021,Feb,Peru,17949810,4.7,124.2543,14446027.219983533,Compound
8001,"Tin, Unwrought",2021,Mar,Peru,30242014,4.7,124.2543,24338806.785761137,Compound
8001,"Tin, Unwrought",2021,Apr,Peru,21162690,4.7,124.2543,17031756.647456065,Compound
8001,"Tin, Unwrought",2021,May,Peru,24235649,4.7,124.2543,19504877.49719728,Compound
8001,"Tin, Unwrought",2021,Jun,Peru,15447746,4.7,124.2543,12432363.306541504,Compound
8001,"Tin, Unwrought",2021,Jul,Peru,14466974,4.7,124.2543,11643036.900936225,Compound
8001,"Tin, Unwrought",2021,Aug,Peru,27405679,4.7,124.2543,22056121.1966105,Compound
8001,"Tin, Unwrought",2021,Sep,Peru,56139933,4.7,124.2543,45181481.04331198,Compound
8001,"Tin, Unwrought",2021,Oct,Peru,34523507,4.7,124.2543,27784557.154158853,Compound
8001,"Tin, Unwrought",2021,Nov,Peru,53313799,4.7,124.2543,42907005.230402485,Compound
8001,"Tin, Unwrought",2021,Dec,Peru,36406538,4.7,124.2543,29300022.61491152,Compound
8001,"Tin, Unwrought",2022,Jan,Peru,36002310,8.0,134.1947,26828414.236925896,Compound
8001,"Tin, Unwrought",2022,Feb,Peru,28190885,8.0,134.1947,21007450.368755247,Compound
8001,"Tin, Unwrought",2022,Mar,Peru,47505761,8.0,134.1947,35400623.86964612,Compound
8001,"Tin, Unwrought",2022,Apr,Peru,32812500,8.0,134.1947,24451412.760712605,Compound
8001,"Tin, Unwrought",2022,May,Peru,27158590,8.0,134.1947,20238198.676996928,Compound
8001,"Tin, Unwrought",2022,Jun,Peru,23349278,8.0,134.1947,17399553.03748956,Compound
8001,"Tin, Unwrought",2022,Jul,Peru,27231270,8.0,134.1947,20292358.789132506,Compound
8001,"Tin, Unwrought",2022,Aug,Peru,17598776,8.0,134.1947,13114359.956093645,Compound
8001,"Tin, Unwrought",2022,Sep,Peru,15209659,8.0,134.1947,11334023.623883804,Compound
8001,"Tin, Unwrought",2022,Oct,Peru,35570698,8.0,134.1947,26506783.054770418,Compound
8001,"Tin, Unwrought",2022,Nov,Peru,14164820,8.0,134.1947,10555424.320036482,Compound
8001,"Tin, Unwrought",2022,Dec,Peru,16002508,8.0,134.1947,11924843.529587978,Compound
8001,"Tin, Unwrought",2023,Jan,Peru,16863205,4.12,139.7235,12068982.669343382,Compound
8001,"Tin, Unwrought",2023,Feb,Peru,21212057,4.12,139.7235,15181452.654707333,Compound
8001,"Tin, Unwrought",2023,Mar,Peru,5433880,4.12,139.7235,3889023.6789087015,Compound
8001,"Tin, Unwrought",2023,Apr,Peru,5185615,4.12,139.7235,3711340.6119944034,Compound
8001,"Tin, Unwrought",2023,May,Peru,41551559,4.12,139.7235,29738418.37629318,Compound
8001,"Tin, Unwrought",2023,Jun,Peru,18114920,4.12,139.7235,12964834.118813226,Compound
8001,"Tin, Unwrought",2023,Jul,Peru,29644331,4.12,139.7235,21216424.58140542,Compound
8001,"Tin, Unwrought",2023,Aug,Peru,30719464,4.12,139.7235,21985896.431165837,Compound
8001,"Tin, Unwrought",2023,Sep,Peru,30638881,4.12,139.7235,21928223.240900777,Compound
8001,"Tin, Unwrought",2023,Oct,Peru,21219170,4.12,139.7235,15186543.42326094,Compound
8001,"Tin, Unwrought",2023,Nov,Peru,19142176,4.12,139.7235,13700040.437005943,Compound
8001,"Tin, Unwrought",2023,Dec,Peru,15795406,4.12,139.7235,11304759.757664245,Compound
8001,"Tin, Unwrought",2024,Jan,Peru,10781698,2.9,143.7755,7498981.398082427,Compound
8001,"Tin, Unwrought",2024,Feb,Peru,15748769,2.9,143.7755,10953722.296218758,Compound
8001,"Tin, Unwrought",2024,Mar,Peru,21644982,2.9,143.7755,15054708.208283054,Compound
8001,"Tin, Unwrought",2024,Apr,Peru,19476872,2.9,143.7755,13546725.276559638,Compound
8001,"Tin, Unwrought",2024,May,Peru,12844612,2.9,143.7755,8933797.482881298,Compound
8001,"Tin, Unwrought",2024,Jun,Peru,37464341,2.9,143.7755,26057527.882010497,Compound
8001,"Tin, Unwrought",2024,Jul,Peru,34972952,2.9,143.7755,24324695.0975653,Compound
8001,"Tin, Unwrought",2024,Aug,Peru,21125564,2.9,143.7755,14693438.033600995,Compound
8001,"Tin, Unwrought",2024,Sep,Peru,25337038,2.9,143.7755,17622639.462217137,Compound
8001,"Tin, Unwrought",2024,Oct,Peru,24865654,2.9,143.7755,17294778.317585405,Compound
8001,"Tin, Unwrought",2024,Nov,Peru,40764562,2.9,143.7755,28352926.611279394,Compound
8001,"Tin, Unwrought",2024,Dec,Peru,17144352,2.9,143.7755,11924390.4559539,Compound
8001,"Tin, Unwrought",2025,Jan,Peru,65552106,2.8,147.8012,44351538.4178207,Compound
8001,"Tin, Unwrought",2025,Feb,Peru,12708038,2.8,147.8012,8598061.450110013,Compound
8001,"Tin, Unwrought",2025,Mar,Peru,32404423,2.8,147.8012,21924330.11369326,Compound
8001,"Tin, Unwrought",2025,Apr,Peru,59753286,2.8,147.8012,40428146.72681954,Compound
8001,"Tin, Unwrought",2025,May,Peru,54635298,2.8,147.8012,36965395.40950953,Compound
8001,"Tin, Unwrought",2025,Jun,Peru,31281996,2.8,147.8012,21164913.41071656,Compound
8001,"Tin, Unwrought",2025,Jul,Peru,24005787,2.8,147.8012,16241943.23185468,Compound
8001,"Tin, Unwrought",2025,Aug,Peru,26844292,2.8,147.8012,18162431.69879541,Compound
8001,"Tin, Unwrought",2025,Sep,Peru,19170824,2.8,147.8012,12970682.240739588,Compound
8001,"Tin, Unwrought",2025,Oct,Peru,39134956,2.8,147.8012,26478104.37263026,Compound
8001,"Tin, Unwrought",2025,Nov,Peru,51637438,2.8,147.8012,34937089.82065098,Compound
8001,"Tin, Unwrought",2025,Dec,Peru,42807283,2.8,147.8012,28962743.874880586,Compound
8002,Tin Waste And Scrap,2010,Jan,Brazil,106368,1.64,100.0,106368.0,Compound
8002,Tin Waste And Scrap,2010,Apr,Brazil,189101,1.64,100.0,189101.0,Compound
8002,Tin Waste And Scrap,2011,Mar,Brazil,118594,3.16,103.16,114961.22528111671,Compound
8002,Tin Waste And Scrap,2018,Aug,Brazil,90193,2.44,115.1503,78326.326548867,Compound
8002,Tin Waste And Scrap,2024,Nov,Ecuador,37036,2.9,143.7755,25759.604383222457,Compound
8002,Tin Waste And Scrap,2018,Jan,Peru,385405,2.44,115.1503,334697.3477272747,Compound
